file_id,path,filename,extension,mime,size,modified,parent_folders,logical_project,drawing_number,revision,classification,validation_role,local_copy,sha256,hash_source,verified,duplicate_status
135cR2ebj1msAGeYUTHcCgSXnuteV41ky,Drawings/Style of drawings/4/Results,Results,,application/vnd.google-apps.folder,0,2026-09-10T22:02:14.458Z,Style of drawings/4,Style of drawings,,,FOLDER,,,,ej hämtad,,0_VERSIONS_BY_SIZE
1yKPLvS6GYMzW_Bf5HFpr5jfj0njKYSLt,Drawings/Style of drawings/1/level 1,level 1,,application/vnd.google-apps.folder,0,2026-09-10T22:02:14.457Z,Style of drawings/1,Style of drawings,,,FOLDER,,,,ej hämtad,,0_VERSIONS_BY_SIZE
1jyGjC4vUKTOjGx2NmlSuulHL0fY8wnXC,Drawings/Style of drawings/1/level 3,level 3,,application/vnd.google-apps.folder,0,2026-09-10T22:02:14.456Z,Style of drawings/1,Style of drawings,,,FOLDER,,,,ej hämtad,,0_VERSIONS_BY_SIZE
1_e7wEb5MfoJyCOocsD79HW6ixElkf8CJ,Drawings/Style of drawings/1/level 2,level 2,,application/vnd.google-apps.folder,0,2026-09-10T22:02:14.456Z,Style of drawings/1,Style of drawings,,,FOLDER,,,,ej hämtad,,0_VERSIONS_BY_SIZE
1g_NJmG-vLF0fJqTnzCHG8BfFp0fOylWy,Drawings/Style of drawings/1/level 0,level 0,,application/vnd.google-apps.folder,0,2026-09-10T22:02:14.454Z,Style of drawings/1,Style of drawings,,,FOLDER,,,,ej hämtad,,0_VERSIONS_BY_SIZE
1vsmrAGjzQtkbFNM7nXbmlAfEftPZlnCN,Drawings/Style of drawings/1/W-50-1-A-0213.pdf,W-50-1-A-0213.pdf,pdf,application/pdf,513872,2026-09-03T00:39:14Z,Style of drawings/1,Style of drawings,W-50-1-A0213,,STYLE_PDF,DEVELOPMENT,cvat/CVAT/W-50-1-A-0213.pdf,c5f7db233d2ab642ec2b04688499327695f31d57b314b76eaa67901e28035dc3,"lokal kopia, samma namn och storlek",NO_ANNOTATIONS NO_TEXT_LAYER_FOR_TITLE_BLOCK,2_VERSIONS_BY_SIZE_x3
1njo1_YnnMkWi7f6SCCZIEq-xAO1luAUB,Drawings/Style of drawings/1/W-50-1-A-0214.pdf,W-50-1-A-0214.pdf,pdf,application/pdf,515627,2026-09-03T00:39:14Z,Style of drawings/1,Style of drawings,W-50-1-A0214,,STYLE_PDF,DEVELOPMENT,cvat/CVAT/W-50-1-A-0214.pdf,d0a69e2560cc6b0afa1494b49c3e5e4074e4cdd0100f27e25e3967fcc512fa33,"lokal kopia, samma namn och storlek",NO_ANNOTATIONS NO_TEXT_LAYER_FOR_TITLE_BLOCK,2_VERSIONS_BY_SIZE_x3
1FW1GMPL1kJyrnVGjapvnC_Gatz4yICcc,Drawings/Style of drawings/1/W-50-1-A-0211.pdf,W-50-1-A-0211.pdf,pdf,application/pdf,434592,2026-09-03T00:39:14Z,Style of drawings/1,Style of drawings,W-50-1-A0211,,STYLE_PDF,DEVELOPMENT,cvat/CVAT/W-50-1-A-0211.pdf,c990d3489422a9ad103f9be15cd17dfd8c709c55c1cd4843cc0dc9eb1a18767e,"lokal kopia, samma namn och storlek",NO_ANNOTATIONS NO_TEXT_LAYER_FOR_TITLE_BLOCK,2_VERSIONS_BY_SIZE_x3
1CrbVYf3Pjw89PpN7sm-5KQp1l4oBRJHb,Drawings/Style of drawings/1/W-50-1-A-0011.pdf,W-50-1-A-0011.pdf,pdf,application/pdf,466665,2026-09-03T00:38:26Z,Style of drawings/1,Style of drawings,W-50-1-A0011,,STYLE_PDF,DEVELOPMENT,cvat/CVAT/W-50-1-A-0011.pdf,c2884f3007f3764a5f566c57264acf05c830dc892d6f5087029cff745492ab5f,"lokal kopia, samma namn och storlek",NO_ANNOTATIONS NO_TEXT_LAYER_FOR_TITLE_BLOCK,3_VERSIONS_BY_SIZE_x3
1kf20lw0c0iunPK7PMtQRPi_1yZ7xROFB,Drawings/Style of drawings/1/W-50-1-A-0013.pdf,W-50-1-A-0013.pdf,pdf,application/pdf,337276,2026-09-03T00:38:28Z,Style of drawings/1,Style of drawings,W-50-1-A0013,,STYLE_PDF,DEVELOPMENT,cvat/CVAT/W-50-1-A-0013.pdf,a5c6493c92fb2a2e9a2e23aef64ac39dc4f4434a5e862083fb1de9336d5174bd,"lokal kopia, samma namn och storlek",NO_ANNOTATIONS NO_TEXT_LAYER_FOR_TITLE_BLOCK,3_VERSIONS_BY_SIZE_x3
1JVLiURvo7dPqavy1uqAlQZuqSnJplbH2,Drawings/Style of drawings/1/W-50-1-A-0014.pdf,W-50-1-A-0014.pdf,pdf,application/pdf,312115,2026-09-03T00:38:28Z,Style of drawings/1,Style of drawings,W-50-1-A0014,,STYLE_PDF,DEVELOPMENT,cvat/CVAT/W-50-1-A-0014.pdf,d0242e5f34c3be1799be58a0800239838fb2474ea36b59560c63974c6600760e,"lokal kopia, samma namn och storlek",NO_ANNOTATIONS NO_TEXT_LAYER_FOR_TITLE_BLOCK,2_VERSIONS_BY_SIZE_x3
1GPSfkd3pOE-uJIgTCWHJGu6Gg-mkm1Vp,Drawings/Style of drawings/1/W-50-1-A-0012.pdf,W-50-1-A-0012.pdf,pdf,application/pdf,290148,2026-09-03T00:37:58Z,Style of drawings/1,Style of drawings,W-50-1-A0012,,STYLE_PDF,,,,ej hämtad,,4_VERSIONS_BY_SIZE
1loGNMmM5aGsco4K1QQrWdRK1mLEssdG3,Drawings/Style of drawings/1/W-50-1-A-0134.pdf,W-50-1-A-0134.pdf,pdf,application/pdf,587133,2026-09-03T00:39:14Z,Style of drawings/1,Style of drawings,W-50-1-A0134,,STYLE_PDF,DEVELOPMENT,cvat/CVAT/W-50-1-A-0134.pdf,9b68e885ca816fd19369d66eb7758cf03fd6457d15b07e8a6342588b4bb7d412,"lokal kopia, samma namn och storlek",NO_ANNOTATIONS NO_TEXT_LAYER_FOR_TITLE_BLOCK,2_VERSIONS_BY_SIZE_x3
1008BpM0fWTcuZbTrKY2JZbPRiuot-9cZ,Drawings/Style of drawings/1/W-50-1-A-0111.pdf,W-50-1-A-0111.pdf,pdf,application/pdf,798712,2026-09-03T00:38:26Z,Style of drawings/1,Style of drawings,W-50-1-A0111,,STYLE_PDF,DEVELOPMENT,cvat/CVAT/W-50-1-A-0111.pdf,9e825bc058e304541f4d4f9696d2c9ebc080ac742fd2529335d6a182b346febe,"lokal kopia, samma namn och storlek",NO_ANNOTATIONS NO_TEXT_LAYER_FOR_TITLE_BLOCK,2_VERSIONS_BY_SIZE_x3
160xSg9sSLMOIlsbEfzlSPzG-CjboVszE,Drawings/Style of drawings/1/W-50-1-A-0114.pdf,W-50-1-A-0114.pdf,pdf,application/pdf,618886,2026-09-03T00:38:26Z,Style of drawings/1,Style of drawings,W-50-1-A0114,,STYLE_PDF,DEVELOPMENT,cvat/CVAT/W-50-1-A-0114.pdf,61e5d07b2e3a7136d6ff6c74735d6afce8dc359470a2e8ceb5468325027c59f0,"lokal kopia, samma namn och storlek",NO_ANNOTATIONS NO_TEXT_LAYER_FOR_TITLE_BLOCK,2_VERSIONS_BY_SIZE_x3
1A67Vv95BH4wlF_RzKMvJ_ygS6wScCGSn,Drawings/Style of drawings/1/W-50-1-A-0311.pdf,W-50-1-A-0311.pdf,pdf,application/pdf,505859,2026-09-03T00:39:14Z,Style of drawings/1,Style of drawings,W-50-1-A0311,,STYLE_PDF,DEVELOPMENT,cvat/CVAT/W-50-1-A-0311.pdf,a3ac91856f61c90545af74a8f6e9563a01b5b1971816643c8adbabbc424f97cc,"lokal kopia, samma namn och storlek",NO_ANNOTATIONS NO_TEXT_LAYER_FOR_TITLE_BLOCK,2_VERSIONS_BY_SIZE_x3
12GUgdfyVTIIOs3sZ_9UFK662JzXKTTnv,Drawings/Style of drawings/1/W-50-1-A-0131.pdf,W-50-1-A-0131.pdf,pdf,application/pdf,608976,2026-09-03T00:38:30Z,Style of drawings/1,Style of drawings,W-50-1-A0131,,STYLE_PDF,DEVELOPMENT,styles/src/00 - skalstockar/W-50-1-A-0131.pdf,2a0ec2a4e5e53f6536f6d0e505ec36584879d038d8be01f86269afd1febd4c11,"lokal kopia, samma namn och storlek",NO_ANNOTATIONS NO_TEXT_LAYER_FOR_TITLE_BLOCK,2_VERSIONS_BY_SIZE_x5
1qulpylCJ9Vtb5bD9JPzgEHKf-EtczVxo,Drawings/Style of drawings/1/W-50-1-A-0122.pdf,W-50-1-A-0122.pdf,pdf,application/pdf,592450,2026-09-03T00:38:26Z,Style of drawings/1,Style of drawings,W-50-1-A0122,,STYLE_PDF,DEVELOPMENT,cvat/CVAT/W-50-1-A-0122.pdf,7e34264b8725fd9f56c3ca5cbb3fdb28a7a8266caacc0dcdf3dbc7ed6aee4a74,"lokal kopia, samma namn och storlek",NO_ANNOTATIONS NO_TEXT_LAYER_FOR_TITLE_BLOCK,2_VERSIONS_BY_SIZE_x3
1W7rbZQy26k79g1gV-KUaQUqC8LX0L1Pt,Drawings/Style of drawings/1/W-50-1-A-0124.pdf,W-50-1-A-0124.pdf,pdf,application/pdf,599067,2026-09-03T00:38:26Z,Style of drawings/1,Style of drawings,W-50-1-A0124,,STYLE_PDF,DEVELOPMENT,cvat/CVAT/W-50-1-A-0124.pdf,799af38a8835ae86c8c600268ebabee20d7f13ff92e40823f4e9f275f828dfa8,"lokal kopia, samma namn och storlek",NO_ANNOTATIONS NO_TEXT_LAYER_FOR_TITLE_BLOCK,2_VERSIONS_BY_SIZE_x3
1B7ShDhw5Mlt52BIg1nWlPIhWMeM61D-o,Drawings/Style of drawings/1/W-50-1-A-0333.pdf,W-50-1-A-0333.pdf,pdf,application/pdf,504403,2026-09-03T00:39:14Z,Style of drawings/1,Style of drawings,W-50-1-A0333,,STYLE_PDF,DEVELOPMENT,cvat/CVAT/W-50-1-A-0333.pdf,8a335485cb82d501dbc452bee7d0ab6d0e7342d510536eae869242506aec456b,"lokal kopia, samma namn och storlek",NO_ANNOTATIONS NO_TEXT_LAYER_FOR_TITLE_BLOCK,2_VERSIONS_BY_SIZE_x3
1SSN3IFzBrVMJCDiXdFKqee4_LEG3yKxp,Drawings/Style of drawings/1/W-50-1-A-0121.pdf,W-50-1-A-0121.pdf,pdf,application/pdf,537005,2026-09-03T00:38:26Z,Style of drawings/1,Style of drawings,W-50-1-A0121,,STYLE_PDF,DEVELOPMENT,cvat/CVAT/W-50-1-A-0121.pdf,f7c27df64d1eb788c6fcaf80cff86a7f851b8d9b9de4aec4b52443743d906e4e,"lokal kopia, samma namn och storlek",NO_ANNOTATIONS NO_TEXT_LAYER_FOR_TITLE_BLOCK,2_VERSIONS_BY_SIZE_x3
105t3Dp-uGXqeyJ0wZ3mrjrEDiDb2GXRi,Drawings/Style of drawings/1/W-50-1-A-0123.pdf,W-50-1-A-0123.pdf,pdf,application/pdf,543289,2026-09-03T00:38:26Z,Style of drawings/1,Style of drawings,W-50-1-A0123,,STYLE_PDF,DEVELOPMENT,cvat/CVAT/W-50-1-A-0123.pdf,ae64e35d1490cdc10b2b4848a357693e91b0c169d72941c06a35a1678ceabfb7,"lokal kopia, samma namn och storlek",NO_ANNOTATIONS NO_TEXT_LAYER_FOR_TITLE_BLOCK,2_VERSIONS_BY_SIZE_x3
1Aqp7NfXJQQ9UotDD-WOOZQxdfZ_PDzuC,Drawings/Style of drawings/1/W-50-1-A-0332.pdf,W-50-1-A-0332.pdf,pdf,application/pdf,497120,2026-09-03T00:39:14Z,Style of drawings/1,Style of drawings,W-50-1-A0332,,STYLE_PDF,DEVELOPMENT,cvat/CVAT/W-50-1-A-0332.pdf,4df96cbd2b9ce5a1e02a4b2a72ec3c997b4a92fb0d6ce7e608cedea5e622a200,"lokal kopia, samma namn och storlek",NO_ANNOTATIONS NO_TEXT_LAYER_FOR_TITLE_BLOCK,2_VERSIONS_BY_SIZE_x3
1ioWRbqLpxO-sMIj72o5W_nSx8KOUTPoX,Drawings/Style of drawings/1/W-50-1-A-0334.pdf,W-50-1-A-0334.pdf,pdf,application/pdf,457877,2026-09-03T00:39:14Z,Style of drawings/1,Style of drawings,W-50-1-A0334,,STYLE_PDF,DEVELOPMENT,cvat/CVAT/W-50-1-A-0334.pdf,017e9af5dcacad64a41a50d8c15c7983b3d6d436446b25100ce1c563f0904998,"lokal kopia, samma namn och storlek",NO_ANNOTATIONS NO_TEXT_LAYER_FOR_TITLE_BLOCK,2_VERSIONS_BY_SIZE_x3
10baYplMsTGjLqWKm1jc0odBihU8ZUXwX,Drawings/Style of drawings/1/W-50-1-A-0313.pdf,W-50-1-A-0313.pdf,pdf,application/pdf,433325,2026-09-03T00:39:14Z,Style of drawings/1,Style of drawings,W-50-1-A0313,,STYLE_PDF,DEVELOPMENT,cvat/CVAT/W-50-1-A-0313.pdf,5ecdb0e74bf5e73bac7658fa966be66a67043e5c09abf0d587969d63f6efe6dc,"lokal kopia, samma namn och storlek",NO_ANNOTATIONS NO_TEXT_LAYER_FOR_TITLE_BLOCK,2_VERSIONS_BY_SIZE_x3
14f2BI4_uLsgLAS-X_DcnaVcjMwJ7PfCv,Drawings/Style of drawings/1/W-50-1-A-0113.pdf,W-50-1-A-0113.pdf,pdf,application/pdf,699211,2026-09-03T00:37:06Z,Style of drawings/1,Style of drawings,W-50-1-A0113,,STYLE_PDF,,,,ej hämtad,,4_VERSIONS_BY_SIZE
157pgyCaaOPOi9TWSYc1P8jp6DzKPm6en,Drawings/Style of drawings/1/W-50-1-A-0314.pdf,W-50-1-A-0314.pdf,pdf,application/pdf,415344,2026-09-03T00:39:14Z,Style of drawings/1,Style of drawings,W-50-1-A0314,,STYLE_PDF,DEVELOPMENT,cvat/CVAT/W-50-1-A-0314.pdf,2cb44183d07e93042c7b26a970644e939a76b2492fa47559e9d1842e0de1545e,"lokal kopia, samma namn och storlek",NO_ANNOTATIONS NO_TEXT_LAYER_FOR_TITLE_BLOCK,2_VERSIONS_BY_SIZE_x3
1NeRntT2qVLmWMEpO8QwFF1DTwyBcJSpn,Drawings/Style of drawings/1/W-50-1-A-0112.pdf,W-50-1-A-0112.pdf,pdf,application/pdf,423884,2026-09-03T00:38:26Z,Style of drawings/1,Style of drawings,W-50-1-A0112,,STYLE_PDF,DEVELOPMENT,cvat/CVAT/W-50-1-A-0112.pdf,d1f1ab42ab978562a28afe3b5f25af8139ce2c1dd60ac3a83a2a31eec1ffe2f9,"lokal kopia, samma namn och storlek",NO_ANNOTATIONS NO_TEXT_LAYER_FOR_TITLE_BLOCK,2_VERSIONS_BY_SIZE_x3
1DaNCbc7BXfSM-NMicjqFlVMjFMkK8Yhi,Drawings/Style of drawings/1/W-50-1-A-0231.pdf,W-50-1-A-0231.pdf,pdf,application/pdf,587492,2026-09-03T00:39:14Z,Style of drawings/1,Style of drawings,W-50-1-A0231,,STYLE_PDF,DEVELOPMENT,cvat/CVAT/W-50-1-A-0231.pdf,774b89b20c69ec0a69fdb8f42d881818dda2edf834fd29bd0cf4ef39e6608036,"lokal kopia, samma namn och storlek",NO_ANNOTATIONS NO_TEXT_LAYER_FOR_TITLE_BLOCK,2_VERSIONS_BY_SIZE_x3
16mJX0d9Bkv85qLGgyFlG6hsd58UNzx0_,Drawings/Style of drawings/1/W-50-1-A-0224.pdf,W-50-1-A-0224.pdf,pdf,application/pdf,555539,2026-09-03T00:39:14Z,Style of drawings/1,Style of drawings,W-50-1-A0224,,STYLE_PDF,DEVELOPMENT,cvat/CVAT/W-50-1-A-0224.pdf,fc3379b5ecd292eea6d9db0c0e59409a293f736563b66183b239de368ccfe1fd,"lokal kopia, samma namn och storlek",NO_ANNOTATIONS NO_TEXT_LAYER_FOR_TITLE_BLOCK,2_VERSIONS_BY_SIZE_x3
1i-sLSZ0u83mcUPUG_3AfgTwf2FxKlW9H,Drawings/Style of drawings/1/W-50-1-A-0221.pdf,W-50-1-A-0221.pdf,pdf,application/pdf,507764,2026-09-03T00:39:14Z,Style of drawings/1,Style of drawings,W-50-1-A0221,,STYLE_PDF,DEVELOPMENT,cvat/CVAT/W-50-1-A-0221.pdf,efc2337d6367730566b925e104beb77899d98512d2b590680578f792b3667a16,"lokal kopia, samma namn och storlek",NO_ANNOTATIONS NO_TEXT_LAYER_FOR_TITLE_BLOCK,2_VERSIONS_BY_SIZE_x3
15PY5S7VjPhKaHpR-oO9_xKhbUmuqqCIV,Drawings/Style of drawings/1/W-50-1-A-0222.pdf,W-50-1-A-0222.pdf,pdf,application/pdf,512580,2026-09-03T00:39:14Z,Style of drawings/1,Style of drawings,W-50-1-A0222,,STYLE_PDF,DEVELOPMENT,cvat/CVAT/W-50-1-A-0222.pdf,01b00dc107315d85460466e7f691a066215abb98f0e1cdee0908fd1cea50bc0c,"lokal kopia, samma namn och storlek",NO_ANNOTATIONS NO_TEXT_LAYER_FOR_TITLE_BLOCK,2_VERSIONS_BY_SIZE_x3
1A8AAb3e-bbFslEe3Ky__L3U8icUbrzlZ,Drawings/Style of drawings/1/W-50-1-A-0331.pdf,W-50-1-A-0331.pdf,pdf,application/pdf,498022,2026-09-03T00:39:14Z,Style of drawings/1,Style of drawings,W-50-1-A0331,,STYLE_PDF,DEVELOPMENT,cvat/CVAT/W-50-1-A-0331.pdf,778dce0ea7cd10d2d8cf062c678371581ee65b6bf5cb3237018bd9922277d838,"lokal kopia, samma namn och storlek",NO_ANNOTATIONS NO_TEXT_LAYER_FOR_TITLE_BLOCK,2_VERSIONS_BY_SIZE_x3
1lWQU5UAAtCtjT6VUzceBmRRBAV4XNX1a,Drawings/Style of drawings/1/W-50-1-A-0234.pdf,W-50-1-A-0234.pdf,pdf,application/pdf,501278,2026-09-03T00:39:14Z,Style of drawings/1,Style of drawings,W-50-1-A0234,,STYLE_PDF,DEVELOPMENT,cvat/CVAT/W-50-1-A-0234.pdf,2339a7bafa1ae83aa43a704180834cdce2f60e47c92f395a84f3545ceb12703b,"lokal kopia, samma namn och storlek",NO_ANNOTATIONS NO_TEXT_LAYER_FOR_TITLE_BLOCK,2_VERSIONS_BY_SIZE_x3
10tALh-_oCeKIqzgcckCK__nPvK_1LUKj,Drawings/Style of drawings/1/W-50-1-A-0233.pdf,W-50-1-A-0233.pdf,pdf,application/pdf,506428,2026-09-03T00:39:14Z,Style of drawings/1,Style of drawings,W-50-1-A0233,,STYLE_PDF,DEVELOPMENT,cvat/CVAT/W-50-1-A-0233.pdf,8b675e76163073e5bf636d6d70414c28c0f1d397820fb01173b711facebb2715,"lokal kopia, samma namn och storlek",NO_ANNOTATIONS NO_TEXT_LAYER_FOR_TITLE_BLOCK,2_VERSIONS_BY_SIZE_x3
1XjKtHx2UwQ5_RhJTHFfYzSPxMv0JQjmP,Drawings/Style of drawings/1/W-50-1-A-0132.pdf,W-50-1-A-0132.pdf,pdf,application/pdf,649855,2026-09-03T00:38:26Z,Style of drawings/1,Style of drawings,W-50-1-A0132,,STYLE_PDF,DEVELOPMENT,cvat/CVAT/W-50-1-A-0132.pdf,f0e1619a4557c6c00ea2cb9d9b8c1d27dc8a594739989871e0496e882f77e3e4,"lokal kopia, samma namn och storlek",NO_ANNOTATIONS NO_TEXT_LAYER_FOR_TITLE_BLOCK,2_VERSIONS_BY_SIZE_x3
168AIJT6IXcYo13twHeKA3dNYsjhpvYiZ,Drawings/Style of drawings/1/W-50-1-A-0223.pdf,W-50-1-A-0223.pdf,pdf,application/pdf,452278,2026-09-03T00:39:14Z,Style of drawings/1,Style of drawings,W-50-1-A0223,,STYLE_PDF,DEVELOPMENT,cvat/CVAT/W-50-1-A-0223.pdf,4833417a403d2ee92b91d40cb57dfb9d476bd4085cb53faec397720a01a78aed,"lokal kopia, samma namn och storlek",NO_ANNOTATIONS NO_TEXT_LAYER_FOR_TITLE_BLOCK,2_VERSIONS_BY_SIZE_x3
19L572XcCwervpTssAkkEy0jqmRWSfmCL,Drawings/Style of drawings/1/W-50-1-A-0133.pdf,W-50-1-A-0133.pdf,pdf,application/pdf,520611,2026-09-03T00:38:26Z,Style of drawings/1,Style of drawings,W-50-1-A0133,,STYLE_PDF,DEVELOPMENT,cvat/CVAT/W-50-1-A-0133.pdf,aae9ab15830c08ab379fe5f1e1580d1dbf1a88dcbcd227b1bc2066d004ce9688,"lokal kopia, samma namn och storlek",NO_ANNOTATIONS NO_TEXT_LAYER_FOR_TITLE_BLOCK,2_VERSIONS_BY_SIZE_x3
1pj_6s56uffj8MxV2Mu1wCkjD_jOKVAg4,Drawings/Style of drawings/1/W-50-1-A-0023.pdf,W-50-1-A-0023.pdf,pdf,application/pdf,296636,2026-09-03T00:38:28Z,Style of drawings/1,Style of drawings,W-50-1-A0023,,STYLE_PDF,DEVELOPMENT,cvat/CVAT/W-50-1-A-0023.pdf,19a08f7c6753a5d221dceef66b9b3a3e83ebd077bbc1eb4c05cd28873c41f68d,"lokal kopia, samma namn och storlek",NO_ANNOTATIONS NO_TEXT_LAYER_FOR_TITLE_BLOCK,2_VERSIONS_BY_SIZE_x3
19sr2qkXSc1CXI3Mg7yvDLrPD8YZy5cuB,Drawings/Style of drawings/1/W-50-1-A-0021.pdf,W-50-1-A-0021.pdf,pdf,application/pdf,303499,2026-09-03T00:38:28Z,Style of drawings/1,Style of drawings,W-50-1-A0021,,STYLE_PDF,DEVELOPMENT,cvat/CVAT/W-50-1-A-0021.pdf,3f245a29bf30e8457758d66754bf5b0cf384b1ee2ed895e9ced6678ae8672e4d,"lokal kopia, samma namn och storlek",NO_ANNOTATIONS NO_TEXT_LAYER_FOR_TITLE_BLOCK,3_VERSIONS_BY_SIZE_x3
1dw3iMxEuWxHk-2Cp-eQM6xMFv5STOz5J,Drawings/Style of drawings/1/W-50-1-A-0034.pdf,W-50-1-A-0034.pdf,pdf,application/pdf,297064,2026-09-03T00:38:28Z,Style of drawings/1,Style of drawings,W-50-1-A0034,,STYLE_PDF,DEVELOPMENT,cvat/CVAT/W-50-1-A-0034.pdf,d58e8dc68fc0605bca859c8f2e5765e6e5f617892adf9fb52999fba91ee854f6,"lokal kopia, samma namn och storlek",NO_ANNOTATIONS NO_TEXT_LAYER_FOR_TITLE_BLOCK,2_VERSIONS_BY_SIZE_x3
1ocmA4py8BVKI3ajytrRfR7f9QTSx9YsO,Drawings/Style of drawings/1/W-50-1-A-0022.pdf,W-50-1-A-0022.pdf,pdf,application/pdf,295865,2026-09-03T00:38:28Z,Style of drawings/1,Style of drawings,W-50-1-A0022,,STYLE_PDF,DEVELOPMENT,cvat/CVAT/W-50-1-A-0022.pdf,d938b6b23232e40ec68024198bb109da9e987eb40e5f1b762e65ca6c60133022,"lokal kopia, samma namn och storlek",NO_ANNOTATIONS NO_TEXT_LAYER_FOR_TITLE_BLOCK,3_VERSIONS_BY_SIZE_x3
1oNZ-p3n1J-uK-djvZPt8oi9BuAiOA-e3,Drawings/Style of drawings/1/W-50-1-A-0032.pdf,W-50-1-A-0032.pdf,pdf,application/pdf,278267,2026-09-03T00:38:28Z,Style of drawings/1,Style of drawings,W-50-1-A0032,,STYLE_PDF,DEVELOPMENT,cvat/CVAT/W-50-1-A-0032.pdf,6a1bd88d6404651217ac1428b35651c21268dd3dc574243dd8052ab9b37a575e,"lokal kopia, samma namn och storlek",NO_ANNOTATIONS NO_TEXT_LAYER_FOR_TITLE_BLOCK,2_VERSIONS_BY_SIZE_x3
1Xs_SLmgvO7v5frpmUHgFNKW42aG5y5-_,Drawings/Style of drawings/1/W-50-1-A-0033.pdf,W-50-1-A-0033.pdf,pdf,application/pdf,263480,2026-09-03T00:38:28Z,Style of drawings/1,Style of drawings,W-50-1-A0033,,STYLE_PDF,DEVELOPMENT,cvat/CVAT/W-50-1-A-0033.pdf,6d3727568126772ca421223bc137b5b3aa2f76d43d943d75d1a4db1ede6f4a53,"lokal kopia, samma namn och storlek",NO_ANNOTATIONS NO_TEXT_LAYER_FOR_TITLE_BLOCK,3_VERSIONS_BY_SIZE_x3
1_7bAd9S4Gq0j0Oj11Siq_srA6n4TKCxV,Drawings/Style of drawings/1/W-50-1-A-0232.pdf,W-50-1-A-0232.pdf,pdf,application/pdf,634496,2026-09-03T00:39:14Z,Style of drawings/1,Style of drawings,W-50-1-A0232,,STYLE_PDF,DEVELOPMENT,cvat/CVAT/W-50-1-A-0232.pdf,1ac13be32cf0fc8d4ef90a8193fd0d3d5d8a87cdfad7fd7648819239512afcdb,"lokal kopia, samma namn och storlek",NO_ANNOTATIONS NO_TEXT_LAYER_FOR_TITLE_BLOCK,2_VERSIONS_BY_SIZE_x3
1IrE1WFIeeVnwCkFeokj8cYW0qRGOCJog,Drawings/Style of drawings/1/W-50-1-A-0031.pdf,W-50-1-A-0031.pdf,pdf,application/pdf,307125,2026-09-03T00:38:28Z,Style of drawings/1,Style of drawings,W-50-1-A0031,,STYLE_PDF,DEVELOPMENT,cvat/CVAT/W-50-1-A-0031.pdf,2e8196ba551e1e9d9f807b4464606ccb951370f6aa5696274f2b7eba0a08441a,"lokal kopia, samma namn och storlek",NO_ANNOTATIONS NO_TEXT_LAYER_FOR_TITLE_BLOCK,2_VERSIONS_BY_SIZE_x3
11CSmbSEVARTSkeP_8juHz3WYcX1AmE17,Drawings/Style of drawings/1/W-50-1-A-0024.pdf,W-50-1-A-0024.pdf,pdf,application/pdf,310332,2026-09-03T00:38:28Z,Style of drawings/1,Style of drawings,W-50-1-A0024,,STYLE_PDF,DEVELOPMENT,cvat/CVAT/W-50-1-A-0024.pdf,f52aae17d88a11c8bcada7883f382a2e8457a707764373d7c06b1c67a07b90b8,"lokal kopia, samma namn och storlek",NO_ANNOTATIONS NO_TEXT_LAYER_FOR_TITLE_BLOCK,3_VERSIONS_BY_SIZE_x3
1MSfrihgC4fKserhPXPnMfcr_4j-1Vptl,Drawings/Style of drawings/3/Badskon 1.pdf,Badskon 1.pdf,pdf,application/pdf,2962483,2026-08-21T09:52:28Z,Style of drawings/3,Style of drawings,,,STYLE_PDF,DEVELOPMENT,styles/z/3/Badskon 1.pdf,fdedae1d380e148769056d2029775b4080e68a2cb931139696c43c692159bce4,"lokal kopia, samma namn och storlek",NO_ANNOTATIONS,2_VERSIONS_BY_SIZE_x2
1mLAq2KtaghJ0m1f3bmIjsbgZRFmUScEr,Drawings/Style of drawings/4/Badskon 2.pdf,Badskon 2.pdf,pdf,application/pdf,15732079,2026-08-21T09:52:46Z,Style of drawings/4,Style of drawings,,,STYLE_PDF,DEVELOPMENT,styles/z/4/Badskon 2.pdf,5feea2afa3fd41fd6223980cc3c2451e9a60cb8bbf9b423541251bd7b19255f1,"lokal kopia, samma namn och storlek",NO_ANNOTATIONS,IDENTICAL_IN_2_PLACES
1NWzVYBIknAvsD2FXcCCtlMZzMyUN2kZp,Drawings/Style of drawings/5/Badmössan.pdf,Badmössan.pdf,pdf,application/pdf,7611643,2026-08-21T09:52:58Z,Style of drawings/5,Style of drawings,,,STYLE_PDF,DEVELOPMENT,styles/z/5/Badm#U00f6ssan.pdf,37e5734b0c513511506d33283ccc39a066a69acdc2f0e1884cb6f15b38875358,"lokal kopia, samma storlek och typ",NO_ANNOTATIONS,IDENTICAL_IN_2_PLACES
1yzMWludb4ou3sTUSoMPwyshemu0_IWoI,"Drawings/Style of drawings/7/V50-1-0824 - Plan B2, Del 24, Värme & Sanitäranlägg-.pdf","V50-1-0824 - Plan B2, Del 24, Värme & Sanitäranlägg-.pdf",pdf,application/pdf,207662,2026-08-21T09:46:56Z,Style of drawings/7,Style of drawings,V-50-1-0824,,STYLE_PDF,DEVELOPMENT,"styles/Ritningar/V50-1-0824 - Plan B2, Del 24, Värme & Sanitäranlägg-.pdf",20cbb1f285ba0d2198665d439bc3e4800a84ed148d639e31b0583c7a050bfd93,"lokal kopia, samma storlek och typ",NO_ANNOTATIONS ID_IN_SHEET_TEXT,IDENTICAL_IN_3_PLACES
1Z0ZXln6XE0CbWICuCrxIzojIHA-tK2nf,"Drawings/Style of drawings/7/V50-1-0822 - Plan B2, Del 22, Värme & Sanitäranlägg-.pdf","V50-1-0822 - Plan B2, Del 22, Värme & Sanitäranlägg-.pdf",pdf,application/pdf,180927,2026-08-21T09:46:56Z,Style of drawings/7,Style of drawings,V-50-1-0822,,STYLE_PDF,DEVELOPMENT,"styles/Ritningar/V50-1-0822 - Plan B2, Del 22, Värme & Sanitäranlägg-.pdf",62fba9edd7e234959fe7f40a7ff016329455c811b169dd0d50e58a98bbe090d3,"lokal kopia, samma storlek och typ",NO_ANNOTATIONS ID_IN_SHEET_TEXT,IDENTICAL_IN_3_PLACES
1chAPv9B2uH_7fR39BAViZJDI18NHmE_q,Drawings/Style of drawings/2/Hus B.pdf,Hus B.pdf,pdf,application/pdf,12822021,2026-08-21T09:52:06Z,Style of drawings/2,Style of drawings,,,STYLE_PDF,DEVELOPMENT,styles/z/2/Hus B.pdf,a616e218e501596c6138226a4981debc8e12899e8b75edb3b1977ce1b935ad8c,"lokal kopia, samma namn och storlek",NO_ANNOTATIONS,UNIQUE
1A718tkdjyaOa3URJvjPE44bXRhU5gSxA,"Drawings/Style of drawings/7/V50-1-0843 - Plan B2, Del 43, Värme & Sanitäranlägg-.pdf","V50-1-0843 - Plan B2, Del 43, Värme & Sanitäranlägg-.pdf",pdf,application/pdf,172419,2026-08-21T09:46:56Z,Style of drawings/7,Style of drawings,V-50-1-0843,,STYLE_PDF,DEVELOPMENT,"styles/Ritningar/V50-1-0843 - Plan B2, Del 43, Värme & Sanitäranlägg-.pdf",17494842833ada89a473cec9b0f8e1cb4a3fd46e732f00564dcc94af2628462b,"lokal kopia, samma storlek och typ",NO_ANNOTATIONS ID_IN_SHEET_TEXT,IDENTICAL_IN_3_PLACES
1ZFCjlennHLv7rUnjCd7INxNpnWcaUTcq,"Drawings/Style of drawings/7/V50-1-0821 - Plan B2, Del 21, Värme & Sanitäranlägg-.pdf","V50-1-0821 - Plan B2, Del 21, Värme & Sanitäranlägg-.pdf",pdf,application/pdf,190749,2026-08-21T09:46:56Z,Style of drawings/7,Style of drawings,V-50-1-0821,,STYLE_PDF,DEVELOPMENT,"styles/Ritningar/V50-1-0821 - Plan B2, Del 21, Värme & Sanitäranlägg-.pdf",29b26204db0a0ae5ebd60f5f7e92420f273ea45a16bb4b649ad938168d86fe36,"lokal kopia, samma storlek och typ",NO_ANNOTATIONS ID_IN_SHEET_TEXT,IDENTICAL_IN_3_PLACES
13w4H-jKPTi5I6MYYhtymku00VdwhYPEn,Drawings/Style of drawings/2/Hus A.pdf,Hus A.pdf,pdf,application/pdf,15601940,2026-08-21T09:52:06Z,Style of drawings/2,Style of drawings,,,STYLE_PDF,DEVELOPMENT,styles/z/2/Hus A.pdf,dca39f3cb29ca8b554b9f23632850b275a71d7f19324fa99d45af319fd88211e,"lokal kopia, samma namn och storlek",NO_ANNOTATIONS,UNIQUE
1vU45ikhkNbN3Gp-rcuUkeezFFGYCbLAv,"Drawings/Style of drawings/7/V50-1-0842 - Plan B2, Del 42, Värme & Sanitäranlägg-.pdf","V50-1-0842 - Plan B2, Del 42, Värme & Sanitäranlägg-.pdf",pdf,application/pdf,277531,2026-08-21T09:46:58Z,Style of drawings/7,Style of drawings,V-50-1-0842,,STYLE_PDF,DEVELOPMENT,"styles/src/04 - VVS Konsulterna - Revit - Bluebeam Brewery 5.0/V50-1-0842 - Plan B2, Del 42, Värme & Sanitäranlägg-.pdf",ef53f8474ca0a36eb6e0eaa55909c54c87af856b3e87806ca95be652d1c4cb70,"lokal kopia, samma storlek och typ",NO_ANNOTATIONS ID_IN_SHEET_TEXT,IDENTICAL_IN_4_PLACES
18iPOs9u1SVSkCWcUWqXweGXw_fliiUSy,"Drawings/Style of drawings/7/V50-1-0844 - Plan B2, Del 44, Värme & Sanitäranlägg-.pdf","V50-1-0844 - Plan B2, Del 44, Värme & Sanitäranlägg-.pdf",pdf,application/pdf,175371,2026-08-21T09:46:54Z,Style of drawings/7,Style of drawings,V-50-1-0844,,STYLE_PDF,DEVELOPMENT,"styles/Ritningar/V50-1-0844 - Plan B2, Del 44, Värme & Sanitäranlägg-.pdf",f7bdd88e16df03175e84dc5865b8c9042f7d536bfb00c7a9e18fd1ebd9a98de8,"lokal kopia, samma storlek och typ",NO_ANNOTATIONS ID_IN_SHEET_TEXT,IDENTICAL_IN_3_PLACES
135_uf4Iu9JJY77mxtRlc0oc9GurwJzeZ,"Drawings/Style of drawings/7/V50-1-0841 - Plan B2, Del 41, Värme & Sanitäranlägg-.pdf","V50-1-0841 - Plan B2, Del 41, Värme & Sanitäranlägg-.pdf",pdf,application/pdf,249211,2026-08-21T09:46:58Z,Style of drawings/7,Style of drawings,V-50-1-0841,,STYLE_PDF,DEVELOPMENT,"styles/Ritningar/V50-1-0841 - Plan B2, Del 41, Värme & Sanitäranlägg-.pdf",79699fa23d3d75d853b6d8766a8da246a7cfb08d3b553c3a2068fe4837433f5b,"lokal kopia, samma storlek och typ",NO_ANNOTATIONS ID_IN_SHEET_TEXT,IDENTICAL_IN_3_PLACES
1ivi0-XTbiBv54kBI0V9ZsXaePTxhAfch,"Drawings/Style of drawings/7/V50-1-0832 - Plan B2, Del 32, Värme & Sanitäranlägg-.pdf","V50-1-0832 - Plan B2, Del 32, Värme & Sanitäranlägg-.pdf",pdf,application/pdf,214528,2026-08-21T09:46:54Z,Style of drawings/7,Style of drawings,V-50-1-0832,,STYLE_PDF,DEVELOPMENT,"styles/Ritningar/V50-1-0832 - Plan B2, Del 32, Värme & Sanitäranlägg-.pdf",0f47672b0ab3b5af1e0a2aa2daa04cd62057077c2642ba0293ec938f19651c7a,"lokal kopia, samma storlek och typ",NO_ANNOTATIONS ID_IN_SHEET_TEXT,IDENTICAL_IN_3_PLACES
10_LjmsXhXmYe6tbfrh4MYoYjaUfdoIpt,"Drawings/Style of drawings/7/V50-1-0823 - Plan B2, Del 23, Värme & Sanitäranlägg-.pdf","V50-1-0823 - Plan B2, Del 23, Värme & Sanitäranlägg-.pdf",pdf,application/pdf,194620,2026-08-21T09:46:58Z,Style of drawings/7,Style of drawings,V-50-1-0823,,STYLE_PDF,DEVELOPMENT,"styles/Ritningar/V50-1-0823 - Plan B2, Del 23, Värme & Sanitäranlägg-.pdf",41338fec7a6f4426922ab435fb25fa7a2bfa96de5b833c84567ad9591a014923,"lokal kopia, samma storlek och typ",NO_ANNOTATIONS ID_IN_SHEET_TEXT,IDENTICAL_IN_3_PLACES
1dtae-kqVoMgoWp5Eygr8yc_PP9jXmWB1,"Drawings/Style of drawings/7/V50-1-0834 - Plan B2, Del 34, Värme & Sanitäranlägg-.pdf","V50-1-0834 - Plan B2, Del 34, Värme & Sanitäranlägg-.pdf",pdf,application/pdf,153054,2026-08-21T09:46:56Z,Style of drawings/7,Style of drawings,V-50-1-0834,,STYLE_PDF,DEVELOPMENT,"styles/Ritningar/V50-1-0834 - Plan B2, Del 34, Värme & Sanitäranlägg-.pdf",d2215d48655e55801dc79cfaa67fdfa325f97e19e381a3405a2b4f5ad6741ffb,"lokal kopia, samma storlek och typ",NO_ANNOTATIONS ID_IN_SHEET_TEXT,IDENTICAL_IN_3_PLACES
10dKAZl_PmqyCaPQfLCeDtoDY7ZnVulcJ,Drawings/Style of drawings/4/6.pdf,6.pdf,pdf,application/pdf,1920367,2026-08-17T04:58:30Z,Style of drawings/4,Style of drawings,,,STYLE_PDF,DEVELOPMENT,styles/z/4/6.pdf,8f070fe1eea57a52d84e89ae9232f587f332dbedbde2daeb05aa3edd33697ade,"lokal kopia, samma namn och storlek",NO_ANNOTATIONS,3_VERSIONS_BY_SIZE_x2
14jmdMiQycdjs5JyJiubLJJmcYA29u2XX,Drawings/Style of drawings/6/R1402.pdf,R1402.pdf,pdf,application/pdf,938205,2026-08-17T05:00:18Z,Style of drawings/6,Style of drawings,,,STYLE_PDF,DEVELOPMENT,styles/z/6/R1402.pdf,2c20eabd86d5fd1f844586a3386124a6ea5424727990604fc7cde8c0f20d9672,"lokal kopia, samma namn och storlek",NO_ANNOTATIONS,UNIQUE
1Nlkhc_VMNOS_C1RGsPBVHdaK5NOTvhV1,Drawings/Style of drawings/6/R1502.pdf,R1502.pdf,pdf,application/pdf,877521,2026-08-17T05:00:18Z,Style of drawings/6,Style of drawings,,,STYLE_PDF,DEVELOPMENT,styles/z/6/R1502.pdf,93f060ebf7760e1e3ede566f613315b54f99ca7432516fcd507c7e73d0b2bf6c,"lokal kopia, samma namn och storlek",NO_ANNOTATIONS,IDENTICAL_IN_2_PLACES
1t7tW3ich-RTyvCqV6Fyc_tgYwqZRsYg1,Drawings/Style of drawings/6/R1302.pdf,R1302.pdf,pdf,application/pdf,875321,2026-08-17T05:00:18Z,Style of drawings/6,Style of drawings,,,STYLE_PDF,DEVELOPMENT,styles/z/6/R1302.pdf,107bf7aba0b4656fde0b9ff0d951ecd6ec6e28475e3f4df885dd14a94f304d41,"lokal kopia, samma namn och storlek",NO_ANNOTATIONS,UNIQUE
17mG0MIE_22QbLWiG_Qwbyn-5JKsOI338,Drawings/Style of drawings/6/R1502-D.pdf,R1502-D.pdf,pdf,application/pdf,739382,2026-08-17T05:00:18Z,Style of drawings/6,Style of drawings,,,STYLE_PDF,DEVELOPMENT,styles/z/6/R1502-D.pdf,15fbc10186e26874e947a6ec4d2b7823ffaea1c12b9fccf4370473b05f4cb655,"lokal kopia, samma namn och storlek",NO_ANNOTATIONS,UNIQUE
1O1uex1YYsthVEPkq2pMtIp9GAAacmoEg,Drawings/Style of drawings/6/R1402-D.pdf,R1402-D.pdf,pdf,application/pdf,669242,2026-08-17T05:00:18Z,Style of drawings/6,Style of drawings,,,STYLE_PDF,DEVELOPMENT,styles/z/6/R1402-D.pdf,a1129069161b08854dec3c6864145659bee83855739dd9643359db00c77af290,"lokal kopia, samma namn och storlek",NO_ANNOTATIONS,UNIQUE
1r_I8GowGuOqiIVlBqS0KKw0SoZBYzFnn,Drawings/Style of drawings/3/3.pdf,3.pdf,pdf,application/pdf,171729,2026-08-17T04:57:32Z,Style of drawings/3,Style of drawings,,,STYLE_PDF,DEVELOPMENT,styles/z/3/3.pdf,2d0718da9f92395fe25a9628129ed43bcb0b314a63cd4b88f9e13ca0ac066989,"lokal kopia, samma namn och storlek",NO_ANNOTATIONS,3_VERSIONS_BY_SIZE_x2
1FmLdK5Egvs9S7VOmN3Mt6p5syn_TauuI,Drawings/Style of drawings/3/7.pdf,7.pdf,pdf,application/pdf,174591,2026-08-17T04:57:32Z,Style of drawings/3,Style of drawings,,,STYLE_PDF,DEVELOPMENT,styles/z/3/7.pdf,aebbad98e4b62b15dd3ad60eaf453098e89a97f2cd9d7dc9df6e6f7dc26cdc41,"lokal kopia, samma namn och storlek",NO_ANNOTATIONS,4_VERSIONS_BY_SIZE
1lZkw9FX5n9-1OCiu6GP2rWGW8rZQoG2G,Drawings/Style of drawings/3/5.pdf,5.pdf,pdf,application/pdf,169371,2026-08-17T04:57:32Z,Style of drawings/3,Style of drawings,,,STYLE_PDF,DEVELOPMENT,styles/z/3/5.pdf,63ebd9caa693f7a927730d53ddab30440391aebbb68ef7babddae7828dcfd5c8,"lokal kopia, samma namn och storlek",NO_ANNOTATIONS,3_VERSIONS_BY_SIZE
1ulK6YDo9AZ8eBcsLwUtOxuRKlsUW8sY7,Drawings/Style of drawings/3/10.pdf,10.pdf,pdf,application/pdf,150715,2026-08-17T04:57:32Z,Style of drawings/3,Style of drawings,,,STYLE_PDF,DEVELOPMENT,styles/z/3/10.pdf,251d29722ba32c507a6ce4720c27363ef1a22eccc0eb3c2882b40ba4f6eadc12,"lokal kopia, samma namn och storlek",NO_ANNOTATIONS,3_VERSIONS_BY_SIZE
1JPIxErShVoswY-KvO2BwHaCLhFHxeqZK,Drawings/Style of drawings/4/9.pdf,9.pdf,pdf,application/pdf,285433,2026-08-17T04:58:30Z,Style of drawings/4,Style of drawings,,,STYLE_PDF,DEVELOPMENT,styles/z/4/9.pdf,fe3dad2795107fcb7e3d454be989b3a0450cd531b9e75af43dc1607c6e8fa55b,"lokal kopia, samma namn och storlek",NO_ANNOTATIONS,4_VERSIONS_BY_SIZE
1WuYWgWxSbEii1GgOwe_MCC2QeQjFLprV,Drawings/Style of drawings/4/22.pdf,22.pdf,pdf,application/pdf,287395,2026-08-17T04:58:30Z,Style of drawings/4,Style of drawings,,,STYLE_PDF,DEVELOPMENT,styles/z/4/22.pdf,aed43843fb9c3d8c2d01734a20a03043d8866fdf93fc39c827677890f6152c45,"lokal kopia, samma namn och storlek",NO_ANNOTATIONS,2_VERSIONS_BY_SIZE_x2
1-Tzo60R2vpiD7R8KUBeENVq8qBysqq4k,Drawings/Style of drawings/4/24.pdf,24.pdf,pdf,application/pdf,254545,2026-08-17T04:58:30Z,Style of drawings/4,Style of drawings,,,STYLE_PDF,DEVELOPMENT,styles/z/4/24.pdf,7a25a05fc8cd389ff144a28174642ecd077381b491952ec50e507fe853a00340,"lokal kopia, samma namn och storlek",NO_ANNOTATIONS,3_VERSIONS_BY_SIZE
1PBpYdFSCg0hRm2DlhImlLCjnIiRkC3Cz,Drawings/Style of drawings/4/25.pdf,25.pdf,pdf,application/pdf,236158,2026-08-17T04:58:30Z,Style of drawings/4,Style of drawings,,,STYLE_PDF,DEVELOPMENT,styles/z/4/25.pdf,4a72851ace3220381f13e35ec178de65d4facf83ea2020a76a6056ec7fa80943,"lokal kopia, samma namn och storlek",NO_ANNOTATIONS,3_VERSIONS_BY_SIZE
12ENnmjR_MGj6rsOvfxInCkaDoa1806hq,Drawings/Style of drawings/5/25.pdf,25.pdf,pdf,application/pdf,453958,2026-08-17T04:59:42Z,Style of drawings/5,Style of drawings,,,STYLE_PDF,DEVELOPMENT,styles/z/5/25.pdf,097fa5d60555c034cf63469f37481636612139d85217b81f6283c1398470bb61,"lokal kopia, samma namn och storlek",NO_ANNOTATIONS,3_VERSIONS_BY_SIZE
16L_Ywne0Dk32zxf1sFcltOtXEDB8lrMO,Drawings/Style of drawings/5/7.pdf,7.pdf,pdf,application/pdf,320681,2026-08-17T04:59:42Z,Style of drawings/5,Style of drawings,,,STYLE_PDF,DEVELOPMENT,styles/z/5/7.pdf,bbd2c8eafcdaee6708d29003e5f105bf7f24388a0005002d8536f0a506c9aa8f,"lokal kopia, samma namn och storlek",NO_ANNOTATIONS,4_VERSIONS_BY_SIZE
16X1Qhr3zMj7fqqRTA3aDPn4YnO_5Vszg,Drawings/Style of drawings/5/4.pdf,4.pdf,pdf,application/pdf,307153,2026-08-17T04:59:42Z,Style of drawings/5,Style of drawings,,,STYLE_PDF,DEVELOPMENT,styles/z/5/4.pdf,ee2a88e43882e9e2f25ae147b5fcc5220ae34f577bef33f4df2c8105a16f5777,"lokal kopia, samma namn och storlek",NO_ANNOTATIONS,2_VERSIONS_BY_SIZE_x2
1bPiTPJL7doIs7jVwdoYd8t654d5QfCUw,Drawings/Style of drawings/5/8.pdf,8.pdf,pdf,application/pdf,325663,2026-08-17T04:59:42Z,Style of drawings/5,Style of drawings,,,STYLE_PDF,DEVELOPMENT,styles/z/5/8.pdf,354411c78130315fc1427f36bd15ed97c691a3757193f0dd6ea9d5f49698e1e1,"lokal kopia, samma namn och storlek",NO_ANNOTATIONS,3_VERSIONS_BY_SIZE
1B3G68jgwFGZkbVUzjfk4Pb0F0oVciU_s,Drawings/Style of drawings/5/6.pdf,6.pdf,pdf,application/pdf,270211,2026-08-17T04:59:42Z,Style of drawings/5,Style of drawings,,,STYLE_PDF,DEVELOPMENT,styles/z/5/6.pdf,fa2083bb17bc484f7fdcc4a2be91690f2ec995fc582a00f3d4ac196643702618,"lokal kopia, samma namn och storlek",NO_ANNOTATIONS,3_VERSIONS_BY_SIZE
1VVe2tonnuH_0ChuILl9RkrKFhntpswGu,Drawings/Style of drawings/5/24.pdf,24.pdf,pdf,application/pdf,242443,2026-08-17T04:59:42Z,Style of drawings/5,Style of drawings,,,STYLE_PDF,DEVELOPMENT,styles/z/5/24.pdf,19a516a3c232f0dd9012d84c02279aeb2dccb6e6aa1143b4ccdaa00a926468b4,"lokal kopia, samma namn och storlek",NO_ANNOTATIONS,3_VERSIONS_BY_SIZE
16u8oGFXxPMYShJ5EEhAHXrUw_jDCTMy1,Drawings/Style of drawings/5/9.pdf,9.pdf,pdf,application/pdf,233129,2026-08-17T04:59:42Z,Style of drawings/5,Style of drawings,,,STYLE_PDF,DEVELOPMENT,styles/z/5/9.pdf,fc7a383f7791ae91ec83768b07e2f26f686deebbe50aad4701e631ecf2ecff74,"lokal kopia, samma namn och storlek",NO_ANNOTATIONS,4_VERSIONS_BY_SIZE
1g80DFXhPvnNXUEdNouRmyaTGiFawepRY,Drawings/Style of drawings/5/5.pdf,5.pdf,pdf,application/pdf,208184,2026-08-17T04:59:42Z,Style of drawings/5,Style of drawings,,,STYLE_PDF,DEVELOPMENT,styles/z/5/5.pdf,c66e7381cfc72a8c02af2c7c52d3d23e3eb1e0503bec5371f72ddbc07fb2ac8d,"lokal kopia, samma namn och storlek",NO_ANNOTATIONS,3_VERSIONS_BY_SIZE
1aa8PpfnSjRh0elpLuftw-hj4SAvKUu-U,Drawings/Style of drawings/5/3.pdf,3.pdf,pdf,application/pdf,192680,2026-08-17T04:59:42Z,Style of drawings/5,Style of drawings,,,STYLE_PDF,DEVELOPMENT,styles/z/5/3.pdf,1b873cd357e58b3d7abcc0b3340e23e771ea30b22f67325667b55fe994779a40,"lokal kopia, samma namn och storlek",NO_ANNOTATIONS,3_VERSIONS_BY_SIZE
1bNuDa9bhZ1u-WsUopr85DC9Q5YLME20B,Drawings/Style of drawings/5/2.pdf,2.pdf,pdf,application/pdf,183576,2026-08-17T04:59:42Z,Style of drawings/5,Style of drawings,,,STYLE_PDF,DEVELOPMENT,styles/z/5/2.pdf,f66fd5bcac89c070671434bd5994aef2e2769b978520a5f60873816547f822f8,"lokal kopia, samma namn och storlek",NO_ANNOTATIONS,2_VERSIONS_BY_SIZE_x2
1V6S0n_phDnY-74ALNRw8h3T-YFKhK3oz,Drawings/Style of drawings/2/V-50-1-A0122.pdf,V-50-1-A0122.pdf,pdf,application/pdf,525332,2026-08-17T04:55:20Z,Style of drawings/2,Style of drawings,V-50-1-A0122,,STYLE_PDF,DEVELOPMENT,styles/z/2/V-50-1-A0122.pdf,d064d3b5dc3d0fe48ba7e69b641b5084b1e714a150fd7f731bad93f03eda6207,"lokal kopia, samma namn och storlek",ANNOTATED(30) ENGINE_STRIPS_ANNOTS ID_IN_SHEET_TEXT,3_VERSIONS_BY_SIZE_x5
1S_lEU3aPLoHSq4VngOupk7kUFsTw9Z3X,Drawings/Style of drawings/2/V-50-1-A0123.pdf,V-50-1-A0123.pdf,pdf,application/pdf,374514,2026-08-17T04:55:36Z,Style of drawings/2,Style of drawings,V-50-1-A0123,,STYLE_PDF,DEVELOPMENT,styles/z/2/V-50-1-A0123.pdf,044decc841a886fa73586e312b7c8d108a42ee951701365b5b8cd2350df31ad0,"lokal kopia, samma namn och storlek",ANNOTATED(30) ENGINE_STRIPS_ANNOTS ID_IN_SHEET_TEXT,3_VERSIONS_BY_SIZE_x3
1oFdM0sSiwbbo9gVlsuAD3qxQiyyyeUrx,Drawings/Style of drawings/2/V-50-1-A0412.pdf,V-50-1-A0412.pdf,pdf,application/pdf,364952,2026-08-17T04:55:54Z,Style of drawings/2,Style of drawings,V-50-1-A0412,,STYLE_PDF,DEVELOPMENT,styles/z/2/V-50-1-A0412.pdf,d25fa6954ef2c54974d54de4051b688fceca5e37e6a8db6e0362f01ee0ec95c3,"lokal kopia, samma namn och storlek",ANNOTATED(29) ENGINE_STRIPS_ANNOTS ID_IN_SHEET_TEXT,2_VERSIONS_BY_SIZE_x3
11llUGwTr0MbZF0uSsOlEhpB_XKGM_rNL,"Drawings/Style of drawings/7/V50-1-1344 - Plan 04, Del 44, Värme & Sanitäranlägg-.pdf","V50-1-1344 - Plan 04, Del 44, Värme & Sanitäranlägg-.pdf",pdf,application/pdf,3071462,2026-02-13T11:49:14Z,Style of drawings/7,Style of drawings,V-50-1-1344,,STYLE_PDF,,,,ej hämtad,,IDENTICAL_IN_2_PLACES
1CyiGuZ4nJaB9P8gN9hqq3pZvlTWkPLo5,"Drawings/Style of drawings/7/V53-1-1824 - Plan 09, Del 24, Spillvattenanläggning.pdf","V53-1-1824 - Plan 09, Del 24, Spillvattenanläggning.pdf",pdf,application/pdf,157192,2026-02-13T12:11:02Z,Style of drawings/7,Style of drawings,V-53-1-1824,,STYLE_PDF,,,,ej hämtad,,IDENTICAL_IN_2_PLACES
16P40vOv2Uv_zisYMRXPcL1rqNvXHOaNI,"Drawings/Style of drawings/7/V50-1-1224 - Plan 03, Del 24, Värme & Sanitäranlägg-.pdf","V50-1-1224 - Plan 03, Del 24, Värme & Sanitäranlägg-.pdf",pdf,application/pdf,215950,2026-02-13T11:49:00Z,Style of drawings/7,Style of drawings,V-50-1-1224,,STYLE_PDF,,,,ej hämtad,,IDENTICAL_IN_2_PLACES
1JkWV7vUNRCEKAz3By6d31qKjqwFMgAYO,"Drawings/Style of drawings/7/V53-1-1543 - Plan 06, Del 43, Spillvattenanläggning.pdf","V53-1-1543 - Plan 06, Del 43, Spillvattenanläggning.pdf",pdf,application/pdf,201877,2026-02-13T11:49:56Z,Style of drawings/7,Style of drawings,V-53-1-1543,,STYLE_PDF,,,,ej hämtad,,IDENTICAL_IN_2_PLACES
1-X-LcspUzFnI5CnlR6g3VNnGebmmAL7n,"Drawings/Style of drawings/7/V50-1-1514 - Plan 06, Del 14, Värme & Sanitäranlägg-.pdf","V50-1-1514 - Plan 06, Del 14, Värme & Sanitäranlägg-.pdf",pdf,application/pdf,284430,2026-02-13T11:49:50Z,Style of drawings/7,Style of drawings,V-50-1-1514,,STYLE_PDF,,,,ej hämtad,,IDENTICAL_IN_2_PLACES
16Q_hF94F9J-52Zi7e0B3WzT35QPR7O38,"Drawings/Style of drawings/7/V50-1-1314 - Plan 04, Del 14, Värme & Sanitäranlägg-.pdf","V50-1-1314 - Plan 04, Del 14, Värme & Sanitäranlägg-.pdf",pdf,application/pdf,302886,2026-02-13T11:49:14Z,Style of drawings/7,Style of drawings,V-50-1-1314,,STYLE_PDF,,,,ej hämtad,,IDENTICAL_IN_2_PLACES
1bmJs3tYWUIv72Kun9NgSiVNNwCN1hohm,"Drawings/Style of drawings/7/V50-1-1644 - Plan 07, Del 44, Värme & Sanitäranlägg-.pdf","V50-1-1644 - Plan 07, Del 44, Värme & Sanitäranlägg-.pdf",pdf,application/pdf,209759,2026-02-13T11:50:04Z,Style of drawings/7,Style of drawings,V-50-1-1644,,STYLE_PDF,,,,ej hämtad,,IDENTICAL_IN_2_PLACES
1KSNKseWIZtHlQjsDuWW6bCT4DRWYXAgG,"Drawings/Style of drawings/7/V50-1-1014 - Plan 01, Del 14, Värme & Sanitäranlägg-.pdf","V50-1-1014 - Plan 01, Del 14, Värme & Sanitäranlägg-.pdf",pdf,application/pdf,257847,2026-02-13T11:48:12Z,Style of drawings/7,Style of drawings,V-50-1-1014,,STYLE_PDF,,,,ej hämtad,,IDENTICAL_IN_2_PLACES
1Qhhj9xCtAnXd2eug-CzXSpEWh6Nr4hNe,"Drawings/Style of drawings/7/V53-1-1243 - Plan 03, Del 43, Spillvattenanläggning.pdf","V53-1-1243 - Plan 03, Del 43, Spillvattenanläggning.pdf",pdf,application/pdf,194922,2026-02-13T11:49:06Z,Style of drawings/7,Style of drawings,V-53-1-1243,,STYLE_PDF,,,,ej hämtad,,IDENTICAL_IN_2_PLACES
159PPbVs5pforR1KlRhT9mOGAJKl2TOCv,"Drawings/Style of drawings/7/V53-1-0921 - Plan B1, Del 21, Spillvattenanläggning.pdf","V53-1-0921 - Plan B1, Del 21, Spillvattenanläggning.pdf",pdf,application/pdf,182509,2026-02-13T11:47:58Z,Style of drawings/7,Style of drawings,V-53-1-0921,,STYLE_PDF,,,,ej hämtad,,IDENTICAL_IN_2_PLACES
1zaM0P0DzNW2skECAxoGvHDF5QAGWmZ-1,"Drawings/Style of drawings/7/V53-1-1923 - Plan 10, Del 23, Spillvattenanläggning.pdf","V53-1-1923 - Plan 10, Del 23, Spillvattenanläggning.pdf",pdf,application/pdf,140776,2026-02-13T11:51:00Z,Style of drawings/7,Style of drawings,V-53-1-1923,,STYLE_PDF,,,,ej hämtad,,IDENTICAL_IN_2_PLACES
1mlzhTrKFZ1n6rZFWZfKQ2inoEeYSfiPh,"Drawings/Style of drawings/7/V53-1-1212 - Plan 03, Del 12, Spillvattenanläggning.pdf","V53-1-1212 - Plan 03, Del 12, Spillvattenanläggning.pdf",pdf,application/pdf,151847,2026-02-13T11:49:06Z,Style of drawings/7,Style of drawings,V-53-1-1212,,STYLE_PDF,,,,ej hämtad,,IDENTICAL_IN_2_PLACES
1u3WVfNw9v-DBXi-RNiA69MANdRwBXJSI,"Drawings/Style of drawings/7/V53-1-1412 - Plan 05, Del 12, Spillvattenanläggning.pdf","V53-1-1412 - Plan 05, Del 12, Spillvattenanläggning.pdf",pdf,application/pdf,163549,2026-02-13T11:49:40Z,Style of drawings/7,Style of drawings,V-53-1-1412,,STYLE_PDF,,,,ej hämtad,,IDENTICAL_IN_2_PLACES
1Xk1Qh0Ei3daUfmVgG3_oc5gWn0iuE7bs,"Drawings/Style of drawings/7/V50-1-0913 - Plan B1, Del 13, Värme & Sanitäranlägg-.pdf","V50-1-0913 - Plan B1, Del 13, Värme & Sanitäranlägg-.pdf",pdf,application/pdf,88837,2026-02-13T11:47:48Z,Style of drawings/7,Style of drawings,V-50-1-0913,,STYLE_PDF,,,,ej hämtad,,IDENTICAL_IN_2_PLACES
1ZC7lvfL6yiDF1LMCdR3rGQYbtsJQLmnW,"Drawings/Style of drawings/7/V53-1-0824 - Plan B2, Del 24, Spillvattenanläggning, ÖG.pdf","V53-1-0824 - Plan B2, Del 24, Spillvattenanläggning, ÖG.pdf",pdf,application/pdf,134210,2026-02-13T11:47:26Z,Style of drawings/7,Style of drawings,V-53-1-0824,,STYLE_PDF,,,,ej hämtad,,IDENTICAL_IN_2_PLACES
1-XX20uX7k2nD1_IhmnaLsgcVFJycjW5H,"Drawings/Style of drawings/7/V53-1-0823 - Plan B2, Del 23, Spillvattenanläggning, ÖG.pdf","V53-1-0823 - Plan B2, Del 23, Spillvattenanläggning, ÖG.pdf",pdf,application/pdf,119717,2026-02-13T11:47:26Z,Style of drawings/7,Style of drawings,V-53-1-0823,,STYLE_PDF,,,,ej hämtad,,IDENTICAL_IN_2_PLACES
1PIKKB_2krC_wqciLdiHT4sDrsLkKLJ4F,"Drawings/Style of drawings/7/V53-1-1141 - Plan 02, Del 41, Spillvattenanläggning.pdf","V53-1-1141 - Plan 02, Del 41, Spillvattenanläggning.pdf",pdf,application/pdf,223892,2026-02-13T12:11:02Z,Style of drawings/7,Style of drawings,V-53-1-1141,,STYLE_PDF,,,,ej hämtad,,IDENTICAL_IN_2_PLACES
1JHRCGOnOtzoePl9dmREPM7nHN5WA_3eF,"Drawings/Style of drawings/7/V53-1-1041 - Plan 01, Del 41, Spillvattenanläggning.pdf","V53-1-1041 - Plan 01, Del 41, Spillvattenanläggning.pdf",pdf,application/pdf,181588,2026-02-13T12:11:02Z,Style of drawings/7,Style of drawings,V-53-1-1041,,STYLE_PDF,,,,ej hämtad,,IDENTICAL_IN_2_PLACES
1biENiRNbCreOjZUdqy6YwSCuEFpHmq_F,"Drawings/Style of drawings/7/V50-1-1942 - Plan 10, Del 42, Värme & Sanitäranlägg-.pdf","V50-1-1942 - Plan 10, Del 42, Värme & Sanitäranlägg-.pdf",pdf,application/pdf,216247,2026-02-13T11:50:50Z,Style of drawings/7,Style of drawings,V-50-1-1942,,STYLE_PDF,,,,ej hämtad,,IDENTICAL_IN_2_PLACES
10wHqxf1OxQTtLpaJg12LUcibmz_96PVn,"Drawings/Style of drawings/7/V50-1-1712 - Plan 08, Del 12, Värme & Sanitäranlägg-.pdf","V50-1-1712 - Plan 08, Del 12, Värme & Sanitäranlägg-.pdf",pdf,application/pdf,206897,2026-02-13T11:50:16Z,Style of drawings/7,Style of drawings,V-50-1-1712,,STYLE_PDF,,,,ej hämtad,,IDENTICAL_IN_2_PLACES
14ORSukdu8ZEYp8WM3GS-g-D5SOCz0oHs,"Drawings/Style of drawings/7/V50-1-1721 - Plan 08, Del 21, Värme & Sanitäranlägg-.pdf","V50-1-1721 - Plan 08, Del 21, Värme & Sanitäranlägg-.pdf",pdf,application/pdf,332692,2026-02-13T11:50:16Z,Style of drawings/7,Style of drawings,V-50-1-1721,,STYLE_PDF,,,,ej hämtad,,IDENTICAL_IN_2_PLACES
1fy9SWG05q2enUP-667ZvOKHHsQenVhBk,"Drawings/Style of drawings/7/V50-1-1134 - Plan 02, Del 34, Värme & Sanitäranlägg-.pdf","V50-1-1134 - Plan 02, Del 34, Värme & Sanitäranlägg-.pdf",pdf,application/pdf,289883,2026-02-13T11:48:38Z,Style of drawings/7,Style of drawings,V-50-1-1134,,STYLE_PDF,,,,ej hämtad,,IDENTICAL_IN_2_PLACES
19CMawpY6gDodIkF8OMb5N5Kn-RKvs-D9,"Drawings/Style of drawings/7/V50-1-1434 - Plan 05, Del 34, Värme & Sanitäranlägg-.pdf","V50-1-1434 - Plan 05, Del 34, Värme & Sanitäranlägg-.pdf",pdf,application/pdf,233754,2026-02-13T11:49:32Z,Style of drawings/7,Style of drawings,V-50-1-1434,,STYLE_PDF,,,,ej hämtad,,IDENTICAL_IN_2_PLACES
15MIXhEYqR1YkaO0Spl_unXwjovYU6Phs,"Drawings/Style of drawings/7/V53-1-1443 - Plan 05, Del 43, Spillvattenanläggning.pdf","V53-1-1443 - Plan 05, Del 43, Spillvattenanläggning.pdf",pdf,application/pdf,200597,2026-02-13T11:49:40Z,Style of drawings/7,Style of drawings,V-53-1-1443,,STYLE_PDF,,,,ej hämtad,,IDENTICAL_IN_2_PLACES
15U8zeHsWd5DltKDiNcLv-yiI4n1n1OH5,"Drawings/Style of drawings/7/V50-1-0942 - Plan B1, Del 42, Värme & Sanitäranlägg-.pdf","V50-1-0942 - Plan B1, Del 42, Värme & Sanitäranlägg-.pdf",pdf,application/pdf,158999,2026-02-13T11:47:48Z,Style of drawings/7,Style of drawings,V-50-1-0942,,STYLE_PDF,,,,ej hämtad,,IDENTICAL_IN_2_PLACES
1ylcal7LIwQ02tjYb_BzLUevokQqzlg8C,"Drawings/Style of drawings/7/V53-1-0914 - Plan B1, Del 14, Spillvattenanläggning.pdf","V53-1-0914 - Plan B1, Del 14, Spillvattenanläggning.pdf",pdf,application/pdf,185757,2026-02-13T11:47:58Z,Style of drawings/7,Style of drawings,V-53-1-0914,,STYLE_PDF,,,,ej hämtad,,IDENTICAL_IN_2_PLACES
1oueJRKOmjLmF9AL95csOkEr75oe9hrBL,"Drawings/Style of drawings/7/V50-1-0811 - Plan B2, Del 11, Värme & Sanitäranlägg-.pdf","V50-1-0811 - Plan B2, Del 11, Värme & Sanitäranlägg-.pdf",pdf,application/pdf,138917,2026-02-13T11:47:16Z,Style of drawings/7,Style of drawings,V-50-1-0811,,STYLE_PDF,,,,ej hämtad,,IDENTICAL_IN_2_PLACES
1Q1pGyz-trudRxwJc-e4Q2mFpd56DGEkr,"Drawings/Style of drawings/7/V53-1-1512 - Plan 06, Del 12, Spillvattenanläggning.pdf","V53-1-1512 - Plan 06, Del 12, Spillvattenanläggning.pdf",pdf,application/pdf,167073,2026-02-13T11:49:56Z,Style of drawings/7,Style of drawings,V-53-1-1512,,STYLE_PDF,,,,ej hämtad,,IDENTICAL_IN_2_PLACES
19mI_XQzZx_vZkluofOQkbrwlHt_xQiwe,"Drawings/Style of drawings/7/V50-1-1714 - Plan 08, Del 14, Värme & Sanitäranlägg-.pdf","V50-1-1714 - Plan 08, Del 14, Värme & Sanitäranlägg-.pdf",pdf,application/pdf,169348,2026-02-13T11:50:16Z,Style of drawings/7,Style of drawings,V-50-1-1714,,STYLE_PDF,,,,ej hämtad,,IDENTICAL_IN_2_PLACES
1wWYXI3WQouwxuQ-Rq-Gb3fs0kHE5j_jG,"Drawings/Style of drawings/7/V50-1-0944 - Plan B1, Del 44, Värme & Sanitäranlägg-.pdf","V50-1-0944 - Plan B1, Del 44, Värme & Sanitäranlägg-.pdf",pdf,application/pdf,118218,2026-02-13T11:47:48Z,Style of drawings/7,Style of drawings,V-50-1-0944,,STYLE_PDF,,,,ej hämtad,,IDENTICAL_IN_2_PLACES
1-4guHwFybHMa6S1Fn-F9LwSQojZjGCNj,"Drawings/Style of drawings/7/V53-1-1123 - Plan 02, Del 23, Spillvattenanläggning.pdf","V53-1-1123 - Plan 02, Del 23, Spillvattenanläggning.pdf",pdf,application/pdf,251638,2026-02-13T12:11:02Z,Style of drawings/7,Style of drawings,V-53-1-1123,,STYLE_PDF,,,,ej hämtad,,IDENTICAL_IN_2_PLACES
1Fr5N_Svf54ZTmKhvlT9OhXkN7HStraNd,"Drawings/Style of drawings/7/V50-1-1343 - Plan 04, Del 43, Värme & Sanitäranlägg-.pdf","V50-1-1343 - Plan 04, Del 43, Värme & Sanitäranlägg-.pdf",pdf,application/pdf,258877,2026-02-13T11:49:14Z,Style of drawings/7,Style of drawings,V-50-1-1343,,STYLE_PDF,,,,ej hämtad,,IDENTICAL_IN_2_PLACES
1VhhjtwLG_dFULCdyVCwiTPzAySoIOMBU,"Drawings/Style of drawings/7/V50-1-1432 - Plan 05, Del 32, Värme & Sanitäranlägg-.pdf","V50-1-1432 - Plan 05, Del 32, Värme & Sanitäranlägg-.pdf",pdf,application/pdf,257628,2026-02-13T11:49:32Z,Style of drawings/7,Style of drawings,V-50-1-1432,,STYLE_PDF,,,,ej hämtad,,IDENTICAL_IN_2_PLACES
1TPWLzKBy1N0tszHLMvy2BL4G2JuGygCJ,"Drawings/Style of drawings/7/V50-1-1043 - Plan 01, Del 43, Värme & Sanitäranlägg-.pdf","V50-1-1043 - Plan 01, Del 43, Värme & Sanitäranlägg-.pdf",pdf,application/pdf,233245,2026-02-13T11:48:12Z,Style of drawings/7,Style of drawings,V-50-1-1043,,STYLE_PDF,,,,ej hämtad,,IDENTICAL_IN_2_PLACES
14JUsUQhDUpKjj9QwUitVu1u_nLLZY8ru,"Drawings/Style of drawings/7/V53-1-0912 - Plan B1, Del 12, Spillvattenanläggning.pdf","V53-1-0912 - Plan B1, Del 12, Spillvattenanläggning.pdf",pdf,application/pdf,210287,2026-02-13T11:47:58Z,Style of drawings/7,Style of drawings,V-53-1-0912,,STYLE_PDF,,,,ej hämtad,,IDENTICAL_IN_2_PLACES
1kNPNZu10mtTXW6ZNHP2rA_Ti5aoVFtjp,"Drawings/Style of drawings/7/V53-1-1414 - Plan 05, Del 14, Spillvattenanläggning.pdf","V53-1-1414 - Plan 05, Del 14, Spillvattenanläggning.pdf",pdf,application/pdf,217293,2026-02-13T11:49:40Z,Style of drawings/7,Style of drawings,V-53-1-1414,,STYLE_PDF,,,,ej hämtad,,IDENTICAL_IN_2_PLACES
1LVZ5gvkK5jWjNUSgOsYRNove0Qmf8csc,"Drawings/Style of drawings/7/V50-1-1123 - Plan 02, Del 23, Värme & Sanitäranlägg-.pdf","V50-1-1123 - Plan 02, Del 23, Värme & Sanitäranlägg-.pdf",pdf,application/pdf,244057,2026-02-13T11:48:38Z,Style of drawings/7,Style of drawings,V-50-1-1123,,STYLE_PDF,,,,ej hämtad,,IDENTICAL_IN_2_PLACES
1WIM3EDuemX_VG9xJLV7yuTXcdgPcI2o0,"Drawings/Style of drawings/7/V53-1-1514 - Plan 06, Del 14, Spillvattenanläggning.pdf","V53-1-1514 - Plan 06, Del 14, Spillvattenanläggning.pdf",pdf,application/pdf,229073,2026-02-13T11:49:56Z,Style of drawings/7,Style of drawings,V-53-1-1514,,STYLE_PDF,,,,ej hämtad,,IDENTICAL_IN_2_PLACES
1w1OzL3kEja1iOzOYN4lz29FeVONG1Qc5,"Drawings/Style of drawings/7/V50-1-1543 - Plan 06, Del 43, Värme & Sanitäranlägg-.pdf","V50-1-1543 - Plan 06, Del 43, Värme & Sanitäranlägg-.pdf",pdf,application/pdf,239385,2026-02-13T11:49:50Z,Style of drawings/7,Style of drawings,V-50-1-1543,,STYLE_PDF,,,,ej hämtad,,IDENTICAL_IN_2_PLACES
1Kr9mjq5Sxc5mi-YZ7ZIVIOc7fo4Ae6hQ,"Drawings/Style of drawings/7/V50-1-1423 - Plan 05, Del 23, Värme & Sanitäranlägg-.pdf","V50-1-1423 - Plan 05, Del 23, Värme & Sanitäranlägg-.pdf",pdf,application/pdf,208097,2026-02-13T11:49:32Z,Style of drawings/7,Style of drawings,V-50-1-1423,,STYLE_PDF,,,,ej hämtad,,IDENTICAL_IN_2_PLACES
1b1riQBG4Rg0eIpE4XZRClDXVyFsoa4Bo,"Drawings/Style of drawings/7/V50-1-1312 - Plan 04, Del 12, Värme & Sanitäranlägg-.pdf","V50-1-1312 - Plan 04, Del 12, Värme & Sanitäranlägg-.pdf",pdf,application/pdf,213931,2026-02-13T11:49:14Z,Style of drawings/7,Style of drawings,V-50-1-1312,,STYLE_PDF,,,,ej hämtad,,IDENTICAL_IN_2_PLACES
12qfDMaDpABu9Cyk3f2VI0dNmc4peexN8,"Drawings/Style of drawings/7/V53-1-1623 - Plan 07, Del 23, Spillvattenanläggning.pdf","V53-1-1623 - Plan 07, Del 23, Spillvattenanläggning.pdf",pdf,application/pdf,187748,2026-02-13T11:50:10Z,Style of drawings/7,Style of drawings,V-53-1-1623,,STYLE_PDF,,,,ej hämtad,,IDENTICAL_IN_2_PLACES
1sdGc-WFiFFQUoIyDuiUJs83yukbZTd3X,"Drawings/Style of drawings/7/V53-1-1221 - Plan 03, Del 21, Spillvattenanläggning.pdf","V53-1-1221 - Plan 03, Del 21, Spillvattenanläggning.pdf",pdf,application/pdf,212705,2026-02-13T11:49:06Z,Style of drawings/7,Style of drawings,V-53-1-1221,,STYLE_PDF,,,,ej hämtad,,IDENTICAL_IN_2_PLACES
1dO0ZV8DHDk3741-6Gy8hVkbBEWtQmeIQ,"Drawings/Style of drawings/7/V50-1-1512 - Plan 06, Del 12, Värme & Sanitäranlägg-.pdf","V50-1-1512 - Plan 06, Del 12, Värme & Sanitäranlägg-.pdf",pdf,application/pdf,223635,2026-02-13T11:49:50Z,Style of drawings/7,Style of drawings,V-50-1-1512,,STYLE_PDF,,,,ej hämtad,,IDENTICAL_IN_2_PLACES
1rZgZMXYdEXzxuoIE23Klj7vx16EqZVY4,"Drawings/Style of drawings/7/V53-1-0943 - Plan B1, Del 43, Spillvattenanläggning.pdf","V53-1-0943 - Plan B1, Del 43, Spillvattenanläggning.pdf",pdf,application/pdf,188329,2026-02-13T11:47:58Z,Style of drawings/7,Style of drawings,V-53-1-0943,,STYLE_PDF,,,,ej hämtad,,IDENTICAL_IN_2_PLACES
1QsJ4XHm91mfb-dupr00JJyzTIHVLdXmY,"Drawings/Style of drawings/7/V50-1-1132 - Plan 02, Del 32, Värme & Sanitäranlägg-.pdf","V50-1-1132 - Plan 02, Del 32, Värme & Sanitäranlägg-.pdf",pdf,application/pdf,166075,2026-02-13T11:48:38Z,Style of drawings/7,Style of drawings,V-50-1-1132,,STYLE_PDF,,,,ej hämtad,,IDENTICAL_IN_2_PLACES
1J5NrLNn7sdUgOj_9_MCX6Vl50rI5NNln,"Drawings/Style of drawings/7/V53-1-1023 - Plan 01, Del 23, Spillvattenanläggning.pdf","V53-1-1023 - Plan 01, Del 23, Spillvattenanläggning.pdf",pdf,application/pdf,204292,2026-02-13T12:11:02Z,Style of drawings/7,Style of drawings,V-53-1-1023,,STYLE_PDF,,,,ej hämtad,,IDENTICAL_IN_2_PLACES
1TXc-ZlksDGCumc7CS8zQvUGNySvDMK56,"Drawings/Style of drawings/7/V50-1-1642 - Plan 07, Del 42, Värme & Sanitäranlägg-.pdf","V50-1-1642 - Plan 07, Del 42, Värme & Sanitäranlägg-.pdf",pdf,application/pdf,348765,2026-02-13T11:50:04Z,Style of drawings/7,Style of drawings,V-50-1-1642,,STYLE_PDF,,,,ej hämtad,,IDENTICAL_IN_2_PLACES
1rTkrdsriggCfkhGPrpqUFbKH9tUVe7_c,"Drawings/Style of drawings/7/V50-1-1141 - Plan 02, Del 41, Värme & Sanitäranlägg-.pdf","V50-1-1141 - Plan 02, Del 41, Värme & Sanitäranlägg-.pdf",pdf,application/pdf,507006,2026-02-13T11:48:38Z,Style of drawings/7,Style of drawings,V-50-1-1141,,STYLE_PDF,,,,ej hämtad,,IDENTICAL_IN_2_PLACES
11opRYJ_bm-SDYCQYmrhjDjLj3L0fUoyA,"Drawings/Style of drawings/7/V50-1-1321 - Plan 04, Del 21, Värme & Sanitäranlägg-.pdf","V50-1-1321 - Plan 04, Del 21, Värme & Sanitäranlägg-.pdf",pdf,application/pdf,293114,2026-02-13T11:49:14Z,Style of drawings/7,Style of drawings,V-50-1-1321,,STYLE_PDF,,,,ej hämtad,,IDENTICAL_IN_2_PLACES
1As2jibpPe28_L_iRE-SJvWh_gPof1Iw0,"Drawings/Style of drawings/7/V53-1-1521 - Plan 06, Del 21, Spillvattenanläggning.pdf","V53-1-1521 - Plan 06, Del 21, Spillvattenanläggning.pdf",pdf,application/pdf,216777,2026-02-13T11:49:56Z,Style of drawings/7,Style of drawings,V-53-1-1521,,STYLE_PDF,,,,ej hämtad,,IDENTICAL_IN_2_PLACES
1W-aCTrwXiTKIhmY9Bn5rwk2JP1RXl4aC,"Drawings/Style of drawings/7/V50-1-1521 - Plan 06, Del 21, Värme & Sanitäranlägg-.pdf","V50-1-1521 - Plan 06, Del 21, Värme & Sanitäranlägg-.pdf",pdf,application/pdf,304567,2026-02-13T11:49:50Z,Style of drawings/7,Style of drawings,V-50-1-1521,,STYLE_PDF,,,,ej hämtad,,IDENTICAL_IN_2_PLACES
1aw0pTHDgMIIu71P9lDfSIkQte6oUTANd,"Drawings/Style of drawings/7/V50-1-1021 - Plan 01, Del 21, Värme & Sanitäranlägg-.pdf","V50-1-1021 - Plan 01, Del 21, Värme & Sanitäranlägg-.pdf",pdf,application/pdf,302403,2026-02-13T11:48:12Z,Style of drawings/7,Style of drawings,V-50-1-1021,,STYLE_PDF,,,,ej hämtad,,IDENTICAL_IN_2_PLACES
1_qkhQ1gy_6p2Cqkj1jAbo1_gEITPEEGo,"Drawings/Style of drawings/7/V53-1-1421 - Plan 05, Del 21, Spillvattenanläggning.pdf","V53-1-1421 - Plan 05, Del 21, Spillvattenanläggning.pdf",pdf,application/pdf,216442,2026-02-13T11:49:40Z,Style of drawings/7,Style of drawings,V-53-1-1421,,STYLE_PDF,,,,ej hämtad,,IDENTICAL_IN_2_PLACES
1Coml4bM5f8JfJm204XQbebL5BCmXkp97,"Drawings/Style of drawings/7/V50-1-1012 - Plan 01, Del 12, Värme & Sanitäranlägg-.pdf","V50-1-1012 - Plan 01, Del 12, Värme & Sanitäranlägg-.pdf",pdf,application/pdf,262391,2026-02-13T11:48:12Z,Style of drawings/7,Style of drawings,V-50-1-1012,,STYLE_PDF,,,,ej hämtad,,IDENTICAL_IN_2_PLACES
1Vo2bhIY5CmiwHuzLAfHnmaAioXaaSqvF,"Drawings/Style of drawings/7/V50-1-1441 - Plan 05, Del 41, Värme & Sanitäranlägg-.pdf","V50-1-1441 - Plan 05, Del 41, Värme & Sanitäranlägg-.pdf",pdf,application/pdf,215713,2026-02-13T11:49:32Z,Style of drawings/7,Style of drawings,V-50-1-1441,,STYLE_PDF,,,,ej hämtad,,IDENTICAL_IN_2_PLACES
1mzSjn6Dni2ftNPrCHcCUEA3kfIaYrFP1,"Drawings/Style of drawings/7/V50-1-1222 - Plan 03, Del 22, Värme & Sanitäranlägg-.pdf","V50-1-1222 - Plan 03, Del 22, Värme & Sanitäranlägg-.pdf",pdf,application/pdf,194452,2026-02-13T11:49:00Z,Style of drawings/7,Style of drawings,V-50-1-1222,,STYLE_PDF,,,,ej hämtad,,IDENTICAL_IN_2_PLACES
1xvzRquyUN140mf9tTp-cechh3cdztUP9,"Drawings/Style of drawings/7/V50-1-1211 - Plan 03, Del 11, Värme & Sanitäranlägg-.pdf","V50-1-1211 - Plan 03, Del 11, Värme & Sanitäranlägg-.pdf",pdf,application/pdf,173726,2026-02-13T11:49:00Z,Style of drawings/7,Style of drawings,V-50-1-1211,,STYLE_PDF,,,,ej hämtad,,IDENTICAL_IN_2_PLACES
1j5nwpnwbi4mUXfmbFVTJK5fvDuF7oKuI,"Drawings/Style of drawings/7/V53-1-1941 - Plan 10, Del 41, Spillvattenanläggning.pdf","V53-1-1941 - Plan 10, Del 41, Spillvattenanläggning.pdf",pdf,application/pdf,141041,2026-02-13T11:51:00Z,Style of drawings/7,Style of drawings,V-53-1-1941,,STYLE_PDF,,,,ej hämtad,,IDENTICAL_IN_2_PLACES
1vTZ6OQ5I-hfJrLZYA_67i7ccIfFnqt5Y,"Drawings/Style of drawings/7/V53-1-2042 - Plan 11, Del 42, Spillvattenanläggning.pdf","V53-1-2042 - Plan 11, Del 42, Spillvattenanläggning.pdf",pdf,application/pdf,145282,2026-02-13T11:51:12Z,Style of drawings/7,Style of drawings,V-53-1-2042,,STYLE_PDF,,,,ej hämtad,,IDENTICAL_IN_2_PLACES
1ujURYDqBHH0Zl4UP-mad3ejlxFL83h5d,"Drawings/Style of drawings/7/V53-1-1132 - Plan 02, Del 32, Spillvattenanläggning.pdf","V53-1-1132 - Plan 02, Del 32, Spillvattenanläggning.pdf",pdf,application/pdf,146941,2026-02-13T11:48:46Z,Style of drawings/7,Style of drawings,V-53-1-1132,,STYLE_PDF,,,,ej hämtad,,IDENTICAL_IN_2_PLACES
1Fs9s4bcbBnWU5xLH7_8Wr7dqH3YzwmIV,"Drawings/Style of drawings/7/V53-1-1822 - Plan 09, Del 22, Spillvattenanläggning.pdf","V53-1-1822 - Plan 09, Del 22, Spillvattenanläggning.pdf",pdf,application/pdf,115280,2026-02-13T11:50:42Z,Style of drawings/7,Style of drawings,V-53-1-1822,,STYLE_PDF,,,,ej hämtad,,IDENTICAL_IN_2_PLACES
1V9DmUocxcTD1xyt_8yT_yaKONh0b9lvL,"Drawings/Style of drawings/7/V53-1-1032 - Plan 01, Del 32, Spillvattenanläggning.pdf","V53-1-1032 - Plan 01, Del 32, Spillvattenanläggning.pdf",pdf,application/pdf,206965,2026-02-13T12:11:02Z,Style of drawings/7,Style of drawings,V-53-1-1032,,STYLE_PDF,,,,ej hämtad,,IDENTICAL_IN_2_PLACES
11022FnQwc1b3eimVRom4qKZerWnhzTBa,"Drawings/Style of drawings/7/V53-1-00824 - Plan B2, Del 24, Spillvattenanläggning, UG.pdf","V53-1-00824 - Plan B2, Del 24, Spillvattenanläggning, UG.pdf",pdf,application/pdf,199006,2026-02-13T12:11:02Z,Style of drawings/7,Style of drawings,,,STYLE_PDF,,,,ej hämtad,,IDENTICAL_IN_2_PLACES
1sDVjCZBHmADCGLt6uwH6RoaLwu4T6wur,"Drawings/Style of drawings/7/V50-1-1214 - Plan 03, Del 14, Värme & Sanitäranlägg-.pdf","V50-1-1214 - Plan 03, Del 14, Värme & Sanitäranlägg-.pdf",pdf,application/pdf,312782,2026-02-13T11:49:00Z,Style of drawings/7,Style of drawings,V-50-1-1214,,STYLE_PDF,,,,ej hämtad,,IDENTICAL_IN_2_PLACES
1IfmRUF5nf0fgGdOTXmxhT4YMcmVZ3TwG,"Drawings/Style of drawings/7/V50-1-0932 - Plan B1, Del 32, Värme & Sanitäranlägg-.pdf","V50-1-0932 - Plan B1, Del 32, Värme & Sanitäranlägg-.pdf",pdf,application/pdf,204413,2026-02-13T11:47:48Z,Style of drawings/7,Style of drawings,V-50-1-0932,,STYLE_PDF,,,,ej hämtad,,IDENTICAL_IN_2_PLACES
1Fk9S_2m4oS9xGEordRXVDUpELydxqcaG,"Drawings/Style of drawings/7/V50-1-1524 - Plan 06, Del 24, Värme & Sanitäranlägg-.pdf","V50-1-1524 - Plan 06, Del 24, Värme & Sanitäranlägg-.pdf",pdf,application/pdf,198551,2026-02-13T11:49:48Z,Style of drawings/7,Style of drawings,V-50-1-1524,,STYLE_PDF,,,,ej hämtad,,IDENTICAL_IN_2_PLACES
1-aV3ZKXDrhosLnct-MnsusfS3-dVvLLK,"Drawings/Style of drawings/7/V50-1-1923 - Plan 10, Del 23, Värme & Sanitäranlägg-.pdf","V50-1-1923 - Plan 10, Del 23, Värme & Sanitäranlägg-.pdf",pdf,application/pdf,146163,2026-02-13T11:50:50Z,Style of drawings/7,Style of drawings,V-50-1-1923,,STYLE_PDF,,,,ej hämtad,,IDENTICAL_IN_2_PLACES
1J-3eCDdkTKzqU_1y_w6H4pYUArjQ9Lq1,"Drawings/Style of drawings/7/V50-1-1144 - Plan 02, Del 44, Värme & Sanitäranlägg-.pdf","V50-1-1144 - Plan 02, Del 44, Värme & Sanitäranlägg-.pdf",pdf,application/pdf,200420,2026-02-13T11:48:38Z,Style of drawings/7,Style of drawings,V-50-1-1144,,STYLE_PDF,,,,ej hämtad,,IDENTICAL_IN_2_PLACES
1vb-e2anF6wLEAKTp1ojhXhcd4OgCI62c,"Drawings/Style of drawings/7/V53-1-1122 - Plan 02, Del 22, Spillvattenanläggning.pdf","V53-1-1122 - Plan 02, Del 22, Spillvattenanläggning.pdf",pdf,application/pdf,147798,2026-02-13T11:48:46Z,Style of drawings/7,Style of drawings,V-53-1-1122,,STYLE_PDF,,,,ej hämtad,,IDENTICAL_IN_2_PLACES
1vy2Fnk6mc09z49uuW7ZQmQ0rGjhV7zOB,"Drawings/Style of drawings/7/V50-1-1444 - Plan 05, Del 44, Värme & Sanitäranlägg-.pdf","V50-1-1444 - Plan 05, Del 44, Värme & Sanitäranlägg-.pdf",pdf,application/pdf,171242,2026-02-13T11:49:32Z,Style of drawings/7,Style of drawings,V-50-1-1444,,STYLE_PDF,,,,ej hämtad,,IDENTICAL_IN_2_PLACES
142kFKA91rzKJ30-6pduITgJ-TuGlasnb,"Drawings/Style of drawings/7/V50-1-1324 - Plan 04, Del 24, Värme & Sanitäranlägg-.pdf","V50-1-1324 - Plan 04, Del 24, Värme & Sanitäranlägg-.pdf",pdf,application/pdf,194756,2026-02-13T11:49:14Z,Style of drawings/7,Style of drawings,V-50-1-1324,,STYLE_PDF,,,,ej hämtad,,IDENTICAL_IN_2_PLACES
1WBPWKJwvIFO23wAzmPbKWHJlV2J3k6Ut,"Drawings/Style of drawings/7/V53-1-1244 - Plan 03, Del 44, Spillvattenanläggning.pdf","V53-1-1244 - Plan 03, Del 44, Spillvattenanläggning.pdf",pdf,application/pdf,138611,2026-02-13T11:49:06Z,Style of drawings/7,Style of drawings,V-53-1-1244,,STYLE_PDF,,,,ej hämtad,,IDENTICAL_IN_2_PLACES
1ACAgdE6xurpZCK6KwN0NKi93trjeZtG3,"Drawings/Style of drawings/7/V50-1-1024 - Plan 01, Del 24, Värme & Sanitäranlägg-.pdf","V50-1-1024 - Plan 01, Del 24, Värme & Sanitäranlägg-.pdf",pdf,application/pdf,189402,2026-02-13T11:48:10Z,Style of drawings/7,Style of drawings,V-50-1-1024,,STYLE_PDF,,,,ej hämtad,,IDENTICAL_IN_2_PLACES
13vg9PjZI4iKa8NPR9R7iMxhn2s1WDgsv,"Drawings/Style of drawings/7/V53-1-1823 - Plan 09, Del 23, Spillvattenanläggning.pdf","V53-1-1823 - Plan 09, Del 23, Spillvattenanläggning.pdf",pdf,application/pdf,130894,2026-02-13T11:50:42Z,Style of drawings/7,Style of drawings,V-53-1-1823,,STYLE_PDF,,,,ej hämtad,,IDENTICAL_IN_2_PLACES
1Da-X03PQ5THlgHK6_fmHjpGYdDhxYfEf,"Drawings/Style of drawings/7/V50-1-0923 - Plan B1, Del 23, Värme & Sanitäranlägg-.pdf","V50-1-0923 - Plan B1, Del 23, Värme & Sanitäranlägg-.pdf",pdf,application/pdf,161920,2026-02-13T11:47:48Z,Style of drawings/7,Style of drawings,V-50-1-0923,,STYLE_PDF,,,,ej hämtad,,IDENTICAL_IN_2_PLACES
1kMlfrrSpLY4s1Xv3W9vJOieBM40alPYX,"Drawings/Style of drawings/7/V53-1-1022 - Plan 01, Del 22, Spillvattenanläggning.pdf","V53-1-1022 - Plan 01, Del 22, Spillvattenanläggning.pdf",pdf,application/pdf,136413,2026-02-13T11:48:18Z,Style of drawings/7,Style of drawings,V-53-1-1022,,STYLE_PDF,,,,ej hämtad,,IDENTICAL_IN_2_PLACES
1ffqzaILVMuSxlf8oPk5uXm3b33wPpFNE,"Drawings/Style of drawings/7/V50-1-0812 - Plan B2, Del 12, Värme & Sanitäranlägg-.pdf","V50-1-0812 - Plan B2, Del 12, Värme & Sanitäranlägg-.pdf",pdf,application/pdf,201828,2026-02-13T12:11:02Z,Style of drawings/7,Style of drawings,V-50-1-0812,,STYLE_PDF,,,,ej hämtad,,IDENTICAL_IN_2_PLACES
18w2dBUCa5QBMI6T7-UgS6u1uiu4GoV56,"Drawings/Style of drawings/7/V53-1-1924 - Plan 10, Del 24, Spillvattenanläggning.pdf","V53-1-1924 - Plan 10, Del 24, Spillvattenanläggning.pdf",pdf,application/pdf,193270,2026-02-13T12:11:02Z,Style of drawings/7,Style of drawings,V-53-1-1924,,STYLE_PDF,,,,ej hämtad,,IDENTICAL_IN_2_PLACES
1yuRxkVSBWG9gclc3HMiq4qE_XBqO2Hxs,"Drawings/Style of drawings/7/V53-1-1632 - Plan 07, Del 32, Spillvattenanläggning.pdf","V53-1-1632 - Plan 07, Del 32, Spillvattenanläggning.pdf",pdf,application/pdf,249713,2026-02-13T11:50:10Z,Style of drawings/7,Style of drawings,V-53-1-1632,,STYLE_PDF,,,,ej hämtad,,IDENTICAL_IN_2_PLACES
1y-VSu-qrKlox6J9MTMwHCcIbF_Kod3Fj,"Drawings/Style of drawings/7/V53-1-1544 - Plan 06, Del 44, Spillvattenanläggning.pdf","V53-1-1544 - Plan 06, Del 44, Spillvattenanläggning.pdf",pdf,application/pdf,146784,2026-02-13T11:49:56Z,Style of drawings/7,Style of drawings,V-53-1-1544,,STYLE_PDF,,,,ej hämtad,,IDENTICAL_IN_2_PLACES
1OQXrTazhkKfbTKCWed2hOkiAq0xyPzM3,"Drawings/Style of drawings/7/V50-1-1243 - Plan 03, Del 43, Värme & Sanitäranlägg-.pdf","V50-1-1243 - Plan 03, Del 43, Värme & Sanitäranlägg-.pdf",pdf,application/pdf,267647,2026-02-13T11:49:00Z,Style of drawings/7,Style of drawings,V-50-1-1243,,STYLE_PDF,,,,ej hämtad,,IDENTICAL_IN_2_PLACES
16wMrjDONi_8Obx3OTshFDRgjQ34-LB_x,"Drawings/Style of drawings/7/V53-1-1724 - Plan 08, Del 24, Spillvattenanläggning.pdf","V53-1-1724 - Plan 08, Del 24, Spillvattenanläggning.pdf",pdf,application/pdf,169500,2026-02-13T11:50:26Z,Style of drawings/7,Style of drawings,V-53-1-1724,,STYLE_PDF,,,,ej hämtad,,IDENTICAL_IN_2_PLACES
18vgVjmnCPwkWOJ_vi32hnEMedWonir2T,"Drawings/Style of drawings/7/V53-1-1444 - Plan 05, Del 44, Spillvattenanläggning.pdf","V53-1-1444 - Plan 05, Del 44, Spillvattenanläggning.pdf",pdf,application/pdf,142275,2026-02-13T11:49:40Z,Style of drawings/7,Style of drawings,V-53-1-1444,,STYLE_PDF,,,,ej hämtad,,IDENTICAL_IN_2_PLACES
1Pz-GIZJA2nFjnOrUMDEtuFFMfmWY9IpP,"Drawings/Style of drawings/7/V53-1-0942 - Plan B1, Del 42, Spillvattenanläggning.pdf","V53-1-0942 - Plan B1, Del 42, Spillvattenanläggning.pdf",pdf,application/pdf,148056,2026-02-13T11:47:58Z,Style of drawings/7,Style of drawings,V-53-1-0942,,STYLE_PDF,,,,ej hämtad,,IDENTICAL_IN_2_PLACES
1A7uHEwMnZJ9GWb--YxhXLPvBEdaG39-I,"Drawings/Style of drawings/7/V50-1-0941 - Plan B1, Del 41, Värme & Sanitäranlägg-.pdf","V50-1-0941 - Plan B1, Del 41, Värme & Sanitäranlägg-.pdf",pdf,application/pdf,131994,2026-02-13T11:47:48Z,Style of drawings/7,Style of drawings,V-50-1-0941,,STYLE_PDF,,,,ej hämtad,,IDENTICAL_IN_2_PLACES
19q2op40nsKbtpioJCFsEhn0lffVL-8gy,"Drawings/Style of drawings/7/V53-1-0913 - Plan B1, Del 13, Spillvattenanläggning.pdf","V53-1-0913 - Plan B1, Del 13, Spillvattenanläggning.pdf",pdf,application/pdf,131697,2026-02-13T11:47:58Z,Style of drawings/7,Style of drawings,V-53-1-0913,,STYLE_PDF,,,,ej hämtad,,IDENTICAL_IN_2_PLACES
1-0VYvJdvVz-eVoxD-_qdaNLkMA1FZy7A,"Drawings/Style of drawings/7/V50-1-1722 - Plan 08, Del 22, Värme & Sanitäranlägg-.pdf","V50-1-1722 - Plan 08, Del 22, Värme & Sanitäranlägg-.pdf",pdf,application/pdf,167765,2026-02-13T11:50:16Z,Style of drawings/7,Style of drawings,V-50-1-1722,,STYLE_PDF,,,,ej hämtad,,IDENTICAL_IN_2_PLACES
13-Ey6--q2LVE_JW_lUwy_jPhC0BcfmZu,"Drawings/Style of drawings/7/V53-1-1332 - Plan 04, Del 32, Spillvattenanläggning.pdf","V53-1-1332 - Plan 04, Del 32, Spillvattenanläggning.pdf",pdf,application/pdf,189208,2026-02-13T11:49:22Z,Style of drawings/7,Style of drawings,V-53-1-1332,,STYLE_PDF,,,,ej hämtad,,IDENTICAL_IN_2_PLACES
1zdZ1TLRLfDFH_hsn5AdrBVJHkjRiCKbp,"Drawings/Style of drawings/7/V53-1-0834 - Plan B2, Del 34, Spillvattenanläggning, ÖG.pdf","V53-1-0834 - Plan B2, Del 34, Spillvattenanläggning, ÖG.pdf",pdf,application/pdf,103726,2026-02-13T11:47:26Z,Style of drawings/7,Style of drawings,V-53-1-0834,,STYLE_PDF,,,,ej hämtad,,IDENTICAL_IN_2_PLACES
13DID5cAi5EkAgrqZwkxljIViOak5I2uq,"Drawings/Style of drawings/7/V53-1-1622 - Plan 07, Del 22, Spillvattenanläggning.pdf","V53-1-1622 - Plan 07, Del 22, Spillvattenanläggning.pdf",pdf,application/pdf,141053,2026-02-13T11:50:10Z,Style of drawings/7,Style of drawings,V-53-1-1622,,STYLE_PDF,,,,ej hämtad,,IDENTICAL_IN_2_PLACES
1D6V3HNBpfKCxohqGY-QG23gE2QU53UtQ,"Drawings/Style of drawings/7/V53-1-1322 - Plan 04, Del 22, Spillvattenanläggning.pdf","V53-1-1322 - Plan 04, Del 22, Spillvattenanläggning.pdf",pdf,application/pdf,140604,2026-02-13T11:49:22Z,Style of drawings/7,Style of drawings,V-53-1-1322,,STYLE_PDF,,,,ej hämtad,,IDENTICAL_IN_2_PLACES
183A_ZI0DTjOTdou0xuMaerUQ0uGDhXpY,"Drawings/Style of drawings/7/V53-1-0821 - Plan B2, Del 21, Spillvattenanläggning, ÖG.pdf","V53-1-0821 - Plan B2, Del 21, Spillvattenanläggning, ÖG.pdf",pdf,application/pdf,126802,2026-02-13T11:47:26Z,Style of drawings/7,Style of drawings,V-53-1-0821,,STYLE_PDF,,,,ej hämtad,,IDENTICAL_IN_2_PLACES
1ZJt0ofbN5EOKkcpvAv3uTYEgLJplNAbQ,"Drawings/Style of drawings/7/V50-1-1413 - Plan 05, Del 13, Värme & Sanitäranlägg-.pdf","V50-1-1413 - Plan 05, Del 13, Värme & Sanitäranlägg-.pdf",pdf,application/pdf,186397,2026-02-13T11:49:32Z,Style of drawings/7,Style of drawings,V-50-1-1413,,STYLE_PDF,,,,ej hämtad,,IDENTICAL_IN_2_PLACES
1PpcTs3biJL1g7sk7sB0D4BGtuBtofMfB,"Drawings/Style of drawings/7/V50-1-1824 - Plan 09, Del 24, Värme & Sanitäranlägg-.pdf","V50-1-1824 - Plan 09, Del 24, Värme & Sanitäranlägg-.pdf",pdf,application/pdf,198097,2026-02-13T12:11:02Z,Style of drawings/7,Style of drawings,V-50-1-1824,,STYLE_PDF,,,,ej hämtad,,IDENTICAL_IN_2_PLACES
1zAFt9wcmKpYHPuI4yWv9D5eOPEIPgl_v,"Drawings/Style of drawings/7/V50-1-0814 - Plan B2, Del 14, Värme & Sanitäranlägg-.pdf","V50-1-0814 - Plan B2, Del 14, Värme & Sanitäranlägg-.pdf",pdf,application/pdf,202362,2026-02-13T12:11:02Z,Style of drawings/7,Style of drawings,V-50-1-0814,,STYLE_PDF,,,,ej hämtad,,IDENTICAL_IN_2_PLACES
1EXWOHeO1bmhWy5eoOHoNFtv_jqCkDuao,"Drawings/Style of drawings/7/V50-1-1623 - Plan 07, Del 23, Värme & Sanitäranlägg-.pdf","V50-1-1623 - Plan 07, Del 23, Värme & Sanitäranlägg-.pdf",pdf,application/pdf,285859,2026-02-13T11:50:04Z,Style of drawings/7,Style of drawings,V-50-1-1623,,STYLE_PDF,,,,ej hämtad,,IDENTICAL_IN_2_PLACES
1BCdzPmAZzAkfndVPZIPag28wDribw6cc,"Drawings/Style of drawings/7/V53-1-1634 - Plan 07, Del 34, Spillvattenanläggning.pdf","V53-1-1634 - Plan 07, Del 34, Spillvattenanläggning.pdf",pdf,application/pdf,204866,2026-02-13T11:50:10Z,Style of drawings/7,Style of drawings,V-53-1-1634,,STYLE_PDF,,,,ej hämtad,,IDENTICAL_IN_2_PLACES
1HhGx1QJWV6ZN_idmBnpjuE3d60-GZe3z,"Drawings/Style of drawings/7/V50-1-1724 - Plan 08, Del 24, Värme & Sanitäranlägg-.pdf","V50-1-1724 - Plan 08, Del 24, Värme & Sanitäranlägg-.pdf",pdf,application/pdf,222181,2026-02-13T11:50:16Z,Style of drawings/7,Style of drawings,V-50-1-1724,,STYLE_PDF,,,,ej hämtad,,IDENTICAL_IN_2_PLACES
1qeRbb7lllz03NCHF2PQNg9MG73JWTX2Q,"Drawings/Style of drawings/7/V53-1-1542 - Plan 06, Del 42, Spillvattenanläggning.pdf","V53-1-1542 - Plan 06, Del 42, Spillvattenanläggning.pdf",pdf,application/pdf,202749,2026-02-13T11:49:56Z,Style of drawings/7,Style of drawings,V-53-1-1542,,STYLE_PDF,,,,ej hämtad,,IDENTICAL_IN_2_PLACES
1JFlSXDw4rtj25RA0LX1VMzkyhLt5x_KG,"Drawings/Style of drawings/7/V50-1-1113 - Plan 02, Del 13, Värme & Sanitäranlägg-.pdf","V50-1-1113 - Plan 02, Del 13, Värme & Sanitäranlägg-.pdf",pdf,application/pdf,202277,2026-02-13T11:48:38Z,Style of drawings/7,Style of drawings,V-50-1-1113,,STYLE_PDF,,,,ej hämtad,,IDENTICAL_IN_2_PLACES
1uTAsOxfh-qJWzTkfV_9yXCzbv40kNX78,"Drawings/Style of drawings/7/V53-1-1442 - Plan 05, Del 42, Spillvattenanläggning.pdf","V53-1-1442 - Plan 05, Del 42, Spillvattenanläggning.pdf",pdf,application/pdf,203890,2026-02-13T11:49:40Z,Style of drawings/7,Style of drawings,V-53-1-1442,,STYLE_PDF,,,,ej hämtad,,IDENTICAL_IN_2_PLACES
1QTLgx6oSTr64z7yvwDsCztw8D-jubaV8,"Drawings/Style of drawings/7/V53-1-1624 - Plan 07, Del 24, Spillvattenanläggning.pdf","V53-1-1624 - Plan 07, Del 24, Spillvattenanläggning.pdf",pdf,application/pdf,188568,2026-02-13T11:50:10Z,Style of drawings/7,Style of drawings,V-53-1-1624,,STYLE_PDF,,,,ej hämtad,,IDENTICAL_IN_2_PLACES
1WvI0U_iqbYC318uohR9DfSOcM4lL-fEx,"Drawings/Style of drawings/7/V53-1-1324 - Plan 04, Del 24, Spillvattenanläggning.pdf","V53-1-1324 - Plan 04, Del 24, Spillvattenanläggning.pdf",pdf,application/pdf,155130,2026-02-13T11:49:22Z,Style of drawings/7,Style of drawings,V-53-1-1324,,STYLE_PDF,,,,ej hämtad,,IDENTICAL_IN_2_PLACES
1ama0wFUnps_DSiRWI38Z-195X1iQqE-9,"Drawings/Style of drawings/7/V53-1-2021 - Plan 11, Del 21, Spillvattenanläggning.pdf","V53-1-2021 - Plan 11, Del 21, Spillvattenanläggning.pdf",pdf,application/pdf,128629,2026-02-13T11:51:12Z,Style of drawings/7,Style of drawings,V-53-1-2021,,STYLE_PDF,,,,ej hämtad,,IDENTICAL_IN_2_PLACES
1098iktSaIqi-j3oGx82Xt5WhMLWwV1T6,"Drawings/Style of drawings/7/V53-1-0944 - Plan B1, Del 44, Spillvattenanläggning.pdf","V53-1-0944 - Plan B1, Del 44, Spillvattenanläggning.pdf",pdf,application/pdf,100995,2026-02-13T11:47:58Z,Style of drawings/7,Style of drawings,V-53-1-0944,,STYLE_PDF,,,,ej hämtad,,IDENTICAL_IN_2_PLACES
1qZAccOny9tZ1S5zh_AZZD3vRSmUoK0tt,"Drawings/Style of drawings/7/V50-1-1511 - Plan 06, Del 11, Värme & Sanitäranlägg-.pdf","V50-1-1511 - Plan 06, Del 11, Värme & Sanitäranlägg-.pdf",pdf,application/pdf,156545,2026-02-13T11:49:50Z,Style of drawings/7,Style of drawings,V-50-1-1511,,STYLE_PDF,,,,ej hämtad,,IDENTICAL_IN_2_PLACES
1dPrwpLc1jvcuKJ_m9tLStLmk7jueIZ6-,"Drawings/Style of drawings/7/V53-1-1722 - Plan 08, Del 22, Spillvattenanläggning.pdf","V53-1-1722 - Plan 08, Del 22, Spillvattenanläggning.pdf",pdf,application/pdf,135122,2026-02-13T11:50:26Z,Style of drawings/7,Style of drawings,V-53-1-1722,,STYLE_PDF,,,,ej hämtad,,IDENTICAL_IN_2_PLACES
1xvIfxU1BC_mbMdmGt9EFfRn2XKIc1RJP,"Drawings/Style of drawings/7/V50-1-1221 - Plan 03, Del 21, Värme & Sanitäranlägg-.pdf","V50-1-1221 - Plan 03, Del 21, Värme & Sanitäranlägg-.pdf",pdf,application/pdf,298175,2026-02-13T11:49:00Z,Style of drawings/7,Style of drawings,V-50-1-1221,,STYLE_PDF,,,,ej hämtad,,IDENTICAL_IN_2_PLACES
1LKmvvD-T8OJ7npp8JixEAIKZqnTr2Ell,"Drawings/Style of drawings/7/V50-1-1442 - Plan 05, Del 42, Värme & Sanitäranlägg-.pdf","V50-1-1442 - Plan 05, Del 42, Värme & Sanitäranlägg-.pdf",pdf,application/pdf,270236,2026-02-13T11:49:32Z,Style of drawings/7,Style of drawings,V-50-1-1442,,STYLE_PDF,,,,ej hämtad,,IDENTICAL_IN_2_PLACES
1CwG50-2hEm46qA6SkZK1ou1yVCrrmcqV,"Drawings/Style of drawings/7/V50-1-1142 - Plan 02, Del 42, Värme & Sanitäranlägg-.pdf","V50-1-1142 - Plan 02, Del 42, Värme & Sanitäranlägg-.pdf",pdf,application/pdf,331431,2026-02-13T11:48:38Z,Style of drawings/7,Style of drawings,V-50-1-1142,,STYLE_PDF,,,,ej hämtad,,IDENTICAL_IN_2_PLACES
1IA5vl32WTqaSkWQDCY7Za6jDnIncWvJg,Drawings/Other drawings (different format)/Fyrtornet 2/Futurecalc test,Futurecalc test,,application/vnd.google-apps.folder,0,2026-09-10T22:02:15.086Z,Other drawings (different format)/Fyrtornet 2,Other drawings (different format),,,FOLDER,,,,ej hämtad,,0_VERSIONS_BY_SIZE
1UZOR_EkuW6fdIr0-WsJZstrYChKzvGwB,Drawings/Other drawings (different format)/Fyrens förskola/W-50-2-110.pdf,W-50-2-110.pdf,pdf,application/pdf,4815104,2026-08-29T11:06:46Z,Other drawings (different format)/Fyrens förskola,Other drawings (different format),W-50-2-0110,,OTHER_FORMAT_PDF,,,,ej hämtad,,UNIQUE
1mlPZBYAtbQXWWVdnYhmKz_2Jk8reZb4i,Drawings/Other drawings (different format)/Fyrens förskola/12. RITNINGAR.zip,12. RITNINGAR.zip,zip,application/zip,85492017,2026-08-29T11:02:40Z,Other drawings (different format)/Fyrens förskola,Other drawings (different format),,,OTHER,,,,ej hämtad,,UNIQUE
1q3aIgg8U3vRfYk94hvLgqi6lc04dEoDl,Drawings/Other drawings (different format)/TOFTASKOLAN HUS B/V-53-1-00 RIVNING.pdf,V-53-1-00 RIVNING.pdf,pdf,application/pdf,2892646,2026-08-29T11:37:02Z,Other drawings (different format)/TOFTASKOLAN HUS B,Other drawings (different format),,,OTHER_FORMAT_PDF,DEVELOPMENT,styles/TOFTASKOLAN HUS B/V-53-1-00 RIVNING.pdf,056367713b0d1a6d29a12e17fa400a19adb7564624857a46fa5fec9f37e70140,"lokal kopia, samma namn och storlek",UNREADABLE,UNIQUE
1uZ02VIf_-xAuLm0l8ktPgpQnPwrGkT9h,Drawings/Other drawings (different format)/TOFTASKOLAN HUS B/V-50-1-02 RIVNING.pdf,V-50-1-02 RIVNING.pdf,pdf,application/pdf,1555542,2026-08-29T11:37:02Z,Other drawings (different format)/TOFTASKOLAN HUS B,Other drawings (different format),,,OTHER_FORMAT_PDF,DEVELOPMENT,styles/TOFTASKOLAN HUS B/V-50-1-02 RIVNING.pdf,cbe4c56a1a3ea729dc2b2012db2fb9fcaa14e9b0acc2bc57adeeba81c3b78d9a,"lokal kopia, samma namn och storlek",UNREADABLE,UNIQUE
13zPfchxyd4UKG1oN3B-q3xTHgIPIsnhD,Drawings/Other drawings (different format)/TOFTASKOLAN HUS B/V-57.1-01-BÖP.pdf,V-57.1-01-BÖP.pdf,pdf,application/pdf,199748,2026-08-29T11:37:02Z,Other drawings (different format)/TOFTASKOLAN HUS B,Other drawings (different format),,,OTHER_FORMAT_PDF,DEVELOPMENT,styles/TOFTASKOLAN HUS B/V-57.1-01-BÖP.pdf,b861b0c4f39c9a174ec9eac19ebfd8f54bbf5627052c0e437f4566441ca4dc6c,"lokal kopia, samma storlek och typ",NO_ANNOTATIONS,UNIQUE
1W8r2UZkyWTD76G3cZ4fC02_VnQc61jyw,Drawings/Other drawings (different format)/TOFTASKOLAN HUS B/V-50-1-020.pdf,V-50-1-020.pdf,pdf,application/pdf,396529,2026-08-29T11:37:02Z,Other drawings (different format)/TOFTASKOLAN HUS B,Other drawings (different format),V-50-1-0020,,OTHER_FORMAT_PDF,DEVELOPMENT,styles/TOFTASKOLAN HUS B/V-50-1-020.pdf,dc48da56c42fe928497f2a0522ff35abbfb77b5e139f1f30aebb1ed61b261667,"lokal kopia, samma namn och storlek",NO_ANNOTATIONS ID_NOT_IN_SHEET_TEXT,UNIQUE
1rJCjaiGgs9HWiXu6bTIYYg8YDaLCLXpA,Drawings/Other drawings (different format)/TOFTASKOLAN HUS B/V-53-1-020.pdf,V-53-1-020.pdf,pdf,application/pdf,346667,2026-08-29T11:37:02Z,Other drawings (different format)/TOFTASKOLAN HUS B,Other drawings (different format),V-53-1-0020,,OTHER_FORMAT_PDF,DEVELOPMENT,styles/TOFTASKOLAN HUS B/V-53-1-020.pdf,673f8b8cfa2a1331c598a2a15f7cdf5e852ca07feb7566c58f63b159dfa4b9f5,"lokal kopia, samma namn och storlek",NO_ANNOTATIONS ID_NOT_IN_SHEET_TEXT,UNIQUE
1zpQqrDNoCNzK4F_TP2qtX_NN240zq23W,Drawings/Other drawings (different format)/TOFTASKOLAN HUS B/11.4 Teknisk beskrivning VVS.pdf,11.4 Teknisk beskrivning VVS.pdf,pdf,application/pdf,6909000,2026-08-29T11:34:58Z,Other drawings (different format)/TOFTASKOLAN HUS B,Other drawings (different format),,,OTHER_FORMAT_PDF,DEVELOPMENT,styles/TOFTASKOLAN HUS B/11.4 Teknisk beskrivning VVS.pdf,2173df36a7338cbf2a248630c5b273cdaf96eec50a6cc7eb75500a53923e3696,"lokal kopia, samma namn och storlek",ANNOTATED(151) ENGINE_STRIPS_ANNOTS,UNIQUE
1fTb6gNCloLC7-MG7R9rN1fakFHxeoDGT,Drawings/Other drawings (different format)/TOFTASKOLAN HUS B/V-57.1-02.pdf,V-57.1-02.pdf,pdf,application/pdf,448511,2026-08-29T11:37:02Z,Other drawings (different format)/TOFTASKOLAN HUS B,Other drawings (different format),,,OTHER_FORMAT_PDF,DEVELOPMENT,styles/TOFTASKOLAN HUS B/V-57.1-02.pdf,f50e31f45cb7898be001a37b0e64648b376e02e5fd56502864528dc86fec7ddf,"lokal kopia, samma namn och storlek",ANNOTATED(1) ENGINE_STRIPS_ANNOTS,UNIQUE
1254Zk5_SzFZG64mAw72Sn79nKpjN-snQ,Drawings/Other drawings (different format)/TOFTASKOLAN HUS B/V-50-1-01 RIVNING.pdf,V-50-1-01 RIVNING.pdf,pdf,application/pdf,306289,2026-08-29T11:37:02Z,Other drawings (different format)/TOFTASKOLAN HUS B,Other drawings (different format),,,OTHER_FORMAT_PDF,DEVELOPMENT,styles/TOFTASKOLAN HUS B/V-50-1-01 RIVNING.pdf,fd1ee9ee2b7fab0f89754f247de9ee696a9f1991b1bf120e1059fd62342b0468,"lokal kopia, samma namn och storlek",ANNOTATED(22) ENGINE_STRIPS_ANNOTS,UNIQUE
1SvXzlOVCLUclkSIj31jqgMDSR9IDuq1G,Drawings/Other drawings (different format)/TOFTASKOLAN HUS B/V-57.1-02-BÖP.pdf,V-57.1-02-BÖP.pdf,pdf,application/pdf,234337,2026-08-29T11:37:02Z,Other drawings (different format)/TOFTASKOLAN HUS B,Other drawings (different format),,,OTHER_FORMAT_PDF,DEVELOPMENT,styles/TOFTASKOLAN HUS B/V-57.1-02-BÖP.pdf,d3887f430a48916482f56380a50615be80f390f4565728f424632a481fa463fa,"lokal kopia, samma storlek och typ",NO_ANNOTATIONS,UNIQUE
1f745L1p4ntH-1kFIHVcu8Ciw7bRFKzEZ,Drawings/Other drawings (different format)/TOFTASKOLAN HUS B/V-57.1-01.pdf,V-57.1-01.pdf,pdf,application/pdf,351784,2026-08-29T11:37:02Z,Other drawings (different format)/TOFTASKOLAN HUS B,Other drawings (different format),,,OTHER_FORMAT_PDF,DEVELOPMENT,styles/TOFTASKOLAN HUS B/V-57.1-01.pdf,ce5ec7e1676ec24817b9cc8c1ffe99ef04ba7529af6208ca9e9941fdc7c6f5ff,"lokal kopia, samma namn och storlek",ANNOTATED(1) ENGINE_STRIPS_ANNOTS,UNIQUE
1XND-Ttt0tCN2GkAVHUURuaMO4FCN_Is1,Drawings/Other drawings (different format)/TOFTASKOLAN HUS B/V-57.8-001.pdf,V-57.8-001.pdf,pdf,application/pdf,205538,2026-08-29T11:37:02Z,Other drawings (different format)/TOFTASKOLAN HUS B,Other drawings (different format),,,OTHER_FORMAT_PDF,DEVELOPMENT,styles/TOFTASKOLAN HUS B/V-57.8-001.pdf,b77e727a5af0e41074cf2d8659a39d006369b901bee5b10c99b281e3613c3a51,"lokal kopia, samma namn och storlek",NO_ANNOTATIONS,2_VERSIONS_BY_SIZE
1WAQSMVfC35DfzfosOkLSdD6AlHDNhJho,Drawings/Other drawings (different format)/TOFTASKOLAN HUS B/V-57.1-03.pdf,V-57.1-03.pdf,pdf,application/pdf,227190,2026-08-29T11:37:02Z,Other drawings (different format)/TOFTASKOLAN HUS B,Other drawings (different format),,,OTHER_FORMAT_PDF,DEVELOPMENT,styles/TOFTASKOLAN HUS B/V-57.1-03.pdf,e6c2732e026dc8220b223900ce9ab4ada1ccf5f12acade0eb03f4dcb7f8c07e0,"lokal kopia, samma namn och storlek",ANNOTATED(1) ENGINE_STRIPS_ANNOTS,UNIQUE
1cgMNJVVo_Fgw0uOGlF6HkuDa_j09aKc2,Drawings/Other drawings (different format)/TOFTASKOLAN HUS B/V-57.1-01-DEM.pdf,V-57.1-01-DEM.pdf,pdf,application/pdf,254803,2026-08-29T11:37:02Z,Other drawings (different format)/TOFTASKOLAN HUS B,Other drawings (different format),,,OTHER_FORMAT_PDF,DEVELOPMENT,styles/TOFTASKOLAN HUS B/V-57.1-01-DEM.pdf,efcf7e8058641afa4846d39abed7e545ca56cfa589854aca3d9c8a1e6a04ca2b,"lokal kopia, samma namn och storlek",UNREADABLE,UNIQUE
13LfgnygBYol-dE3BQEUa3kxxvKcjnDC5,Drawings/Other drawings (different format)/TOFTASKOLAN HUS B/V-57.1-02-HT.pdf,V-57.1-02-HT.pdf,pdf,application/pdf,229369,2026-08-29T11:37:02Z,Other drawings (different format)/TOFTASKOLAN HUS B,Other drawings (different format),,,OTHER_FORMAT_PDF,DEVELOPMENT,styles/TOFTASKOLAN HUS B/V-57.1-02-HT.pdf,3ed6148bd8cc2640c37bb45912daf5dbb46f2c22b2416180cbcd32182743c918,"lokal kopia, samma namn och storlek",NO_ANNOTATIONS,UNIQUE
1nePr-wTVswHub-rMLGh66MUfWM2NC0N3,Drawings/Other drawings (different format)/TOFTASKOLAN HUS B/V-50-1-010.pdf,V-50-1-010.pdf,pdf,application/pdf,269400,2026-08-29T11:37:02Z,Other drawings (different format)/TOFTASKOLAN HUS B,Other drawings (different format),V-50-1-0010,,OTHER_FORMAT_PDF,DEVELOPMENT,styles/TOFTASKOLAN HUS B/V-50-1-010.pdf,5c871fed25ed6b8d7e110584800cbe3e463fa6dde73343f911d18a7fd6b69597,"lokal kopia, samma namn och storlek",NO_ANNOTATIONS ID_NOT_IN_SHEET_TEXT,UNIQUE
1tuJ56ff0voIV2CpLR9YyYjWh6_U5_qzr,Drawings/Other drawings (different format)/TOFTASKOLAN HUS B/V-50-1-020 HT.pdf,V-50-1-020 HT.pdf,pdf,application/pdf,252619,2026-08-29T11:37:02Z,Other drawings (different format)/TOFTASKOLAN HUS B,Other drawings (different format),V-50-1-0020,,OTHER_FORMAT_PDF,DEVELOPMENT,styles/TOFTASKOLAN HUS B/V-50-1-020 HT.pdf,155c8156e229f03127f67c80f2168b5b5fc5c8261cb301f4ca294375964e696f,"lokal kopia, samma namn och storlek",NO_ANNOTATIONS ID_NOT_IN_SHEET_TEXT,UNIQUE
1DtU-4Jv5Oyry91JoeCxsRRNUALKmqvyY,Drawings/Other drawings (different format)/TOFTASKOLAN HUS B/V-50-8-001.pdf,V-50-8-001.pdf,pdf,application/pdf,187026,2026-08-29T11:37:02Z,Other drawings (different format)/TOFTASKOLAN HUS B,Other drawings (different format),V-50-8-0001,,OTHER_FORMAT_PDF,DEVELOPMENT,styles/TOFTASKOLAN HUS B/V-50-8-001.pdf,09ec5f36ea3e47c8effd70a860ba2340dda725a1b28db29da781db76cdbd0110,"lokal kopia, samma namn och storlek",NO_ANNOTATIONS ID_NOT_IN_SHEET_TEXT,2_VERSIONS_BY_SIZE
1TS9iyiSu_4G6A0uMRHUtuBa3UQhHmy3y,Drawings/Other drawings (different format)/TOFTASKOLAN HUS B/V-53-1-010.pdf,V-53-1-010.pdf,pdf,application/pdf,163468,2026-08-29T11:37:02Z,Other drawings (different format)/TOFTASKOLAN HUS B,Other drawings (different format),V-53-1-0010,,OTHER_FORMAT_PDF,DEVELOPMENT,styles/TOFTASKOLAN HUS B/V-53-1-010.pdf,669fb390210ddf4e56954d0b0a8317acf2625751abe7446646f7ae144cde0e69,"lokal kopia, samma namn och storlek",NO_ANNOTATIONS ID_NOT_IN_SHEET_TEXT,UNIQUE
19pYq3mOJIGojOJr3whDXR99_YDB4KB5N,Drawings/Other drawings (different format)/TOFTASKOLAN HUS B/V-53-1-010 HT.pdf,V-53-1-010 HT.pdf,pdf,application/pdf,156754,2026-08-29T11:37:02Z,Other drawings (different format)/TOFTASKOLAN HUS B,Other drawings (different format),V-53-1-0010,,OTHER_FORMAT_PDF,DEVELOPMENT,styles/TOFTASKOLAN HUS B/V-53-1-010 HT.pdf,bf120c64ad569183a2ee32a37eabaad6598e6a6ddbdf145bae4ed16867605495,"lokal kopia, samma namn och storlek",NO_ANNOTATIONS ID_NOT_IN_SHEET_TEXT,UNIQUE
1bKEi6y-Rhn--v7EKi6nh8W00eCy6i0WP,Drawings/Other drawings (different format)/TOFTASKOLAN HUS B/V-57.1-03-DEM.pdf,V-57.1-03-DEM.pdf,pdf,application/pdf,84251,2026-08-29T11:37:02Z,Other drawings (different format)/TOFTASKOLAN HUS B,Other drawings (different format),,,OTHER_FORMAT_PDF,DEVELOPMENT,styles/TOFTASKOLAN HUS B/V-57.1-03-DEM.pdf,be9a4e99aedf5dd4cff715cd5e7522e7b9ee5d029369f00c5ac5e6f9dc0ca38d,"lokal kopia, samma namn och storlek",ANNOTATED(60) ENGINE_STRIPS_ANNOTS,UNIQUE
177tg0zJO830j4wpJavtBd6RVnKmAX-Zw,Drawings/Other drawings (different format)/TOFTASKOLAN HUS B/V-50-1-00 RIVNING.pdf,V-50-1-00 RIVNING.pdf,pdf,application/pdf,1778776,2026-08-29T11:37:02Z,Other drawings (different format)/TOFTASKOLAN HUS B,Other drawings (different format),,,OTHER_FORMAT_PDF,DEVELOPMENT,styles/TOFTASKOLAN HUS B/V-50-1-00 RIVNING.pdf,da27ad7ec6be31d6f1215c83488d8a07ec28dface6a29eeca06abd11631d56c2,"lokal kopia, samma namn och storlek",UNREADABLE,UNIQUE
1_vtFP81NiJx0KYXfl0HKJsc-9ooEfUIv,Drawings/Other drawings (different format)/TOFTASKOLAN HUS B/12.4 Ritningsförteckning VVS.pdf,12.4 Ritningsförteckning VVS.pdf,pdf,application/pdf,610660,2026-08-29T11:37:02Z,Other drawings (different format)/TOFTASKOLAN HUS B,Other drawings (different format),,,OTHER_FORMAT_PDF,DEVELOPMENT,styles/TOFTASKOLAN HUS B/12.4 Ritningsförteckning VVS.pdf,ca4ce610d54f24243d0fec68a3ab5bf341673effb873a617becb5056bc1b49b8,"lokal kopia, samma storlek och typ",NO_ANNOTATIONS,UNIQUE
13v43l7AURXI56IFz2dbU1IObzvkU9qvX,Drawings/Other drawings (different format)/TOFTASKOLAN HUS B/V-50-1-010 HT.pdf,V-50-1-010 HT.pdf,pdf,application/pdf,248030,2026-08-29T11:37:02Z,Other drawings (different format)/TOFTASKOLAN HUS B,Other drawings (different format),V-50-1-0010,,OTHER_FORMAT_PDF,DEVELOPMENT,styles/TOFTASKOLAN HUS B/V-50-1-010 HT.pdf,aedc02f399e95eebca40a3af42426f128b70c2b2a90594ae98f0c940b2335adc,"lokal kopia, samma namn och storlek",NO_ANNOTATIONS ID_NOT_IN_SHEET_TEXT,UNIQUE
1SXZzc22z1k-Ug2l6lpqdjrRmYA_LSaWJ,Drawings/Other drawings (different format)/TOFTASKOLAN HUS B/V-57.2-001.pdf,V-57.2-001.pdf,pdf,application/pdf,212240,2026-08-29T11:37:02Z,Other drawings (different format)/TOFTASKOLAN HUS B,Other drawings (different format),,,OTHER_FORMAT_PDF,DEVELOPMENT,styles/TOFTASKOLAN HUS B/V-57.2-001.pdf,e785f5d5c7f0d28f9daa471db361b43ec84208641009a6176700bc82edf1182b,"lokal kopia, samma namn och storlek",NO_ANNOTATIONS,UNIQUE
1ziwA2CC2LcMniP6A56iK6zA2T_Krl1ll,Drawings/Other drawings (different format)/TOFTASKOLAN HUS B/V-57.1-01-HT.pdf,V-57.1-01-HT.pdf,pdf,application/pdf,206724,2026-08-29T11:37:02Z,Other drawings (different format)/TOFTASKOLAN HUS B,Other drawings (different format),,,OTHER_FORMAT_PDF,DEVELOPMENT,styles/TOFTASKOLAN HUS B/V-57.1-01-HT.pdf,d1cc2c0d62d146fa5f7d902ea9eacd199a99ebd58569e6ad298fc5e76c998fb4,"lokal kopia, samma namn och storlek",NO_ANNOTATIONS,UNIQUE
1dKtr8BAZ_a93pnn-49CVKMgWm6qH60Tj,Drawings/Other drawings (different format)/TOFTASKOLAN HUS B/V-57.1-02-DEM.pdf,V-57.1-02-DEM.pdf,pdf,application/pdf,155879,2026-08-29T11:37:02Z,Other drawings (different format)/TOFTASKOLAN HUS B,Other drawings (different format),,,OTHER_FORMAT_PDF,DEVELOPMENT,styles/TOFTASKOLAN HUS B/V-57.1-02-DEM.pdf,ebb39707676ec0589c39174beec4aebd0270be675c7da1d298da1d0285b5f63d,"lokal kopia, samma namn och storlek",ANNOTATED(115) ENGINE_STRIPS_ANNOTS,UNIQUE
17DfNJrUjPzMetFpeZwl_Gm62D4gHC5B_,Drawings/Other drawings (different format)/Fyrens förskola/11 BESKRIVNINGAR.zip,11 BESKRIVNINGAR.zip,zip,application/zip,17387970,2026-08-29T11:02:36Z,Other drawings (different format)/Fyrens förskola,Other drawings (different format),,,OTHER,,,,ej hämtad,,UNIQUE
1BvYMtEmlh7jD2T53PXxWhUooOzXprt8X,Drawings/Other drawings (different format)/Fyrens förskola/W-56-1-110.pdf,W-56-1-110.pdf,pdf,application/pdf,574831,2026-08-29T11:06:46Z,Other drawings (different format)/Fyrens förskola,Other drawings (different format),W-56-1-0110,,OTHER_FORMAT_PDF,,,,ej hämtad,,UNIQUE
1trakAPzeIDNqfFzFr8rTcWsuiYgeIlrU,Drawings/Other drawings (different format)/Fyrens förskola/W-50-1-110.pdf,W-50-1-110.pdf,pdf,application/pdf,428199,2026-08-29T11:06:46Z,Other drawings (different format)/Fyrens förskola,Other drawings (different format),W-50-1-0110,,OTHER_FORMAT_PDF,,,,ej hämtad,,UNIQUE
1139Lh2JFY9_MY1c9NB7qN-I2pJALAYJT,Drawings/Other drawings (different format)/Fyrens förskola/W-50-1-112.pdf,W-50-1-112.pdf,pdf,application/pdf,331926,2026-08-29T11:06:46Z,Other drawings (different format)/Fyrens förskola,Other drawings (different format),W-50-1-0112,,OTHER_FORMAT_PDF,,,,ej hämtad,,UNIQUE
1u8l-DpkM98wopx39yTCaAdFovAc8It0D,Drawings/Other drawings (different format)/Fyrens förskola/W-50-1-111.pdf,W-50-1-111.pdf,pdf,application/pdf,212736,2026-08-29T11:06:46Z,Other drawings (different format)/Fyrens förskola,Other drawings (different format),W-50-1-0111,,OTHER_FORMAT_PDF,,,,ej hämtad,,UNIQUE
1coPPkTvjPqbN0aoZLWx0DMrxEFhEsuPT,Drawings/Other drawings (different format)/Fyrens förskola/W-50-1-113.pdf,W-50-1-113.pdf,pdf,application/pdf,202780,2026-08-29T11:06:46Z,Other drawings (different format)/Fyrens förskola,Other drawings (different format),W-50-1-0113,,OTHER_FORMAT_PDF,,,,ej hämtad,,UNIQUE
1BZwU1LotCxYsg0eWPbrXToS1aQOeQKxP,Drawings/Other drawings (different format)/Fyrens förskola/W-56-5-001.pdf,W-56-5-001.pdf,pdf,application/pdf,999875,2026-08-29T11:06:46Z,Other drawings (different format)/Fyrens förskola,Other drawings (different format),W-56-5-0001,,OTHER_FORMAT_PDF,,,,ej hämtad,,UNIQUE
1ctvlyKoaZZbem3NHQWG0FCEmCUlx_D79,Drawings/Other drawings (different format)/Fyrens förskola/11.03.01 Teknisk beskrivning Rörinstallationer.pdf,11.03.01 Teknisk beskrivning Rörinstallationer.pdf,pdf,application/pdf,691261,2026-08-29T11:07:06Z,Other drawings (different format)/Fyrens förskola,Other drawings (different format),,,OTHER_FORMAT_PDF,,,,ej hämtad,,UNIQUE
1bforbx4zW9Crb8A1-JFWnu8dZY-bR7UZ,Drawings/Other drawings (different format)/Fyrens förskola/W-50-1-122.pdf,W-50-1-122.pdf,pdf,application/pdf,320558,2026-08-29T11:06:46Z,Other drawings (different format)/Fyrens förskola,Other drawings (different format),W-50-1-0122,,OTHER_FORMAT_PDF,,,,ej hämtad,,UNIQUE
1LX9k0lo4CQKyh3K-7X_5NwEEC8xD6Uds,Drawings/Other drawings (different format)/Fyrens förskola/W-56-1-112.pdf,W-56-1-112.pdf,pdf,application/pdf,313222,2026-08-29T11:06:46Z,Other drawings (different format)/Fyrens förskola,Other drawings (different format),W-56-1-0112,,OTHER_FORMAT_PDF,,,,ej hämtad,,UNIQUE
1FHou2yAhpYeMudSE1ddIud6qV_jIlcdr,Drawings/Other drawings (different format)/Fyrens förskola/W-53-1-110.pdf,W-53-1-110.pdf,pdf,application/pdf,287084,2026-08-29T11:06:46Z,Other drawings (different format)/Fyrens förskola,Other drawings (different format),W-53-1-0110,,OTHER_FORMAT_PDF,,,,ej hämtad,,UNIQUE
1skDCltHUN5lkDWtY4hGvQDKbDRupCA6T,Drawings/Other drawings (different format)/Fyrens förskola/W-56-1-111.pdf,W-56-1-111.pdf,pdf,application/pdf,304858,2026-08-29T11:06:46Z,Other drawings (different format)/Fyrens förskola,Other drawings (different format),W-56-1-0111,,OTHER_FORMAT_PDF,,,,ej hämtad,,UNIQUE
17obV9i6SKoENhBAu8v8O8MQlU128piST,Drawings/Other drawings (different format)/Fyrens förskola/W-56-1-113.pdf,W-56-1-113.pdf,pdf,application/pdf,289559,2026-08-29T11:06:46Z,Other drawings (different format)/Fyrens förskola,Other drawings (different format),W-56-1-0113,,OTHER_FORMAT_PDF,,,,ej hämtad,,UNIQUE
1fCOCZ8K_mjMJCjQ5CB-WkuLoTAXusbnF,Drawings/Other drawings (different format)/Fyrens förskola/W-53-1-112.pdf,W-53-1-112.pdf,pdf,application/pdf,201644,2026-08-29T11:06:46Z,Other drawings (different format)/Fyrens förskola,Other drawings (different format),W-53-1-0112,,OTHER_FORMAT_PDF,,,,ej hämtad,,UNIQUE
1ma0joHJdIdBMGgMifP9mBmw4AP1PUP1E,Drawings/Other drawings (different format)/Fyrens förskola/W-50-8-001.pdf,W-50-8-001.pdf,pdf,application/pdf,153044,2026-08-29T11:06:46Z,Other drawings (different format)/Fyrens förskola,Other drawings (different format),W-50-8-0001,,OTHER_FORMAT_PDF,,,,ej hämtad,,UNIQUE
1xRnUjDcKUPgsna3BXgnxOxUft6euZ7Ki,Drawings/Other drawings (different format)/Fyrens förskola/W-53-1-111.pdf,W-53-1-111.pdf,pdf,application/pdf,184658,2026-08-29T11:06:46Z,Other drawings (different format)/Fyrens förskola,Other drawings (different format),W-53-1-0111,,OTHER_FORMAT_PDF,,,,ej hämtad,,UNIQUE
1yOwIpRXNcpt_WN6mdOIW1RsqJ3Ywwoq1,Drawings/Other drawings (different format)/Fyrens förskola/W-50-1-211.pdf,W-50-1-211.pdf,pdf,application/pdf,121762,2026-08-29T11:06:46Z,Other drawings (different format)/Fyrens förskola,Other drawings (different format),W-50-1-0211,,OTHER_FORMAT_PDF,,,,ej hämtad,,UNIQUE
1hHdJlJfkENihLr9VZLK2LXWKMzMke3oO,Drawings/Other drawings (different format)/Fyrens förskola/12.03.01 Ritningsförteckning Rör.pdf,12.03.01 Ritningsförteckning Rör.pdf,pdf,application/pdf,124662,2026-08-29T11:06:46Z,Other drawings (different format)/Fyrens förskola,Other drawings (different format),,,OTHER_FORMAT_PDF,,,,ej hämtad,,UNIQUE
1JEdIj2DYs4NgxAVDUD8zKyAmCApbo7Ov,Drawings/Other drawings (different format)/Fyrens förskola/W-53-1-211.pdf,W-53-1-211.pdf,pdf,application/pdf,123264,2026-08-29T11:06:46Z,Other drawings (different format)/Fyrens förskola,Other drawings (different format),W-53-1-0211,,OTHER_FORMAT_PDF,,,,ej hämtad,,UNIQUE
1Dy5xQEEuvI_Jn7Ode4z5ugffMa7kTAh9,Drawings/Other drawings (different format)/Fyrens förskola/W-50-1-123.pdf,W-50-1-123.pdf,pdf,application/pdf,149662,2026-08-29T11:06:46Z,Other drawings (different format)/Fyrens förskola,Other drawings (different format),W-50-1-0123,,OTHER_FORMAT_PDF,,,,ej hämtad,,UNIQUE
1zNue90M2f_YvAeHWUEikgALF78f2-ORx,Drawings/Other drawings (different format)/Fyrens förskola/W-53-1-113.pdf,W-53-1-113.pdf,pdf,application/pdf,174990,2026-08-29T11:06:46Z,Other drawings (different format)/Fyrens förskola,Other drawings (different format),W-53-1-0113,,OTHER_FORMAT_PDF,,,,ej hämtad,,UNIQUE
1XWCQX1Xcrp9WVIlQbmRJ8_wQPyFalgvD,Drawings/Other drawings (different format)/Fyrens förskola/W-50-1-121.pdf,W-50-1-121.pdf,pdf,application/pdf,154469,2026-08-29T11:06:46Z,Other drawings (different format)/Fyrens förskola,Other drawings (different format),W-50-1-0121,,OTHER_FORMAT_PDF,,,,ej hämtad,,UNIQUE
1b67jjWFWES5ZoFgFGlb4XqlIUpRN1vx0,Drawings/Other drawings (different format)/Fyrens förskola/W-50-1-120.pdf,W-50-1-120.pdf,pdf,application/pdf,308594,2026-08-29T11:06:46Z,Other drawings (different format)/Fyrens förskola,Other drawings (different format),W-50-1-0120,,OTHER_FORMAT_PDF,,,,ej hämtad,,UNIQUE
1il-xQ3eN-GFed9u2KRN90CFAlj6kpoT1,Drawings/Other drawings (different format)/Hamnmagasinet/12.4 Rörsystem.pdf,12.4 Rörsystem.pdf,pdf,application/pdf,2902207,2026-08-29T11:19:18Z,Other drawings (different format)/Hamnmagasinet,Other drawings (different format),,,OTHER_FORMAT_PDF,,,,ej hämtad,,UNIQUE
1LdJBJQkOrSJUnJLheSggGszDo2xsJiPh,Drawings/Other drawings (different format)/Hamnmagasinet/11.4 Teknisk beskrivning rörsystem.pdf,11.4 Teknisk beskrivning rörsystem.pdf,pdf,application/pdf,1519801,2026-08-29T11:19:44Z,Other drawings (different format)/Hamnmagasinet,Other drawings (different format),,,OTHER_FORMAT_PDF,,,,ej hämtad,,UNIQUE
1L0DfLhG2nUgdcQv4a-OFmAJgpWIlGbbs,Drawings/Other drawings (different format)/Fyrtornet 2/Bluebeam test.pdf,Bluebeam test.pdf,pdf,application/pdf,3657469,2026-07-30T12:08:52Z,Other drawings (different format)/Fyrtornet 2,Other drawings (different format),,,OTHER_FORMAT_PDF,,,,ej hämtad,,UNIQUE
1Ej3tYSZD5fYfN1KFgMZC1TGSHrPS448j,Drawings/Other drawings (different format)/Fyrtornet 2/1760317_1.pdf,1760317_1.pdf,pdf,application/pdf,239741,2026-07-30T10:57:50Z,Other drawings (different format)/Fyrtornet 2,Other drawings (different format),1760317_1,,OTHER_FORMAT_PDF,DEVELOPMENT,styles/z/13/1760317_1.pdf,fa2fd7e8995a3bc122bbf7f9d5d156308fed45ccb003894a53fd8888ba53a55b,"lokal kopia, samma namn och storlek",NO_ANNOTATIONS ID_NOT_IN_SHEET_TEXT,IDENTICAL_IN_3_PLACES
13taj0cExCY1xdp1dE0WCCwocZdFyx6Uj,Drawings/Other drawings (different format)/Fyrtornet 2/1760272_1.pdf,1760272_1.pdf,pdf,application/pdf,136868,2026-07-30T10:57:50Z,Other drawings (different format)/Fyrtornet 2,Other drawings (different format),1760272_1,,OTHER_FORMAT_PDF,DEVELOPMENT,styles/z/13/1760272_1.pdf,cef7cbfb162d2a91bc12f475bda2f9c36f007ab82cd478854c4e5b8a5be4394d,"lokal kopia, samma namn och storlek",NO_ANNOTATIONS ID_NOT_IN_SHEET_TEXT,IDENTICAL_IN_3_PLACES
1QjH4YJUr13hX6n1J3FW6S1VogQ3P8ET6,Drawings/Other drawings (different format)/Fyrtornet 2/1760274_1.pdf,1760274_1.pdf,pdf,application/pdf,497688,2026-07-30T10:57:50Z,Other drawings (different format)/Fyrtornet 2,Other drawings (different format),1760274_1,,OTHER_FORMAT_PDF,DEVELOPMENT,styles/z/13/1760274_1.pdf,a155562a6d8e83a54ee0cb84867240424cd25a20aaa26f3b5a8a4175687d13bb,"lokal kopia, samma namn och storlek",NO_ANNOTATIONS ID_NOT_IN_SHEET_TEXT,IDENTICAL_IN_3_PLACES
1mcHgy7ChsO80Y_1VXwhSZcfYO3udAXxE,Drawings/Other drawings (different format)/Fyrtornet 2/1760290_1.pdf,1760290_1.pdf,pdf,application/pdf,387003,2026-07-30T10:57:50Z,Other drawings (different format)/Fyrtornet 2,Other drawings (different format),1760290_1,,OTHER_FORMAT_PDF,DEVELOPMENT,styles/z/13/1760290_1.pdf,ddaede21558a906c5f423cb0f8f578855e765575153082f62ad3de9c8172e50c,"lokal kopia, samma namn och storlek",NO_ANNOTATIONS ID_NOT_IN_SHEET_TEXT,IDENTICAL_IN_3_PLACES
1_GAsaI6XQGTtsDPHOOHZJWHnyp3MzoD5,Drawings/Other drawings (different format)/Fyrtornet 2/1760296_1.pdf,1760296_1.pdf,pdf,application/pdf,337961,2026-07-30T10:57:50Z,Other drawings (different format)/Fyrtornet 2,Other drawings (different format),1760296_1,,OTHER_FORMAT_PDF,DEVELOPMENT,styles/z/13/1760296_1.pdf,d4d523708cdbd4aba58d4ed53667331e019a5ec003fa1bc19f4baf6970ec9c5b,"lokal kopia, samma namn och storlek",NO_ANNOTATIONS ID_NOT_IN_SHEET_TEXT,IDENTICAL_IN_3_PLACES
1N8Ro0kK8kCt28HGrcjZOQ_z9jvn4gNkl,Drawings/Other drawings (different format)/Fyrtornet 2/1760294_1.pdf,1760294_1.pdf,pdf,application/pdf,357229,2026-07-30T10:57:50Z,Other drawings (different format)/Fyrtornet 2,Other drawings (different format),1760294_1,,OTHER_FORMAT_PDF,DEVELOPMENT,styles/z/13/1760294_1.pdf,5a710052739fa5c6ce84ee368bf80ca9f0537d67dfb3e819d7ec53fc3f348fc7,"lokal kopia, samma namn och storlek",NO_ANNOTATIONS ID_NOT_IN_SHEET_TEXT,IDENTICAL_IN_3_PLACES
1fUx3L0sdpon54j5k4hK3FHTg6AcL_-Qs,Drawings/Other drawings (different format)/Fyrtornet 2/1760292_1.pdf,1760292_1.pdf,pdf,application/pdf,374427,2026-07-30T10:57:50Z,Other drawings (different format)/Fyrtornet 2,Other drawings (different format),1760292_1,,OTHER_FORMAT_PDF,DEVELOPMENT,styles/z/13/1760292_1.pdf,725ed0099b68a3efca4851fd33d728b954449256a159106b09d96a64a1e0b384,"lokal kopia, samma namn och storlek",NO_ANNOTATIONS ID_NOT_IN_SHEET_TEXT,IDENTICAL_IN_3_PLACES
1aZ7NRiNPlBWLvag2ZlPnd5klHWqp75rE,Drawings/Other drawings (different format)/Fyrtornet 2/1760289_1.pdf,1760289_1.pdf,pdf,application/pdf,290322,2026-07-30T10:57:50Z,Other drawings (different format)/Fyrtornet 2,Other drawings (different format),1760289_1,,OTHER_FORMAT_PDF,DEVELOPMENT,styles/z/13/1760289_1.pdf,200ac5ab4a50bf5768e932f0f3fc264676f70e68e4391ea355e21598561b6f87,"lokal kopia, samma namn och storlek",NO_ANNOTATIONS ID_NOT_IN_SHEET_TEXT,IDENTICAL_IN_3_PLACES
1P3Mr_LTLRcOHTN8t8lsC4hDgL9UqBTEJ,Drawings/Other drawings (different format)/Fyrtornet 2/1760276_1.pdf,1760276_1.pdf,pdf,application/pdf,251314,2026-07-30T10:57:50Z,Other drawings (different format)/Fyrtornet 2,Other drawings (different format),1760276_1,,OTHER_FORMAT_PDF,DEVELOPMENT,styles/z/13/1760276_1.pdf,e69471766087014e7051660eef4c25770fde7707e5bac96b8523a153e1fd1493,"lokal kopia, samma namn och storlek",NO_ANNOTATIONS ID_NOT_IN_SHEET_TEXT,IDENTICAL_IN_3_PLACES
1TN6858W3hr7EhlR-V285jipoExv5r9tz,Drawings/Other drawings (different format)/Fyrtornet 2/1760311_1.pdf,1760311_1.pdf,pdf,application/pdf,238211,2026-07-30T10:57:50Z,Other drawings (different format)/Fyrtornet 2,Other drawings (different format),1760311_1,,OTHER_FORMAT_PDF,DEVELOPMENT,styles/z/13/1760311_1.pdf,5b4412bfa76706f0bb059775ec65f67066da52344a24d4d89dad99fdd23a7dd1,"lokal kopia, samma namn och storlek",NO_ANNOTATIONS ID_NOT_IN_SHEET_TEXT,IDENTICAL_IN_3_PLACES
1Gw5L5IzTlSYKx2cRYRZjfeZuay1QBedB,Drawings/Other drawings (different format)/Fyrtornet 2/1760313_1.pdf,1760313_1.pdf,pdf,application/pdf,254850,2026-07-30T10:57:50Z,Other drawings (different format)/Fyrtornet 2,Other drawings (different format),1760313_1,,OTHER_FORMAT_PDF,DEVELOPMENT,styles/z/13/1760313_1.pdf,82f92c317fbb38c294977e02b55d41ed3220c6e982b1f508d464e55b7047b7ed,"lokal kopia, samma namn och storlek",NO_ANNOTATIONS ID_NOT_IN_SHEET_TEXT,IDENTICAL_IN_3_PLACES
1LUroOgnO_MWs3qkeiaz_NmcGNRrTLRXt,Drawings/Other drawings (different format)/Fyrtornet 2/1760295_1.pdf,1760295_1.pdf,pdf,application/pdf,266035,2026-07-30T10:57:50Z,Other drawings (different format)/Fyrtornet 2,Other drawings (different format),1760295_1,,OTHER_FORMAT_PDF,DEVELOPMENT,styles/z/13/1760295_1.pdf,ca9081e7a5e32a26c573b32cf112e8ffe5ce05bfe619711524070a7732581fac,"lokal kopia, samma namn och storlek",NO_ANNOTATIONS ID_NOT_IN_SHEET_TEXT,IDENTICAL_IN_3_PLACES
1XYmHaszo8yNbO1tbReEeDIQe3WE2s7xZ,Drawings/Other drawings (different format)/Fyrtornet 2/1760308_1.pdf,1760308_1.pdf,pdf,application/pdf,286432,2026-07-30T10:57:50Z,Other drawings (different format)/Fyrtornet 2,Other drawings (different format),1760308_1,,OTHER_FORMAT_PDF,DEVELOPMENT,styles/z/13/1760308_1.pdf,8af743c8a1e1779611f93ff3a5b7d6e611f37188db9a12155a5721180dd927e3,"lokal kopia, samma namn och storlek",NO_ANNOTATIONS ID_NOT_IN_SHEET_TEXT,IDENTICAL_IN_3_PLACES
1rcalZsZxql7Y0tvdxZMegq4xWe7NzpG5,Drawings/Other drawings (different format)/Fyrtornet 2/1760269_1.pdf,1760269_1.pdf,pdf,application/pdf,203120,2026-07-30T10:57:50Z,Other drawings (different format)/Fyrtornet 2,Other drawings (different format),1760269_1,,OTHER_FORMAT_PDF,DEVELOPMENT,styles/z/13/1760269_1.pdf,dced7a1381d1664f40edc35dacdc99b855337497277f1cf0aa40d5678bf56952,"lokal kopia, samma namn och storlek",NO_ANNOTATIONS ID_NOT_IN_SHEET_TEXT,IDENTICAL_IN_3_PLACES
1XoLMDNyXdWNU76XE6VwiUNkdttJ3y-W6,Drawings/Other drawings (different format)/Fyrtornet 2/1760314_1.pdf,1760314_1.pdf,pdf,application/pdf,162115,2026-07-30T10:57:50Z,Other drawings (different format)/Fyrtornet 2,Other drawings (different format),1760314_1,,OTHER_FORMAT_PDF,DEVELOPMENT,styles/z/13/1760314_1.pdf,f29934d912bbaa8988e7793cc12c0a8596dfb46865d1983095e5cfd74de8ed71,"lokal kopia, samma namn och storlek",NO_ANNOTATIONS ID_NOT_IN_SHEET_TEXT,IDENTICAL_IN_3_PLACES
1ppSdNDCM9twLGLo5NKOcdE-PQ9hb7YyA,Drawings/Other drawings (different format)/Fyrtornet 2/1760270_1.pdf,1760270_1.pdf,pdf,application/pdf,160175,2026-07-30T10:57:50Z,Other drawings (different format)/Fyrtornet 2,Other drawings (different format),1760270_1,,OTHER_FORMAT_PDF,DEVELOPMENT,styles/z/13/1760270_1.pdf,3973d319a46bd02fa4aba09ad1fea68ae85fe45087ab820b8362059081a45cfe,"lokal kopia, samma namn och storlek",NO_ANNOTATIONS ID_NOT_IN_SHEET_TEXT,IDENTICAL_IN_3_PLACES
1e8svtmUXOIRhB8daejYmMUt6095YKCwW,Drawings/Other drawings (different format)/Fyrtornet 2/1760268_1.pdf,1760268_1.pdf,pdf,application/pdf,160529,2026-07-30T10:57:50Z,Other drawings (different format)/Fyrtornet 2,Other drawings (different format),1760268_1,,OTHER_FORMAT_PDF,DEVELOPMENT,styles/z/13/1760268_1.pdf,57d9a9cbb3b239531024e0d2f63dbd49eb2db0da5014cbde61b517558ad707bf,"lokal kopia, samma namn och storlek",NO_ANNOTATIONS ID_NOT_IN_SHEET_TEXT,IDENTICAL_IN_3_PLACES
1y-4sN_OfX0EF84aeYe2_fXEEqa2TxQyU,Drawings/Other drawings (different format)/Fyrtornet 2/1760315_1.pdf,1760315_1.pdf,pdf,application/pdf,134692,2026-07-30T10:57:50Z,Other drawings (different format)/Fyrtornet 2,Other drawings (different format),1760315_1,,OTHER_FORMAT_PDF,DEVELOPMENT,styles/z/13/1760315_1.pdf,09add2d08fd422983c86d9670ca0a6093d7386ccf92aba2d0502dbe7458732e5,"lokal kopia, samma namn och storlek",NO_ANNOTATIONS ID_NOT_IN_SHEET_TEXT,IDENTICAL_IN_3_PLACES
15MtzrJlr1DkhMcSPNjzICCXrLFOSZ3zP,Drawings/Other drawings (different format)/Fyrtornet 2/1760291_1.pdf,1760291_1.pdf,pdf,application/pdf,476296,2026-07-30T10:57:50Z,Other drawings (different format)/Fyrtornet 2,Other drawings (different format),1760291_1,,OTHER_FORMAT_PDF,DEVELOPMENT,styles/z/13/1760291_1.pdf,22a95922ee44f850f163a69e5e6749aee59217fa31653793e5ee08ae13375b7d,"lokal kopia, samma namn och storlek",NO_ANNOTATIONS ID_NOT_IN_SHEET_TEXT,IDENTICAL_IN_3_PLACES
1EWgF6R0MhQiICljBuJGnNg96nSECtEAy,Drawings/Other drawings (different format)/Fyrtornet 2/1760309_1.pdf,1760309_1.pdf,pdf,application/pdf,406837,2026-07-30T10:57:50Z,Other drawings (different format)/Fyrtornet 2,Other drawings (different format),1760309_1,,OTHER_FORMAT_PDF,DEVELOPMENT,styles/z/13/1760309_1.pdf,4870256bfbdb4dae19b0af20dfbfeb5b1a523a391c03fe659f03bdfc50bc7f3c,"lokal kopia, samma namn och storlek",NO_ANNOTATIONS ID_NOT_IN_SHEET_TEXT,IDENTICAL_IN_3_PLACES
1R1xF4t28Wwgr9ub1czT6JG9ZYMYT9l5k,Drawings/Other drawings (different format)/Fyrtornet 2/1760297_1.pdf,1760297_1.pdf,pdf,application/pdf,429359,2026-07-30T10:57:50Z,Other drawings (different format)/Fyrtornet 2,Other drawings (different format),1760297_1,,OTHER_FORMAT_PDF,DEVELOPMENT,styles/z/13/1760297_1.pdf,c1a7c168c8ff6c9bd58d2177b708e8fdcdfa833cca0a116450cfee0171974a95,"lokal kopia, samma namn och storlek",NO_ANNOTATIONS ID_NOT_IN_SHEET_TEXT,IDENTICAL_IN_3_PLACES
1bA812xOep24S5WCDYrJOFE3xH3NyOuQd,Drawings/Other drawings (different format)/Fyrtornet 2/1760288_1.pdf,1760288_1.pdf,pdf,application/pdf,383322,2026-07-30T10:57:50Z,Other drawings (different format)/Fyrtornet 2,Other drawings (different format),1760288_1,,OTHER_FORMAT_PDF,DEVELOPMENT,styles/z/13/1760288_1.pdf,3ef61c851cdf069d3a3f49bb0796bfdffd61be99faa40e679e78ba31fbe7812d,"lokal kopia, samma namn och storlek",NO_ANNOTATIONS ID_NOT_IN_SHEET_TEXT,IDENTICAL_IN_3_PLACES
1-0H3WYnONPBbEegiUd4LmmJF8AHaaRh9,Drawings/Other drawings (different format)/Fyrtornet 2/1760279_1.pdf,1760279_1.pdf,pdf,application/pdf,454408,2026-07-30T10:57:50Z,Other drawings (different format)/Fyrtornet 2,Other drawings (different format),1760279_1,,OTHER_FORMAT_PDF,DEVELOPMENT,styles/z/13/1760279_1.pdf,fa21c4b46b4a4774f6396cbc6a37796cc9ec63e0c610a6e95e5e678b7bd72598,"lokal kopia, samma namn och storlek",NO_ANNOTATIONS ID_NOT_IN_SHEET_TEXT,IDENTICAL_IN_4_PLACES
1SLWTkdSr-lGC12VTFYPV0-EcOmkciqgj,Drawings/Other drawings (different format)/Fyrtornet 2/1760273_1.pdf,1760273_1.pdf,pdf,application/pdf,319681,2026-07-30T10:57:50Z,Other drawings (different format)/Fyrtornet 2,Other drawings (different format),1760273_1,,OTHER_FORMAT_PDF,DEVELOPMENT,styles/z/13/1760273_1.pdf,f0369faa5a9a79c5cc869606c9553364cdfe069c7de7731d532ce6afd1fc67d3,"lokal kopia, samma namn och storlek",NO_ANNOTATIONS ID_NOT_IN_SHEET_TEXT,IDENTICAL_IN_3_PLACES
12e5hpIQxtDq_L4KcV6m3EsHcEdf6EDUF,Drawings/Other drawings (different format)/Fyrtornet 2/1760284_1.pdf,1760284_1.pdf,pdf,application/pdf,370741,2026-07-30T10:57:50Z,Other drawings (different format)/Fyrtornet 2,Other drawings (different format),1760284_1,,OTHER_FORMAT_PDF,DEVELOPMENT,styles/z/13/1760284_1.pdf,55a66130e809daffd531eefef6af2227e0487aa6bc19cc4253407493c6fcec20,"lokal kopia, samma namn och storlek",NO_ANNOTATIONS ID_NOT_IN_SHEET_TEXT,IDENTICAL_IN_3_PLACES
1-f0j4x2pU_L7Okam159fSJwPSRN_Rvxl,Drawings/Other drawings (different format)/Fyrtornet 2/1760286_1.pdf,1760286_1.pdf,pdf,application/pdf,356422,2026-07-30T10:57:50Z,Other drawings (different format)/Fyrtornet 2,Other drawings (different format),1760286_1,,OTHER_FORMAT_PDF,DEVELOPMENT,styles/z/13/1760286_1.pdf,bf0ee1043d63100b887278e4f2f1eca1e3617a91087b9fe4f5f452080ec6a76d,"lokal kopia, samma namn och storlek",NO_ANNOTATIONS ID_NOT_IN_SHEET_TEXT,IDENTICAL_IN_3_PLACES
1MyNq3BnajtXLHG1pAmKzT5pabhgq96_1,Drawings/Other drawings (different format)/Fyrtornet 2/1760310_1.pdf,1760310_1.pdf,pdf,application/pdf,290955,2026-07-30T10:57:50Z,Other drawings (different format)/Fyrtornet 2,Other drawings (different format),1760310_1,,OTHER_FORMAT_PDF,DEVELOPMENT,styles/z/13/1760310_1.pdf,60974e00f3cafafb8b8b30043b00a1d7396bb166dd3e78ea7ba212df491b5df2,"lokal kopia, samma namn och storlek",NO_ANNOTATIONS ID_NOT_IN_SHEET_TEXT,IDENTICAL_IN_3_PLACES
1ZIpX_SLTkrp0crskvA9fO00-WRlIJXjh,Drawings/Other drawings (different format)/Fyrtornet 2/1760293_1.pdf,1760293_1.pdf,pdf,application/pdf,262730,2026-07-30T10:57:50Z,Other drawings (different format)/Fyrtornet 2,Other drawings (different format),1760293_1,,OTHER_FORMAT_PDF,DEVELOPMENT,styles/z/13/1760293_1.pdf,e95236a50eb3d23b84120d61de1262072f301fac4c3a36a810b7953bfe839fd1,"lokal kopia, samma namn och storlek",NO_ANNOTATIONS ID_NOT_IN_SHEET_TEXT,IDENTICAL_IN_3_PLACES
1VVev1RGW-igu4mNh-oaA9bxbwKlIkzzs,Drawings/Other drawings (different format)/Fyrtornet 2/1760312_1.pdf,1760312_1.pdf,pdf,application/pdf,277232,2026-07-30T10:57:50Z,Other drawings (different format)/Fyrtornet 2,Other drawings (different format),1760312_1,,OTHER_FORMAT_PDF,DEVELOPMENT,styles/z/13/1760312_1.pdf,df21f6ba75b12336b383f8148879ced592440449d0452856685380bb298bfae3,"lokal kopia, samma namn och storlek",NO_ANNOTATIONS ID_NOT_IN_SHEET_TEXT,IDENTICAL_IN_3_PLACES
1n3WqWUK8PrB0Xcku5TL-X9ktXhRrerX5,Drawings/Other drawings (different format)/Fyrtornet 2/1760275_1.pdf,1760275_1.pdf,pdf,application/pdf,269801,2026-07-30T10:57:50Z,Other drawings (different format)/Fyrtornet 2,Other drawings (different format),1760275_1,,OTHER_FORMAT_PDF,DEVELOPMENT,styles/z/13/1760275_1.pdf,e0048546fe5b89b94440c7c2a88c4f86ba7158585477218fc3422a2e44b89be9,"lokal kopia, samma namn och storlek",NO_ANNOTATIONS ID_NOT_IN_SHEET_TEXT,IDENTICAL_IN_3_PLACES
1IX47Al6I_y6w6oI6MKC59adexky0ApNw,Drawings/Other drawings (different format)/Fyrtornet 2/1760305_1.pdf,1760305_1.pdf,pdf,application/pdf,244439,2026-07-30T10:57:50Z,Other drawings (different format)/Fyrtornet 2,Other drawings (different format),1760305_1,,OTHER_FORMAT_PDF,DEVELOPMENT,styles/z/13/1760305_1.pdf,37f134aed25a6e63520e5080af370fef3beefda10beab6db1e0e799ad72c127c,"lokal kopia, samma namn och storlek",NO_ANNOTATIONS ID_NOT_IN_SHEET_TEXT,IDENTICAL_IN_3_PLACES
1i72J-ZjX31CTPUeoNxb-nC4jCHQiw7p6,Drawings/Other drawings (different format)/Fyrtornet 2/1760277_1.pdf,1760277_1.pdf,pdf,application/pdf,200144,2026-07-30T10:57:50Z,Other drawings (different format)/Fyrtornet 2,Other drawings (different format),1760277_1,,OTHER_FORMAT_PDF,DEVELOPMENT,styles/z/13/1760277_1.pdf,6637314788c2c1a1f56797ab5987aff609ad5d7568b1aee7a1468962bf07856e,"lokal kopia, samma namn och storlek",NO_ANNOTATIONS ID_NOT_IN_SHEET_TEXT,IDENTICAL_IN_3_PLACES
1t4F42PFrM-bwNgq-4QlfQln5fQ2_guRT,Drawings/Other drawings (different format)/Fyrtornet 2/1760271_1.pdf,1760271_1.pdf,pdf,application/pdf,155417,2026-07-30T10:57:50Z,Other drawings (different format)/Fyrtornet 2,Other drawings (different format),1760271_1,,OTHER_FORMAT_PDF,DEVELOPMENT,styles/z/13/1760271_1.pdf,5d89c252738295f8ef9a1313d9d50dcafd4d91c694d851f39d39b419a76b4c31,"lokal kopia, samma namn och storlek",NO_ANNOTATIONS ID_NOT_IN_SHEET_TEXT,IDENTICAL_IN_3_PLACES
15DcGVtzM5fXufq42LTBapYv3M8hZiwAV,Drawings/Other drawings (different format)/Fyrtornet 2/1760316_1.pdf,1760316_1.pdf,pdf,application/pdf,154657,2026-07-30T10:57:50Z,Other drawings (different format)/Fyrtornet 2,Other drawings (different format),1760316_1,,OTHER_FORMAT_PDF,DEVELOPMENT,styles/z/13/1760316_1.pdf,6229fd5fc3ebe099c29b0fe3d2991f7e3f2cd8ef75824e0cb67c90543c0452fb,"lokal kopia, samma namn och storlek",NO_ANNOTATIONS ID_NOT_IN_SHEET_TEXT,IDENTICAL_IN_3_PLACES
1zyxInztbVFEW8CGEg4bk0v__YaFCxdGj,Drawings/Other drawings (different format)/Fyrtornet 2/1760303_1.pdf,1760303_1.pdf,pdf,application/pdf,426959,2026-07-30T10:57:50Z,Other drawings (different format)/Fyrtornet 2,Other drawings (different format),1760303_1,,OTHER_FORMAT_PDF,DEVELOPMENT,styles/z/13/1760303_1.pdf,94e654341c281e4544eae04cf380ef8ef288542d649ca7606bfea576e3293f67,"lokal kopia, samma namn och storlek",NO_ANNOTATIONS ID_NOT_IN_SHEET_TEXT,IDENTICAL_IN_3_PLACES
1wr9pF8J4JM1ZQfJqyZ5Kw5prdvQcLdo9,Drawings/Other drawings (different format)/Fyrtornet 2/1760285_1.pdf,1760285_1.pdf,pdf,application/pdf,485699,2026-07-30T10:57:50Z,Other drawings (different format)/Fyrtornet 2,Other drawings (different format),1760285_1,,OTHER_FORMAT_PDF,DEVELOPMENT,styles/z/13/1760285_1.pdf,133f689dce6fe4274a1f1edc23e2a608262f06d5cb7935077aa89064134d27f8,"lokal kopia, samma namn och storlek",NO_ANNOTATIONS ID_NOT_IN_SHEET_TEXT,IDENTICAL_IN_3_PLACES
1C4saXoHjRHKq2u-VCpT_beKySMKnWO4s,Drawings/Other drawings (different format)/Fyrtornet 2/1760282_1.pdf,1760282_1.pdf,pdf,application/pdf,475575,2026-07-30T10:57:50Z,Other drawings (different format)/Fyrtornet 2,Other drawings (different format),1760282_1,,OTHER_FORMAT_PDF,DEVELOPMENT,styles/z/13/1760282_1.pdf,004f4f6c22af393db6b26e179285fb27c063809876149b9d7c3de70247e9e786,"lokal kopia, samma namn och storlek",NO_ANNOTATIONS ID_NOT_IN_SHEET_TEXT,IDENTICAL_IN_3_PLACES
1AX9rv0H7_yRtjst3gQOZ2BX-ijm5K_qP,Drawings/Other drawings (different format)/Fyrtornet 2/1760281_1.pdf,1760281_1.pdf,pdf,application/pdf,385572,2026-07-30T10:57:50Z,Other drawings (different format)/Fyrtornet 2,Other drawings (different format),1760281_1,,OTHER_FORMAT_PDF,DEVELOPMENT,styles/z/13/1760281_1.pdf,1eaa47b76e5dd22cd429498c653928e120df63619bfe1dbd26587b9c60ebc279,"lokal kopia, samma namn och storlek",NO_ANNOTATIONS ID_NOT_IN_SHEET_TEXT,IDENTICAL_IN_3_PLACES
1F_MlUu7FGYsgR2o101JuU2aYyA82v4oi,Drawings/Other drawings (different format)/Fyrtornet 2/1760283_1.pdf,1760283_1.pdf,pdf,application/pdf,380312,2026-07-30T10:57:50Z,Other drawings (different format)/Fyrtornet 2,Other drawings (different format),1760283_1,,OTHER_FORMAT_PDF,DEVELOPMENT,styles/z/13/1760283_1.pdf,a7ad26b02f9be35e0baf38ae2f83382b4302f12155e8b982fc125675c080396d,"lokal kopia, samma namn och storlek",NO_ANNOTATIONS ID_NOT_IN_SHEET_TEXT,IDENTICAL_IN_3_PLACES
1IDy4n22oUHnUTN46Me9GrFKnxpMsm3FL,Drawings/Other drawings (different format)/Fyrtornet 2/1760300_1.pdf,1760300_1.pdf,pdf,application/pdf,356989,2026-07-30T10:57:50Z,Other drawings (different format)/Fyrtornet 2,Other drawings (different format),1760300_1,,OTHER_FORMAT_PDF,DEVELOPMENT,styles/z/13/1760300_1.pdf,23cccc6742fbbc6268e1ba1a5ad44a064fceb0bf9026bf957c965c1b3b3dacf4,"lokal kopia, samma namn och storlek",NO_ANNOTATIONS ID_NOT_IN_SHEET_TEXT,IDENTICAL_IN_3_PLACES
1ZXyMwErnd6w3A_FSzuz74C_opoJiPKXQ,Drawings/Other drawings (different format)/Fyrtornet 2/1760280_1.pdf,1760280_1.pdf,pdf,application/pdf,361702,2026-07-30T10:57:50Z,Other drawings (different format)/Fyrtornet 2,Other drawings (different format),1760280_1,,OTHER_FORMAT_PDF,DEVELOPMENT,styles/z/13/1760280_1.pdf,8f92345c66237647d8d8538db6dbf70d7f49ef12732924d1d5607f771f82f9ee,"lokal kopia, samma namn och storlek",NO_ANNOTATIONS ID_NOT_IN_SHEET_TEXT,IDENTICAL_IN_3_PLACES
1YzD7myuiSNgnSEYsh8ctJal065dHjaWD,Drawings/Other drawings (different format)/Fyrtornet 2/1760306_1.pdf,1760306_1.pdf,pdf,application/pdf,346879,2026-07-30T10:57:50Z,Other drawings (different format)/Fyrtornet 2,Other drawings (different format),1760306_1,,OTHER_FORMAT_PDF,DEVELOPMENT,styles/z/13/1760306_1.pdf,1748198f0b7fb4793da94118de93a047783f4818e2394a2408e1a658e0c5eb5d,"lokal kopia, samma namn och storlek",NO_ANNOTATIONS ID_NOT_IN_SHEET_TEXT,IDENTICAL_IN_3_PLACES
1kwwu-jghLWieabUVT6dbMsLRjZm4eiku,Drawings/Other drawings (different format)/Fyrtornet 2/1760302_1.pdf,1760302_1.pdf,pdf,application/pdf,323827,2026-07-30T10:57:50Z,Other drawings (different format)/Fyrtornet 2,Other drawings (different format),1760302_1,,OTHER_FORMAT_PDF,DEVELOPMENT,styles/z/13/1760302_1.pdf,90dae64cc6e63206ab23b21108790bea844e6d7e652cbe724ae938dc502bbf74,"lokal kopia, samma namn och storlek",NO_ANNOTATIONS ID_NOT_IN_SHEET_TEXT,IDENTICAL_IN_3_PLACES
1r_gNG7ouK9sNjIrnUNqOOpqJtPeKBgx4,Drawings/Other drawings (different format)/Fyrtornet 2/1760278_1.pdf,1760278_1.pdf,pdf,application/pdf,326720,2026-07-30T10:57:50Z,Other drawings (different format)/Fyrtornet 2,Other drawings (different format),1760278_1,,OTHER_FORMAT_PDF,DEVELOPMENT,styles/z/13/1760278_1.pdf,1f5793b6a01dd9a33ba063dfee53956fcfd59e525f04a888484957ebe2550b3e,"lokal kopia, samma namn och storlek",NO_ANNOTATIONS ID_NOT_IN_SHEET_TEXT,IDENTICAL_IN_3_PLACES
1d3XXkUZ0m8h6YJ5pg264VGD4fO7vqDnB,Drawings/Other drawings (different format)/Fyrtornet 2/1760304_1.pdf,1760304_1.pdf,pdf,application/pdf,304326,2026-07-30T10:57:50Z,Other drawings (different format)/Fyrtornet 2,Other drawings (different format),1760304_1,,OTHER_FORMAT_PDF,DEVELOPMENT,styles/z/13/1760304_1.pdf,c76dfec98e040425308fead8944b57e620ea4bd075a74c5a89a596f52c4596eb,"lokal kopia, samma namn och storlek",NO_ANNOTATIONS ID_NOT_IN_SHEET_TEXT,IDENTICAL_IN_3_PLACES
1MBbXpG9WmkZdbGKxZI-ggoOd0rT6EFCH,Drawings/Other drawings (different format)/Fyrtornet 2/1760287_1.pdf,1760287_1.pdf,pdf,application/pdf,279080,2026-07-30T10:57:50Z,Other drawings (different format)/Fyrtornet 2,Other drawings (different format),1760287_1,,OTHER_FORMAT_PDF,DEVELOPMENT,styles/z/13/1760287_1.pdf,89f3305950da43607e07b8c68dff9774ec3c55e57c4f5070eafefe00ba93004c,"lokal kopia, samma namn och storlek",NO_ANNOTATIONS ID_NOT_IN_SHEET_TEXT,IDENTICAL_IN_3_PLACES
1QuZ1BC81gzoG3cXPvzUiz5-ElcSZmCH0,Drawings/Other drawings (different format)/Fyrtornet 2/1760298_1.pdf,1760298_1.pdf,pdf,application/pdf,319611,2026-07-30T10:57:50Z,Other drawings (different format)/Fyrtornet 2,Other drawings (different format),1760298_1,,OTHER_FORMAT_PDF,DEVELOPMENT,styles/z/13/1760298_1.pdf,286181fc9d7024566e8acfc0b26dc61149e77953bb43f20ec659abf311e6f8d1,"lokal kopia, samma namn och storlek",NO_ANNOTATIONS ID_NOT_IN_SHEET_TEXT,IDENTICAL_IN_3_PLACES
1tzjRHyE1hk09IBkEQh8L-eoQT7601m5n,Drawings/Other drawings (different format)/Fyrtornet 2/1760299_1.pdf,1760299_1.pdf,pdf,application/pdf,256395,2026-07-30T10:57:50Z,Other drawings (different format)/Fyrtornet 2,Other drawings (different format),1760299_1,,OTHER_FORMAT_PDF,DEVELOPMENT,styles/z/13/1760299_1.pdf,11dc663c7133ca8a9a0c47ea2f1e33443c1ac1bc894641ebf2811ff0e66852b0,"lokal kopia, samma namn och storlek",NO_ANNOTATIONS ID_NOT_IN_SHEET_TEXT,IDENTICAL_IN_3_PLACES
1uh3n4pR4YH9Kw6jH2ITjA0pe8VkGQ3ry,Drawings/Other drawings (different format)/Fyrtornet 2/1760307_1.pdf,1760307_1.pdf,pdf,application/pdf,247291,2026-07-30T10:57:50Z,Other drawings (different format)/Fyrtornet 2,Other drawings (different format),1760307_1,,OTHER_FORMAT_PDF,DEVELOPMENT,styles/z/13/1760307_1.pdf,9b742393d1714d9db3367cfc5d3a553e5f9a1561c2909ef9187d3c7ddb832768,"lokal kopia, samma namn och storlek",NO_ANNOTATIONS ID_NOT_IN_SHEET_TEXT,IDENTICAL_IN_3_PLACES
14v22nwGJzIa53y4Q48i-BHHKpxVFHbMs,Drawings/Other drawings (different format)/Fyrtornet 2/1760301_1.pdf,1760301_1.pdf,pdf,application/pdf,266427,2026-07-30T10:57:50Z,Other drawings (different format)/Fyrtornet 2,Other drawings (different format),1760301_1,,OTHER_FORMAT_PDF,DEVELOPMENT,styles/z/13/1760301_1.pdf,f31c319b61e1a0860b3c37c37b7a2583c56e1df60056fa70d80f5987020ba527,"lokal kopia, samma namn och storlek",NO_ANNOTATIONS ID_NOT_IN_SHEET_TEXT,IDENTICAL_IN_3_PLACES
1LycfAR6aRt90oiiWQPxA4AsnFIJqmKTV,Drawings/Other drawings (different format)/Ritningar/R9UHA10-CLB001-001.pdf,R9UHA10-CLB001-001.pdf,pdf,application/pdf,401476,2026-04-28T04:12:38Z,Other drawings (different format)/Ritningar,Other drawings (different format),R9UHA10-CLB001-001,,OTHER_FORMAT_PDF,DEVELOPMENT,styles/Ritningar/R9UHA10-CLB001-001.pdf,24e15c29471858b0e29b0e7ca2ea83e3b3f426d2d048fbb62f8e070dcb5b6e05,"lokal kopia, samma namn och storlek",ANNOTATED(76) ENGINE_STRIPS_ANNOTS ID_NOT_IN_SHEET_TEXT,IDENTICAL_IN_3_PLACES
1Y0SMLmd7fNL3-XczobQbJmxTZDvMD1ud,Drawings/Other drawings (different format)/Ritningar/R9UHA10-CLB001-004.pdf,R9UHA10-CLB001-004.pdf,pdf,application/pdf,334627,2026-04-28T04:12:38Z,Other drawings (different format)/Ritningar,Other drawings (different format),R9UHA10-CLB001-004,,OTHER_FORMAT_PDF,DEVELOPMENT,styles/src/00 - skalstockar/R9UHA10-CLB001-004.pdf,07b1d5f29d9124da2cbacc8af593b49d11042baaea93dd915e239ee1c2ccbe9f,"lokal kopia, samma namn och storlek",ANNOTATED(69) ENGINE_STRIPS_ANNOTS ID_NOT_IN_SHEET_TEXT,IDENTICAL_IN_4_PLACES
17T6jGK7oGiGuTSbJNxKQxEEtTbHPe60z,Drawings/Other drawings (different format)/Ritningar/R9UHA10-CLB001-003.pdf,R9UHA10-CLB001-003.pdf,pdf,application/pdf,345047,2026-04-28T04:12:38Z,Other drawings (different format)/Ritningar,Other drawings (different format),R9UHA10-CLB001-003,,OTHER_FORMAT_PDF,DEVELOPMENT,styles/Ritningar/R9UHA10-CLB001-003.pdf,8280f63e7d64353733fba40cbf4b389beff55c34a81f37a70c1f7dd054a72f09,"lokal kopia, samma namn och storlek",ANNOTATED(73) ENGINE_STRIPS_ANNOTS ID_NOT_IN_SHEET_TEXT,IDENTICAL_IN_3_PLACES
1DcYEHiqU5krj68vko6hnlJ1j5kM9sOkY,Drawings/Other drawings (different format)/Ritningar/R9UHA10-CLB001-002.pdf,R9UHA10-CLB001-002.pdf,pdf,application/pdf,327634,2026-04-28T04:12:38Z,Other drawings (different format)/Ritningar,Other drawings (different format),R9UHA10-CLB001-002,,OTHER_FORMAT_PDF,DEVELOPMENT,styles/src/03 - Sweco - AutoCAD 2023 - pdfplot16 - Hairline/R9UHA10-CLB001-002.pdf,3d1ea6884cc22c9640d4c78af59507ec24d7c399bf708e3cdb89ab70bb04773c,"lokal kopia, samma namn och storlek",ANNOTATED(71) ENGINE_STRIPS_ANNOTS ID_NOT_IN_SHEET_TEXT,IDENTICAL_IN_4_PLACES
1C6q3d4oC6RJQ22971ne-mjOb5B-A4tEz,"Drawings/Other drawings (different format)/Ritningar/V50-1-0821 - Plan B2, Del 21, Värme & Sanitäranlägg-.pdf","V50-1-0821 - Plan B2, Del 21, Värme & Sanitäranlägg-.pdf",pdf,application/pdf,190749,2026-02-13T12:11:02Z,Other drawings (different format)/Ritningar,Other drawings (different format),V-50-1-0821,,OTHER_FORMAT_PDF,DEVELOPMENT,"styles/Ritningar/V50-1-0821 - Plan B2, Del 21, Värme & Sanitäranlägg-.pdf",29b26204db0a0ae5ebd60f5f7e92420f273ea45a16bb4b649ad938168d86fe36,"lokal kopia, samma storlek och typ",NO_ANNOTATIONS ID_IN_SHEET_TEXT,IDENTICAL_IN_3_PLACES
1jkiO9KRvCMpJH6vkSnZqlL9aPMntbDfn,"Drawings/Other drawings (different format)/Ritningar/V50-1-0843 - Plan B2, Del 43, Värme & Sanitäranlägg-.pdf","V50-1-0843 - Plan B2, Del 43, Värme & Sanitäranlägg-.pdf",pdf,application/pdf,172419,2026-02-13T12:11:02Z,Other drawings (different format)/Ritningar,Other drawings (different format),V-50-1-0843,,OTHER_FORMAT_PDF,DEVELOPMENT,"styles/Ritningar/V50-1-0843 - Plan B2, Del 43, Värme & Sanitäranlägg-.pdf",17494842833ada89a473cec9b0f8e1cb4a3fd46e732f00564dcc94af2628462b,"lokal kopia, samma storlek och typ",NO_ANNOTATIONS ID_IN_SHEET_TEXT,IDENTICAL_IN_3_PLACES
1lfodOwXnlroYKFDAkuCYx7xPtaMk_xpF,"Drawings/Other drawings (different format)/Ritningar/V50-1-0842 - Plan B2, Del 42, Värme & Sanitäranlägg-.pdf","V50-1-0842 - Plan B2, Del 42, Värme & Sanitäranlägg-.pdf",pdf,application/pdf,277531,2026-02-13T11:47:16Z,Other drawings (different format)/Ritningar,Other drawings (different format),V-50-1-0842,,OTHER_FORMAT_PDF,DEVELOPMENT,"styles/src/04 - VVS Konsulterna - Revit - Bluebeam Brewery 5.0/V50-1-0842 - Plan B2, Del 42, Värme & Sanitäranlägg-.pdf",ef53f8474ca0a36eb6e0eaa55909c54c87af856b3e87806ca95be652d1c4cb70,"lokal kopia, samma storlek och typ",NO_ANNOTATIONS ID_IN_SHEET_TEXT,IDENTICAL_IN_4_PLACES
1baZmmHLIocO9r-hjBFhbn0JgKPWn_1GE,"Drawings/Other drawings (different format)/Ritningar/V50-1-0841 - Plan B2, Del 41, Värme & Sanitäranlägg-.pdf","V50-1-0841 - Plan B2, Del 41, Värme & Sanitäranlägg-.pdf",pdf,application/pdf,249211,2026-02-13T11:47:16Z,Other drawings (different format)/Ritningar,Other drawings (different format),V-50-1-0841,,OTHER_FORMAT_PDF,DEVELOPMENT,"styles/Ritningar/V50-1-0841 - Plan B2, Del 41, Värme & Sanitäranlägg-.pdf",79699fa23d3d75d853b6d8766a8da246a7cfb08d3b553c3a2068fe4837433f5b,"lokal kopia, samma storlek och typ",NO_ANNOTATIONS ID_IN_SHEET_TEXT,IDENTICAL_IN_3_PLACES
15AULySF4uXnbBSO_Xjyg7CMKy9x3HWwt,"Drawings/Other drawings (different format)/Ritningar/V50-1-0824 - Plan B2, Del 24, Värme & Sanitäranlägg-.pdf","V50-1-0824 - Plan B2, Del 24, Värme & Sanitäranlägg-.pdf",pdf,application/pdf,207662,2026-02-13T11:47:16Z,Other drawings (different format)/Ritningar,Other drawings (different format),V-50-1-0824,,OTHER_FORMAT_PDF,DEVELOPMENT,"styles/Ritningar/V50-1-0824 - Plan B2, Del 24, Värme & Sanitäranlägg-.pdf",20cbb1f285ba0d2198665d439bc3e4800a84ed148d639e31b0583c7a050bfd93,"lokal kopia, samma storlek och typ",NO_ANNOTATIONS ID_IN_SHEET_TEXT,IDENTICAL_IN_3_PLACES
1qmFCY__AiliD2HXJeVH6JJvBrn4m5H9l,"Drawings/Other drawings (different format)/Ritningar/V50-1-0844 - Plan B2, Del 44, Värme & Sanitäranlägg-.pdf","V50-1-0844 - Plan B2, Del 44, Värme & Sanitäranlägg-.pdf",pdf,application/pdf,175371,2026-02-13T11:47:16Z,Other drawings (different format)/Ritningar,Other drawings (different format),V-50-1-0844,,OTHER_FORMAT_PDF,DEVELOPMENT,"styles/Ritningar/V50-1-0844 - Plan B2, Del 44, Värme & Sanitäranlägg-.pdf",f7bdd88e16df03175e84dc5865b8c9042f7d536bfb00c7a9e18fd1ebd9a98de8,"lokal kopia, samma storlek och typ",NO_ANNOTATIONS ID_IN_SHEET_TEXT,IDENTICAL_IN_3_PLACES
1593jrWVIP82heRnR_Dk3BjOD0H0XLkey,"Drawings/Other drawings (different format)/Ritningar/V50-1-0832 - Plan B2, Del 32, Värme & Sanitäranlägg-.pdf","V50-1-0832 - Plan B2, Del 32, Värme & Sanitäranlägg-.pdf",pdf,application/pdf,214528,2026-02-13T11:47:16Z,Other drawings (different format)/Ritningar,Other drawings (different format),V-50-1-0832,,OTHER_FORMAT_PDF,DEVELOPMENT,"styles/Ritningar/V50-1-0832 - Plan B2, Del 32, Värme & Sanitäranlägg-.pdf",0f47672b0ab3b5af1e0a2aa2daa04cd62057077c2642ba0293ec938f19651c7a,"lokal kopia, samma storlek och typ",NO_ANNOTATIONS ID_IN_SHEET_TEXT,IDENTICAL_IN_3_PLACES
1Vh4IdY04_4IUqFm8cprvY5Jc3s3B4sed,"Drawings/Other drawings (different format)/Ritningar/V50-1-0822 - Plan B2, Del 22, Värme & Sanitäranlägg-.pdf","V50-1-0822 - Plan B2, Del 22, Värme & Sanitäranlägg-.pdf",pdf,application/pdf,180927,2026-02-13T11:47:16Z,Other drawings (different format)/Ritningar,Other drawings (different format),V-50-1-0822,,OTHER_FORMAT_PDF,DEVELOPMENT,"styles/Ritningar/V50-1-0822 - Plan B2, Del 22, Värme & Sanitäranlägg-.pdf",62fba9edd7e234959fe7f40a7ff016329455c811b169dd0d50e58a98bbe090d3,"lokal kopia, samma storlek och typ",NO_ANNOTATIONS ID_IN_SHEET_TEXT,IDENTICAL_IN_3_PLACES
11VDagzrhQX5LB1PT5xHR1I_Lxp6R95Pc,"Drawings/Other drawings (different format)/Ritningar/V50-1-0834 - Plan B2, Del 34, Värme & Sanitäranlägg-.pdf","V50-1-0834 - Plan B2, Del 34, Värme & Sanitäranlägg-.pdf",pdf,application/pdf,153054,2026-02-13T11:47:16Z,Other drawings (different format)/Ritningar,Other drawings (different format),V-50-1-0834,,OTHER_FORMAT_PDF,DEVELOPMENT,"styles/Ritningar/V50-1-0834 - Plan B2, Del 34, Värme & Sanitäranlägg-.pdf",d2215d48655e55801dc79cfaa67fdfa325f97e19e381a3405a2b4f5ad6741ffb,"lokal kopia, samma storlek och typ",NO_ANNOTATIONS ID_IN_SHEET_TEXT,IDENTICAL_IN_3_PLACES
1CFSR66VLefh3znA0zx9Mn0uKOVfzPhlK,"Drawings/Other drawings (different format)/Ritningar/V50-1-0823 - Plan B2, Del 23, Värme & Sanitäranlägg-.pdf","V50-1-0823 - Plan B2, Del 23, Värme & Sanitäranlägg-.pdf",pdf,application/pdf,194620,2026-02-13T11:47:16Z,Other drawings (different format)/Ritningar,Other drawings (different format),V-50-1-0823,,OTHER_FORMAT_PDF,DEVELOPMENT,"styles/Ritningar/V50-1-0823 - Plan B2, Del 23, Värme & Sanitäranlägg-.pdf",41338fec7a6f4426922ab435fb25fa7a2bfa96de5b833c84567ad9591a014923,"lokal kopia, samma storlek och typ",NO_ANNOTATIONS ID_IN_SHEET_TEXT,IDENTICAL_IN_3_PLACES
1JfbL_nwmW32_Fp3K7GnsLZoAJT0xtAmO,Drawings/Other drawings (different format)/Priorn/V-50-1-A0201.pdf,V-50-1-A0201.pdf,pdf,application/pdf,407149,2026-02-06T10:31:32Z,Other drawings (different format)/Priorn,Other drawings (different format),V-50-1-A0201,,OTHER_FORMAT_PDF,DEVELOPMENT,styles/Priorn/V-50-1-A0201.pdf,cbb4f5082365a2a3dadd17d5124c51180639a738acba3f71b19195b71d9ca40d,"lokal kopia, samma namn och storlek",ANNOTATED(273) ENGINE_STRIPS_ANNOTS NO_TEXT_LAYER_FOR_TITLE_BLOCK,IDENTICAL_IN_2_PLACES
1c1_3pCT9PqNIU_ljEG1gEtvx3_MkiezR,Drawings/Other drawings (different format)/Priorn/V-50-1-A0001.pdf,V-50-1-A0001.pdf,pdf,application/pdf,406596,2026-02-06T10:31:32Z,Other drawings (different format)/Priorn,Other drawings (different format),V-50-1-A0001,,OTHER_FORMAT_PDF,DEVELOPMENT,styles/Priorn/V-50-1-A0001.pdf,0f85ea113062bf33d6742fc6b1be29608514b251d9591f516527a6a4be6aa358,"lokal kopia, samma namn och storlek",ANNOTATED(254) ENGINE_STRIPS_ANNOTS NO_TEXT_LAYER_FOR_TITLE_BLOCK,2_VERSIONS_BY_SIZE_x2
1nKepZkM2P8gsYKrTcVk0i59-6gSuWSfJ,Drawings/Other drawings (different format)/Priorn/V-56-1-A0102.pdf,V-56-1-A0102.pdf,pdf,application/pdf,370400,2026-02-06T10:31:32Z,Other drawings (different format)/Priorn,Other drawings (different format),V-56-1-A0102,,OTHER_FORMAT_PDF,DEVELOPMENT,styles/Priorn/V-56-1-A0102.pdf,88d1d4c7c850ef122f4ac851d65c8cae7fe8288854b41e89fcc4a277bc260198,"lokal kopia, samma namn och storlek",ANNOTATED(108) ENGINE_STRIPS_ANNOTS ID_NOT_IN_SHEET_TEXT,IDENTICAL_IN_2_PLACES
1aF90Dzr6jC4HwZ6c1kA4i7EC9PtaEoeE,Drawings/Other drawings (different format)/Priorn/V-50-1-A0202.pdf,V-50-1-A0202.pdf,pdf,application/pdf,386016,2026-02-06T10:31:32Z,Other drawings (different format)/Priorn,Other drawings (different format),V-50-1-A0202,,OTHER_FORMAT_PDF,DEVELOPMENT,styles/Priorn/V-50-1-A0202.pdf,9e7bf7fe63b29dc63bd82df083f8794909c0541ea5e9305897eb7c100144f5f9,"lokal kopia, samma namn och storlek",ANNOTATED(233) ENGINE_STRIPS_ANNOTS NO_TEXT_LAYER_FOR_TITLE_BLOCK,IDENTICAL_IN_2_PLACES
1AWgv5IWIgnzz4XZZTOTb9SC61rUGKlWF,Drawings/Other drawings (different format)/Priorn/V-56-1-A0101.pdf,V-56-1-A0101.pdf,pdf,application/pdf,372238,2026-02-06T10:31:32Z,Other drawings (different format)/Priorn,Other drawings (different format),V-56-1-A0101,,OTHER_FORMAT_PDF,DEVELOPMENT,styles/Priorn/V-56-1-A0101.pdf,9510f39d0f23d2b2fd80e6349f84e87d8156a48ab3b6a9950e98485243606249,"lokal kopia, samma namn och storlek",ANNOTATED(111) ENGINE_STRIPS_ANNOTS ID_NOT_IN_SHEET_TEXT,IDENTICAL_IN_2_PLACES
1yvJyRhf4fwgVZftcBFZ4BK9wbS5A_2xD,Drawings/Other drawings (different format)/Priorn/V-53-1-A0101.pdf,V-53-1-A0101.pdf,pdf,application/pdf,350170,2026-02-06T10:31:32Z,Other drawings (different format)/Priorn,Other drawings (different format),V-53-1-A0101,,OTHER_FORMAT_PDF,DEVELOPMENT,styles/Priorn/V-53-1-A0101.pdf,406b654da3fc2e8c2a2db005b83aef4ae14265f7a5d3cd446af0967b1de94ba2,"lokal kopia, samma namn och storlek",ANNOTATED(145) ENGINE_STRIPS_ANNOTS NO_TEXT_LAYER_FOR_TITLE_BLOCK,IDENTICAL_IN_2_PLACES
1WLZSmXJZZJJDTzexHSzZQY3bJPrPYv3b,Drawings/Other drawings (different format)/Priorn/V-50-1-A0402.pdf,V-50-1-A0402.pdf,pdf,application/pdf,295809,2026-02-06T10:31:32Z,Other drawings (different format)/Priorn,Other drawings (different format),V-50-1-A0402,,OTHER_FORMAT_PDF,DEVELOPMENT,styles/Priorn/V-50-1-A0402.pdf,c610b51a9707bb057006f684f1ac8f9df5418e08b1944aeef5cd0b29f83fb47d,"lokal kopia, samma namn och storlek",ANNOTATED(118) ENGINE_STRIPS_ANNOTS NO_TEXT_LAYER_FOR_TITLE_BLOCK,IDENTICAL_IN_2_PLACES
1GMZ5dWvvdHyboNdqj-FFDDS7RaIw9a12,Drawings/Other drawings (different format)/Priorn/V-50-1-A0002.pdf,V-50-1-A0002.pdf,pdf,application/pdf,276069,2026-02-06T10:31:32Z,Other drawings (different format)/Priorn,Other drawings (different format),V-50-1-A0002,,OTHER_FORMAT_PDF,DEVELOPMENT,styles/Priorn/V-50-1-A0002.pdf,dc6f993cb7077edcbe908deeb84d88bbbb76c8ea00e62a1070b9db8c486c9308,"lokal kopia, samma namn och storlek",ANNOTATED(72) ENGINE_STRIPS_ANNOTS NO_TEXT_LAYER_FOR_TITLE_BLOCK,IDENTICAL_IN_2_PLACES
1q1sPrcXVtCYMYM-NpRhU7FwEkNKm7Rpd,Drawings/Other drawings (different format)/Priorn/V-50-1-A0301.pdf,V-50-1-A0301.pdf,pdf,application/pdf,506627,2026-02-06T10:31:32Z,Other drawings (different format)/Priorn,Other drawings (different format),V-50-1-A0301,,OTHER_FORMAT_PDF,DEVELOPMENT,styles/Priorn/V-50-1-A0301.pdf,9baa254d13888c84a66d6c4a0f64caaf3d501f27d17b6f06dde3d4308c063770,"lokal kopia, samma namn och storlek",ANNOTATED(349) ENGINE_STRIPS_ANNOTS NO_TEXT_LAYER_FOR_TITLE_BLOCK,IDENTICAL_IN_2_PLACES
1arAxPHD-m5DsQf9wZivQmz0v4OtWq7Vt,Drawings/Other drawings (different format)/Priorn/V-50-1-A0101.pdf,V-50-1-A0101.pdf,pdf,application/pdf,440269,2026-02-06T10:31:32Z,Other drawings (different format)/Priorn,Other drawings (different format),V-50-1-A0101,,OTHER_FORMAT_PDF,DEVELOPMENT,styles/src/01 - AutoCAD - pdfplot14-16 - Ghostscript 9.21/V-50-1-A0101.pdf,ad71f5dcfd7a5058d96db626e65bb4181a3b69e1886964c2a38ac0ac3bd9892e,"lokal kopia, samma namn och storlek",ANNOTATED(343) ENGINE_STRIPS_ANNOTS NO_TEXT_LAYER_FOR_TITLE_BLOCK,IDENTICAL_IN_3_PLACES
1zzJ1UqRR4cNtldEsxuEc1d5OmmPkhxq6,Drawings/Other drawings (different format)/Priorn/V-50-1-A0102.pdf,V-50-1-A0102.pdf,pdf,application/pdf,405684,2026-02-06T10:31:32Z,Other drawings (different format)/Priorn,Other drawings (different format),V-50-1-A0102,,OTHER_FORMAT_PDF,DEVELOPMENT,styles/Priorn/V-50-1-A0102.pdf,53d541f1d17e592d6f597bfe3970f7c68b06819739dbc2ab4095d3ddf2c26583,"lokal kopia, samma namn och storlek",ANNOTATED(268) ENGINE_STRIPS_ANNOTS NO_TEXT_LAYER_FOR_TITLE_BLOCK,IDENTICAL_IN_2_PLACES
1RdAwnTxaMHgXn2Fxa6KG5pRNCjTKRxSL,Drawings/Other drawings (different format)/Priorn/V-50-1-A0302.pdf,V-50-1-A0302.pdf,pdf,application/pdf,403464,2026-02-06T10:31:32Z,Other drawings (different format)/Priorn,Other drawings (different format),V-50-1-A0302,,OTHER_FORMAT_PDF,DEVELOPMENT,styles/Priorn/V-50-1-A0302.pdf,7e5b1720855cf93265c933168838cb75c41ca8f90081040ba898b9178a28d6c5,"lokal kopia, samma namn och storlek",ANNOTATED(273) ENGINE_STRIPS_ANNOTS NO_TEXT_LAYER_FOR_TITLE_BLOCK,IDENTICAL_IN_2_PLACES
1ha9RWubifJVWYSdSYR3p7wjseXMIOhmQ,Drawings/Other drawings (different format)/Priorn/V-50-1-A0401.pdf,V-50-1-A0401.pdf,pdf,application/pdf,302224,2026-02-06T10:31:32Z,Other drawings (different format)/Priorn,Other drawings (different format),V-50-1-A0401,,OTHER_FORMAT_PDF,DEVELOPMENT,styles/Priorn/V-50-1-A0401.pdf,8fe7fe5d278a66ff8f45e33f69384f21cd3853326881283b25990aa346c63a09,"lokal kopia, samma namn och storlek",ANNOTATED(127) ENGINE_STRIPS_ANNOTS NO_TEXT_LAYER_FOR_TITLE_BLOCK,IDENTICAL_IN_2_PLACES
118J-RE7XsbfudXN_w_MLLGPKzaQWpcoW,Drawings/Other drawings (different format)/Priorn/V-53-1-A0102.pdf,V-53-1-A0102.pdf,pdf,application/pdf,340885,2026-02-06T10:31:32Z,Other drawings (different format)/Priorn,Other drawings (different format),V-53-1-A0102,,OTHER_FORMAT_PDF,DEVELOPMENT,styles/Priorn/V-53-1-A0102.pdf,96da4f48f5e55b913eabccdfff95c40164ad09a4aeca29c5cb0ea556e8c22dc8,"lokal kopia, samma namn och storlek",ANNOTATED(131) ENGINE_STRIPS_ANNOTS NO_TEXT_LAYER_FOR_TITLE_BLOCK,IDENTICAL_IN_2_PLACES
1Ekd0RHEbEPMRpJx0nd41FBXNiCyrzzVY,Drawings/Other drawings (different format)/Priorn/V-53-1-A0001.pdf,V-53-1-A0001.pdf,pdf,application/pdf,315285,2026-02-06T10:31:32Z,Other drawings (different format)/Priorn,Other drawings (different format),V-53-1-A0001,,OTHER_FORMAT_PDF,DEVELOPMENT,styles/Priorn/V-53-1-A0001.pdf,d16a52f528e09522d582448e7253af159b68a303ec1063933c7b522d0848abb7,"lokal kopia, samma namn och storlek",ANNOTATED(92) ENGINE_STRIPS_ANNOTS NO_TEXT_LAYER_FOR_TITLE_BLOCK,IDENTICAL_IN_2_PLACES
1oX7jVex3VvRfB_qRssDQqezf0k6al-Gq,Drawings/Other drawings (different format)/Vinkelboda ombyggnad 2026/BILAGA 2V.PDF,BILAGA 2V.PDF,pdf,application/pdf,1293191,2026-08-29T11:40:42Z,Other drawings (different format)/Vinkelboda ombyggnad 2026,Other drawings (different format),,,OTHER_FORMAT_PDF,,,,ej hämtad,,UNIQUE
13GTHD5mX2SqYNz_aU0WWYtZuKb03Ku_5,Drawings/Other drawings (different format)/Vinkelboda ombyggnad 2026/BILAGA 3V.pdf,BILAGA 3V.pdf,pdf,application/pdf,2479010,2026-08-29T11:40:42Z,Other drawings (different format)/Vinkelboda ombyggnad 2026,Other drawings (different format),,,OTHER_FORMAT_PDF,,,,ej hämtad,,UNIQUE
13GekCYrp19SObgsS4ybM97kirkUA2_TA,Drawings/Other drawings (different format)/Vinkelboda ombyggnad 2026/BILAGA 4V.PDF,BILAGA 4V.PDF,pdf,application/pdf,1549733,2026-08-29T11:40:42Z,Other drawings (different format)/Vinkelboda ombyggnad 2026,Other drawings (different format),,,OTHER_FORMAT_PDF,,,,ej hämtad,,UNIQUE
1elhz5DAsnaBa7Po0Ndrj8G-JYVo5XFJ2,Drawings/Other drawings (different format)/Vinkelboda ombyggnad 2026/IV50-20.pdf,IV50-20.pdf,pdf,application/pdf,11392824,2026-08-29T11:40:42Z,Other drawings (different format)/Vinkelboda ombyggnad 2026,Other drawings (different format),,,OTHER_FORMAT_PDF,,,,ej hämtad,,UNIQUE
18M3Zesl72qj33H7Fd9OcZgJ2WB3ezmUV,Drawings/Other drawings (different format)/Vinkelboda ombyggnad 2026/IV50-21.pdf,IV50-21.pdf,pdf,application/pdf,1056920,2026-08-29T11:40:42Z,Other drawings (different format)/Vinkelboda ombyggnad 2026,Other drawings (different format),,,OTHER_FORMAT_PDF,,,,ej hämtad,,UNIQUE
1do6oJTHmeM7iD5BheyBa51lwurNjwzjp,Drawings/Other drawings (different format)/Vinkelboda ombyggnad 2026/IV57-20.pdf,IV57-20.pdf,pdf,application/pdf,1099485,2026-08-29T11:40:42Z,Other drawings (different format)/Vinkelboda ombyggnad 2026,Other drawings (different format),,,OTHER_FORMAT_PDF,,,,ej hämtad,,UNIQUE
1L_XRIv2_Zx0gfeO6iv6gcVSrUP5lJSE6,Drawings/Other drawings (different format)/SJÄLVSTYRELSEGÅRDEN/V-570-1-010-110.pdf,V-570-1-010-110.pdf,pdf,application/pdf,1216818,2026-08-29T10:48:20Z,Other drawings (different format)/SJÄLVSTYRELSEGÅRDEN,Other drawings (different format),V-570-1-0010,,OTHER_FORMAT_PDF,DEVELOPMENT,styles/SJÄLVSTYRELSEGÅRDEN/V-570-1-010-110.pdf,d4a7291519c10e97bad63be2d87dc3108bf6ac3ae0557b52e00a4e3a96483bf2,"lokal kopia, samma namn och storlek",ANNOTATED(57) ENGINE_STRIPS_ANNOTS ID_NOT_IN_SHEET_TEXT,UNIQUE
1CcR-SN70efJivC1ffZbbMPkV27LWQ7wO,Drawings/Other drawings (different format)/Vinkelboda ombyggnad 2026/IV50-10.pdf,IV50-10.pdf,pdf,application/pdf,4506465,2026-08-29T11:40:42Z,Other drawings (different format)/Vinkelboda ombyggnad 2026,Other drawings (different format),,,OTHER_FORMAT_PDF,,,,ej hämtad,,UNIQUE
1Z-koVnDPksbesCcha9oV6rU4Z8ADJLO6,Drawings/Other drawings (different format)/Vinkelboda ombyggnad 2026/V-50.9-002.pdf,V-50.9-002.pdf,pdf,application/pdf,6073845,2026-08-29T11:40:42Z,Other drawings (different format)/Vinkelboda ombyggnad 2026,Other drawings (different format),,,OTHER_FORMAT_PDF,,,,ej hämtad,,UNIQUE
1WdZj6bzbrvTwWUwNfsifzKEmLl4fTJxQ,Drawings/Other drawings (different format)/SJÄLVSTYRELSEGÅRDEN/V-570-1-010-100.pdf,V-570-1-010-100.pdf,pdf,application/pdf,1745350,2026-08-29T10:48:20Z,Other drawings (different format)/SJÄLVSTYRELSEGÅRDEN,Other drawings (different format),V-570-1-0010,,OTHER_FORMAT_PDF,DEVELOPMENT,styles/SJÄLVSTYRELSEGÅRDEN/V-570-1-010-100.pdf,b7b7e99a6b9588144d358d4b5e883fbc3788b2978d1802d6bf277c09a1f5644c,"lokal kopia, samma namn och storlek",ANNOTATED(57) ENGINE_STRIPS_ANNOTS ID_NOT_IN_SHEET_TEXT,UNIQUE
11xMmB2kOaYSuouZo7W16jInJYwC0yVH_,Drawings/Other drawings (different format)/SJÄLVSTYRELSEGÅRDEN/V-570-1-010-130.pdf,V-570-1-010-130.pdf,pdf,application/pdf,1719121,2026-08-29T10:48:20Z,Other drawings (different format)/SJÄLVSTYRELSEGÅRDEN,Other drawings (different format),V-570-1-0010,,OTHER_FORMAT_PDF,DEVELOPMENT,styles/SJÄLVSTYRELSEGÅRDEN/V-570-1-010-130.pdf,4f78c82f73f2006ce81f6f9b8471bd54b17412796e5154d4e188aabdb9f92c42,"lokal kopia, samma namn och storlek",ANNOTATED(57) ENGINE_STRIPS_ANNOTS ID_NOT_IN_SHEET_TEXT,UNIQUE
1qlRjCRHXwXieBUhM-6FY0Ivt2VCrWvP7,Drawings/Other drawings (different format)/Vinkelboda ombyggnad 2026/IV81-02.pdf,IV81-02.pdf,pdf,application/pdf,6978563,2026-08-29T11:40:42Z,Other drawings (different format)/Vinkelboda ombyggnad 2026,Other drawings (different format),,,OTHER_FORMAT_PDF,,,,ej hämtad,,UNIQUE
1Sai9b57_89kWMQqedeBeOrO6dtDYAaN_,Drawings/Other drawings (different format)/Vinkelboda ombyggnad 2026/V-50.9-003.pdf,V-50.9-003.pdf,pdf,application/pdf,5047888,2026-08-29T11:40:42Z,Other drawings (different format)/Vinkelboda ombyggnad 2026,Other drawings (different format),,,OTHER_FORMAT_PDF,,,,ej hämtad,,UNIQUE
1zhcYPvYmaIdjMVdARJvr3zFclmNH9Cue,Drawings/Other drawings (different format)/Vinkelboda ombyggnad 2026/V-50.9-001.pdf,V-50.9-001.pdf,pdf,application/pdf,5532447,2026-08-29T11:40:42Z,Other drawings (different format)/Vinkelboda ombyggnad 2026,Other drawings (different format),,,OTHER_FORMAT_PDF,,,,ej hämtad,,UNIQUE
1PsBxYk1VsIXsTmVkN4zW3QQNRgTRVJyR,Drawings/Other drawings (different format)/Vinkelboda ombyggnad 2026/IV81-01.pdf,IV81-01.pdf,pdf,application/pdf,1527010,2026-08-29T11:40:42Z,Other drawings (different format)/Vinkelboda ombyggnad 2026,Other drawings (different format),,,OTHER_FORMAT_PDF,,,,ej hämtad,,UNIQUE
1GPk-owDbuYzisfc5pCsHhBqFjRQgy8lY,Drawings/Other drawings (different format)/Vinkelboda ombyggnad 2026/V-50.9-004.pdf,V-50.9-004.pdf,pdf,application/pdf,3476007,2026-08-29T11:40:42Z,Other drawings (different format)/Vinkelboda ombyggnad 2026,Other drawings (different format),,,OTHER_FORMAT_PDF,,,,ej hämtad,,UNIQUE
11ZY1N4kpklVu385yHhMcYCpC2IUwPlaN,Drawings/Other drawings (different format)/Vinkelboda ombyggnad 2026/BILAGA 1V.pdf,BILAGA 1V.pdf,pdf,application/pdf,2823639,2026-08-29T11:40:42Z,Other drawings (different format)/Vinkelboda ombyggnad 2026,Other drawings (different format),,,OTHER_FORMAT_PDF,,,,ej hämtad,,UNIQUE
1T5FR6Qn0yhLOB6_ZtGULSkZ3ikpipN6-,Drawings/Other drawings (different format)/Vinkelboda ombyggnad 2026/1030_018 - Rörbeskrivning.pdf,1030_018 - Rörbeskrivning.pdf,pdf,application/pdf,799744,2026-08-29T11:40:42Z,Other drawings (different format)/Vinkelboda ombyggnad 2026,Other drawings (different format),,,OTHER_FORMAT_PDF,,,,ej hämtad,,UNIQUE
1vVnBTz1ESeZPxQI5D4eM9MwMNZkm2Zyq,Drawings/Other drawings (different format)/Vinkelboda ombyggnad 2026/1030_018 - Luftbeskrivning.pdf,1030_018 - Luftbeskrivning.pdf,pdf,application/pdf,828913,2026-08-29T11:40:42Z,Other drawings (different format)/Vinkelboda ombyggnad 2026,Other drawings (different format),,,OTHER_FORMAT_PDF,,,,ej hämtad,,UNIQUE
1KoLhpOQDNmX2d3IQUqWrhYa7wKC_7gVi,Drawings/Other drawings (different format)/Vinkelboda ombyggnad 2026/IV50-40.pdf,IV50-40.pdf,pdf,application/pdf,659122,2026-08-29T11:40:42Z,Other drawings (different format)/Vinkelboda ombyggnad 2026,Other drawings (different format),,,OTHER_FORMAT_PDF,,,,ej hämtad,,UNIQUE
1sp7jE217_Vq__9H5u2S_DS6YrXBD-sY9,Drawings/Other drawings (different format)/Vinkelboda ombyggnad 2026/P-50.7-113.pdf,P-50.7-113.pdf,pdf,application/pdf,418153,2026-08-29T11:40:42Z,Other drawings (different format)/Vinkelboda ombyggnad 2026,Other drawings (different format),,,OTHER_FORMAT_PDF,,,,ej hämtad,,UNIQUE
1gkb7wLEfDO1MwHpaTniB_2tj5gGKfwkM,Drawings/Other drawings (different format)/Vinkelboda ombyggnad 2026/P-50.7-112.pdf,P-50.7-112.pdf,pdf,application/pdf,394227,2026-08-29T11:40:42Z,Other drawings (different format)/Vinkelboda ombyggnad 2026,Other drawings (different format),,,OTHER_FORMAT_PDF,,,,ej hämtad,,UNIQUE
12l8yOmEknVPfQ3RZyTa-bbkcsKZYxvim,Drawings/Other drawings (different format)/Vinkelboda ombyggnad 2026/V-57.1-121.pdf,V-57.1-121.pdf,pdf,application/pdf,286329,2026-08-29T11:40:42Z,Other drawings (different format)/Vinkelboda ombyggnad 2026,Other drawings (different format),,,OTHER_FORMAT_PDF,,,,ej hämtad,,UNIQUE
15Y_hrEa9thOgkJy_7AiukUlePSOCAc0u,Drawings/Other drawings (different format)/Vinkelboda ombyggnad 2026/BILAGA 3R.pdf,BILAGA 3R.pdf,pdf,application/pdf,179395,2026-08-29T11:40:42Z,Other drawings (different format)/Vinkelboda ombyggnad 2026,Other drawings (different format),,,OTHER_FORMAT_PDF,,,,ej hämtad,,UNIQUE
1PNr64B40roUPBSm92xUoymUnGvjeSneG,Drawings/Other drawings (different format)/Vinkelboda ombyggnad 2026/V-57.1-120.pdf,V-57.1-120.pdf,pdf,application/pdf,361067,2026-08-29T11:40:42Z,Other drawings (different format)/Vinkelboda ombyggnad 2026,Other drawings (different format),,,OTHER_FORMAT_PDF,,,,ej hämtad,,UNIQUE
1ntHdaEdW_KIS403ajpn5JtqDmNemaAE1,Drawings/Other drawings (different format)/Vinkelboda ombyggnad 2026/P-50.7-110.pdf,P-50.7-110.pdf,pdf,application/pdf,399467,2026-08-29T11:40:42Z,Other drawings (different format)/Vinkelboda ombyggnad 2026,Other drawings (different format),,,OTHER_FORMAT_PDF,,,,ej hämtad,,UNIQUE
19LqIhHpB7bpd9d7DLVxByfAu9coTOOPN,Drawings/Other drawings (different format)/Vinkelboda ombyggnad 2026/V-53.1-112.pdf,V-53.1-112.pdf,pdf,application/pdf,419067,2026-08-29T11:40:42Z,Other drawings (different format)/Vinkelboda ombyggnad 2026,Other drawings (different format),,,OTHER_FORMAT_PDF,,,,ej hämtad,,UNIQUE
1fjZCWJgQz-FR3LQk4-RMR2yuGNgFOJjN,Drawings/Other drawings (different format)/Vinkelboda ombyggnad 2026/P-50.7-111.pdf,P-50.7-111.pdf,pdf,application/pdf,367297,2026-08-29T11:40:42Z,Other drawings (different format)/Vinkelboda ombyggnad 2026,Other drawings (different format),,,OTHER_FORMAT_PDF,,,,ej hämtad,,UNIQUE
1RIUOAFEJi8VDkQI_mlfp46wV4wwVMIYc,Drawings/Other drawings (different format)/Vinkelboda ombyggnad 2026/V-53.1-110.pdf,V-53.1-110.pdf,pdf,application/pdf,411079,2026-08-29T11:40:42Z,Other drawings (different format)/Vinkelboda ombyggnad 2026,Other drawings (different format),,,OTHER_FORMAT_PDF,,,,ej hämtad,,UNIQUE
1P-o-rxv2-0O4Zf35mR-Xs_5r_Q6twDZe,Drawings/Other drawings (different format)/Vinkelboda ombyggnad 2026/V-53.1-113.pdf,V-53.1-113.pdf,pdf,application/pdf,398434,2026-08-29T11:40:42Z,Other drawings (different format)/Vinkelboda ombyggnad 2026,Other drawings (different format),,,OTHER_FORMAT_PDF,,,,ej hämtad,,UNIQUE
1hUhfJmDggaEA8E-riu8S0IGOGg88OGa0,Drawings/Other drawings (different format)/Vinkelboda ombyggnad 2026/IV57-1.pdf,IV57-1.pdf,pdf,application/pdf,403770,2026-08-29T11:40:42Z,Other drawings (different format)/Vinkelboda ombyggnad 2026,Other drawings (different format),,,OTHER_FORMAT_PDF,,,,ej hämtad,,UNIQUE
1ApE709uNI6oewdWbZXWuSVuxQaNH8q1g,Drawings/Other drawings (different format)/Vinkelboda ombyggnad 2026/V-53.1-111.pdf,V-53.1-111.pdf,pdf,application/pdf,371629,2026-08-29T11:40:42Z,Other drawings (different format)/Vinkelboda ombyggnad 2026,Other drawings (different format),,,OTHER_FORMAT_PDF,,,,ej hämtad,,UNIQUE
1x-QkYJWtNhA8shUNkLzKMkOt3ZnIfGTr,Drawings/Other drawings (different format)/Vinkelboda ombyggnad 2026/V-57.1-122.pdf,V-57.1-122.pdf,pdf,application/pdf,299014,2026-08-29T11:40:42Z,Other drawings (different format)/Vinkelboda ombyggnad 2026,Other drawings (different format),,,OTHER_FORMAT_PDF,,,,ej hämtad,,UNIQUE
1TXKwAp_BaNtAEPLyc2s_yQefcOT8Lwf1,Drawings/Other drawings (different format)/Vinkelboda ombyggnad 2026/V-57.1-123.pdf,V-57.1-123.pdf,pdf,application/pdf,276319,2026-08-29T11:40:42Z,Other drawings (different format)/Vinkelboda ombyggnad 2026,Other drawings (different format),,,OTHER_FORMAT_PDF,,,,ej hämtad,,UNIQUE
19DPKZavAG5r4dcL5mj3jS8vI_zzENUsk,Drawings/Other drawings (different format)/Vinkelboda ombyggnad 2026/P-50.7-100.pdf,P-50.7-100.pdf,pdf,application/pdf,141302,2026-08-29T11:40:42Z,Other drawings (different format)/Vinkelboda ombyggnad 2026,Other drawings (different format),,,OTHER_FORMAT_PDF,,,,ej hämtad,,UNIQUE
1-nOG-uHgQM3zklSSVHuKl5UUm2_HYRDi,Drawings/Other drawings (different format)/Vinkelboda ombyggnad 2026/P-50.7-102.pdf,P-50.7-102.pdf,pdf,application/pdf,125420,2026-08-29T11:40:42Z,Other drawings (different format)/Vinkelboda ombyggnad 2026,Other drawings (different format),,,OTHER_FORMAT_PDF,,,,ej hämtad,,UNIQUE
1xakNhI0vgU0HZUZ75PkfKUFlfpMDrAqZ,Drawings/Other drawings (different format)/Vinkelboda ombyggnad 2026/BILAGA 2R.pdf,BILAGA 2R.pdf,pdf,application/pdf,109549,2026-08-29T11:40:42Z,Other drawings (different format)/Vinkelboda ombyggnad 2026,Other drawings (different format),,,OTHER_FORMAT_PDF,,,,ej hämtad,,UNIQUE
1GqV0RBIQYZkf3YKSP1RFj5YE8Uzy0jxn,Drawings/Other drawings (different format)/Vinkelboda ombyggnad 2026/V-50.1-132.pdf,V-50.1-132.pdf,pdf,application/pdf,150732,2026-08-29T11:40:42Z,Other drawings (different format)/Vinkelboda ombyggnad 2026,Other drawings (different format),,,OTHER_FORMAT_PDF,,,,ej hämtad,,UNIQUE
1OENf_JlPw7XP_oJhdCPPz4EY7Pd9CbVj,Drawings/Other drawings (different format)/Vinkelboda ombyggnad 2026/V-50.1-133.pdf,V-50.1-133.pdf,pdf,application/pdf,129572,2026-08-29T11:40:42Z,Other drawings (different format)/Vinkelboda ombyggnad 2026,Other drawings (different format),,,OTHER_FORMAT_PDF,,,,ej hämtad,,UNIQUE
1DMZOzRg3LqejayTkXtx6tm8JussCqAyf,Drawings/Other drawings (different format)/Vinkelboda ombyggnad 2026/V-50.1-131.pdf,V-50.1-131.pdf,pdf,application/pdf,138345,2026-08-29T11:40:42Z,Other drawings (different format)/Vinkelboda ombyggnad 2026,Other drawings (different format),,,OTHER_FORMAT_PDF,,,,ej hämtad,,UNIQUE
1S04G4BsPHNNVMNA27MUSb2c44NyrRJo2,Drawings/Other drawings (different format)/Vinkelboda ombyggnad 2026/IV50-30.pdf,IV50-30.pdf,pdf,application/pdf,656199,2026-08-29T11:40:42Z,Other drawings (different format)/Vinkelboda ombyggnad 2026,Other drawings (different format),,,OTHER_FORMAT_PDF,,,,ej hämtad,,UNIQUE
1VWnVS9B1GT19DHSiOAelhj3GAA3Ctw6a,Drawings/Other drawings (different format)/Vinkelboda ombyggnad 2026/IV57-10.pdf,IV57-10.pdf,pdf,application/pdf,568913,2026-08-29T11:40:42Z,Other drawings (different format)/Vinkelboda ombyggnad 2026,Other drawings (different format),,,OTHER_FORMAT_PDF,,,,ej hämtad,,UNIQUE
1ME8U1IPs8q-KKufVxZnYos7rHDxt5nJY,Drawings/Other drawings (different format)/Vinkelboda ombyggnad 2026/V-50.2-007.pdf,V-50.2-007.pdf,pdf,application/pdf,692845,2026-08-29T11:40:42Z,Other drawings (different format)/Vinkelboda ombyggnad 2026,Other drawings (different format),,,OTHER_FORMAT_PDF,,,,ej hämtad,,UNIQUE
1mwcOlgNxnftkuZafKzvFNwDWHY0IjRoT,Drawings/Other drawings (different format)/Vinkelboda ombyggnad 2026/V-50.1-112.pdf,V-50.1-112.pdf,pdf,application/pdf,442694,2026-08-29T11:40:42Z,Other drawings (different format)/Vinkelboda ombyggnad 2026,Other drawings (different format),,,OTHER_FORMAT_PDF,,,,ej hämtad,,UNIQUE
1wHgA1KNeJOjGl6jP2Fo-RsY8tyTwGgry,Drawings/Other drawings (different format)/Vinkelboda ombyggnad 2026/V-50.1-113.pdf,V-50.1-113.pdf,pdf,application/pdf,420669,2026-08-29T11:40:42Z,Other drawings (different format)/Vinkelboda ombyggnad 2026,Other drawings (different format),,,OTHER_FORMAT_PDF,,,,ej hämtad,,UNIQUE
1y5boZ8UkHxwg7mF7mdHu87FyZIWELhlE,Drawings/Other drawings (different format)/Vinkelboda ombyggnad 2026/BILAGA 5V.pdf,BILAGA 5V.pdf,pdf,application/pdf,314878,2026-08-29T11:40:42Z,Other drawings (different format)/Vinkelboda ombyggnad 2026,Other drawings (different format),,,OTHER_FORMAT_PDF,,,,ej hämtad,,UNIQUE
1eGfRWSQj98t0uZTJyDakN0AKOdKeQ4qw,Drawings/Other drawings (different format)/Vinkelboda ombyggnad 2026/1030_018 - VVS Handlingsförteckning.pdf,1030_018 - VVS Handlingsförteckning.pdf,pdf,application/pdf,261193,2026-08-29T11:40:42Z,Other drawings (different format)/Vinkelboda ombyggnad 2026,Other drawings (different format),,,OTHER_FORMAT_PDF,,,,ej hämtad,,UNIQUE
1lmF0fzfGAahU62xR0G1qI6Ag-BPmtzvb,Drawings/Other drawings (different format)/Vinkelboda ombyggnad 2026/V-50.1-130.pdf,V-50.1-130.pdf,pdf,application/pdf,165443,2026-08-29T11:40:42Z,Other drawings (different format)/Vinkelboda ombyggnad 2026,Other drawings (different format),,,OTHER_FORMAT_PDF,,,,ej hämtad,,UNIQUE
1ih5STHijBSH3BbPmiLo7PNggcACZO_Zq,Drawings/Other drawings (different format)/Vinkelboda ombyggnad 2026/V-50.2-009.pdf,V-50.2-009.pdf,pdf,application/pdf,220474,2026-08-29T11:40:42Z,Other drawings (different format)/Vinkelboda ombyggnad 2026,Other drawings (different format),,,OTHER_FORMAT_PDF,,,,ej hämtad,,UNIQUE
17s1fTURqd2IWmw0htl7u9Hf66wIrLCGp,Drawings/Other drawings (different format)/Vinkelboda ombyggnad 2026/V-50.1-121.pdf,V-50.1-121.pdf,pdf,application/pdf,171597,2026-08-29T11:40:42Z,Other drawings (different format)/Vinkelboda ombyggnad 2026,Other drawings (different format),,,OTHER_FORMAT_PDF,,,,ej hämtad,,UNIQUE
1gP5AKOMf9zDBaCD7Rokmzf6fWH17eTzT,Drawings/Other drawings (different format)/Vinkelboda ombyggnad 2026/V-50.2-008.pdf,V-50.2-008.pdf,pdf,application/pdf,212902,2026-08-29T11:40:42Z,Other drawings (different format)/Vinkelboda ombyggnad 2026,Other drawings (different format),,,OTHER_FORMAT_PDF,,,,ej hämtad,,UNIQUE
16076TFnbvmyCS-nQRfKGCt3EyZQS2t-d,Drawings/Other drawings (different format)/Vinkelboda ombyggnad 2026/V-50.1-120.pdf,V-50.1-120.pdf,pdf,application/pdf,204754,2026-08-29T11:40:42Z,Other drawings (different format)/Vinkelboda ombyggnad 2026,Other drawings (different format),,,OTHER_FORMAT_PDF,,,,ej hämtad,,UNIQUE
1-x9xAP4AFnNkEjWTpArqeekjmo7xMh55,Drawings/Other drawings (different format)/Vinkelboda ombyggnad 2026/V-57.8-001.pdf,V-57.8-001.pdf,pdf,application/pdf,195031,2026-08-29T11:40:42Z,Other drawings (different format)/Vinkelboda ombyggnad 2026,Other drawings (different format),,,OTHER_FORMAT_PDF,,,,ej hämtad,,2_VERSIONS_BY_SIZE
1dHYL12lUi83V-4BX_awDszX8rJvuK0M5,Drawings/Other drawings (different format)/Vinkelboda ombyggnad 2026/V-50.1-122.pdf,V-50.1-122.pdf,pdf,application/pdf,179156,2026-08-29T11:40:42Z,Other drawings (different format)/Vinkelboda ombyggnad 2026,Other drawings (different format),,,OTHER_FORMAT_PDF,,,,ej hämtad,,UNIQUE
1LXei_4DzIgeOehBH0dxMLH3hNC47le2M,Drawings/Other drawings (different format)/Vinkelboda ombyggnad 2026/V-50.2-010.pdf,V-50.2-010.pdf,pdf,application/pdf,131321,2026-08-29T11:40:42Z,Other drawings (different format)/Vinkelboda ombyggnad 2026,Other drawings (different format),,,OTHER_FORMAT_PDF,,,,ej hämtad,,UNIQUE
1cjmwKme-GBDV0oXeHUCzEQOq9YwQ2v5T,Drawings/Other drawings (different format)/Vinkelboda ombyggnad 2026/V-50.2-006.pdf,V-50.2-006.pdf,pdf,application/pdf,130342,2026-08-29T11:40:42Z,Other drawings (different format)/Vinkelboda ombyggnad 2026,Other drawings (different format),,,OTHER_FORMAT_PDF,,,,ej hämtad,,UNIQUE
10tonjBabrR6x-BQVLtj8pfVgkPnUas5T,Drawings/Other drawings (different format)/Vinkelboda ombyggnad 2026/IV57-30.pdf,IV57-30.pdf,pdf,application/pdf,850468,2026-08-29T11:40:42Z,Other drawings (different format)/Vinkelboda ombyggnad 2026,Other drawings (different format),,,OTHER_FORMAT_PDF,,,,ej hämtad,,UNIQUE
1fEkVUnfs9dL9YltYyivaQ5J3D3Y7RjWC,Drawings/Other drawings (different format)/Vinkelboda ombyggnad 2026/V-50.2-002.pdf,V-50.2-002.pdf,pdf,application/pdf,873364,2026-08-29T11:40:42Z,Other drawings (different format)/Vinkelboda ombyggnad 2026,Other drawings (different format),,,OTHER_FORMAT_PDF,,,,ej hämtad,,UNIQUE
1DU9gPEuwkICNYqh08HHSu3YkK7eraWk4,Drawings/Other drawings (different format)/Vinkelboda ombyggnad 2026/V-50.1-111.pdf,V-50.1-111.pdf,pdf,application/pdf,391660,2026-08-29T11:40:42Z,Other drawings (different format)/Vinkelboda ombyggnad 2026,Other drawings (different format),,,OTHER_FORMAT_PDF,,,,ej hämtad,,UNIQUE
1-lYn-G2w0d0NdJoJGthrTi0mb7GejDmL,Drawings/Other drawings (different format)/Vinkelboda ombyggnad 2026/V-50.1-110.pdf,V-50.1-110.pdf,pdf,application/pdf,440302,2026-08-29T11:40:42Z,Other drawings (different format)/Vinkelboda ombyggnad 2026,Other drawings (different format),,,OTHER_FORMAT_PDF,,,,ej hämtad,,UNIQUE
1vpUltmD2kz9JNp6x0Nu1s3aIn5YqgMeo,Drawings/Other drawings (different format)/Vinkelboda ombyggnad 2026/BILAGA 1S.pdf,BILAGA 1S.pdf,pdf,application/pdf,323482,2026-08-29T11:40:42Z,Other drawings (different format)/Vinkelboda ombyggnad 2026,Other drawings (different format),,,OTHER_FORMAT_PDF,,,,ej hämtad,,UNIQUE
1W9LAvZWrINICctGEiydQiFyrmvif9Any,Drawings/Other drawings (different format)/Vinkelboda ombyggnad 2026/V-57.8-003.pdf,V-57.8-003.pdf,pdf,application/pdf,233127,2026-08-29T11:40:42Z,Other drawings (different format)/Vinkelboda ombyggnad 2026,Other drawings (different format),,,OTHER_FORMAT_PDF,,,,ej hämtad,,UNIQUE
1CwYsiPM2fQUhJ0Nxq5XeHw6ptDhXNeHP,Drawings/Other drawings (different format)/Vinkelboda ombyggnad 2026/IV50-01.pdf,IV50-01.pdf,pdf,application/pdf,237561,2026-08-29T11:40:42Z,Other drawings (different format)/Vinkelboda ombyggnad 2026,Other drawings (different format),,,OTHER_FORMAT_PDF,,,,ej hämtad,,UNIQUE
1dXjqw6NvK-IstlIy-hZuOkLs-G7HMyRV,Drawings/Other drawings (different format)/Vinkelboda ombyggnad 2026/V-50.1-100.pdf,V-50.1-100.pdf,pdf,application/pdf,219606,2026-08-29T11:40:42Z,Other drawings (different format)/Vinkelboda ombyggnad 2026,Other drawings (different format),,,OTHER_FORMAT_PDF,,,,ej hämtad,,UNIQUE
1O8d5CVg_vRUl2Z-OMjF8XFKKitof-54t,Drawings/Other drawings (different format)/Vinkelboda ombyggnad 2026/V-50.2-001.pdf,V-50.2-001.pdf,pdf,application/pdf,264523,2026-08-29T11:40:42Z,Other drawings (different format)/Vinkelboda ombyggnad 2026,Other drawings (different format),,,OTHER_FORMAT_PDF,,,,ej hämtad,,UNIQUE
1umj_NL7YncOlnfkCU4SXYCAMEuSdheao,Drawings/Other drawings (different format)/Vinkelboda ombyggnad 2026/V-57.8-002.pdf,V-57.8-002.pdf,pdf,application/pdf,233835,2026-08-29T11:40:42Z,Other drawings (different format)/Vinkelboda ombyggnad 2026,Other drawings (different format),,,OTHER_FORMAT_PDF,,,,ej hämtad,,UNIQUE
1feW94BX_q5wL5AH7xK0P_0VBv0eSIirF,Drawings/Other drawings (different format)/Vinkelboda ombyggnad 2026/V-50.1-102.pdf,V-50.1-102.pdf,pdf,application/pdf,201432,2026-08-29T11:40:42Z,Other drawings (different format)/Vinkelboda ombyggnad 2026,Other drawings (different format),,,OTHER_FORMAT_PDF,,,,ej hämtad,,UNIQUE
16rUnxBFBh7mBQb9A9BRgX10rPpUZhA0V,Drawings/Other drawings (different format)/Vinkelboda ombyggnad 2026/V-50.2-005.pdf,V-50.2-005.pdf,pdf,application/pdf,141355,2026-08-29T11:40:42Z,Other drawings (different format)/Vinkelboda ombyggnad 2026,Other drawings (different format),,,OTHER_FORMAT_PDF,,,,ej hämtad,,UNIQUE
1wzAX8jPkGv5Kpx4cvrm9m90W4p6dHMy3,Drawings/Other drawings (different format)/Vinkelboda ombyggnad 2026/V-57.8-004.pdf,V-57.8-004.pdf,pdf,application/pdf,129682,2026-08-29T11:40:42Z,Other drawings (different format)/Vinkelboda ombyggnad 2026,Other drawings (different format),,,OTHER_FORMAT_PDF,,,,ej hämtad,,UNIQUE
1gdNP0z6VlGzza0_KbDvcTowqlyPXXqJc,Drawings/Other drawings (different format)/Vinkelboda ombyggnad 2026/V-50.2-004.pdf,V-50.2-004.pdf,pdf,application/pdf,144562,2026-08-29T11:40:42Z,Other drawings (different format)/Vinkelboda ombyggnad 2026,Other drawings (different format),,,OTHER_FORMAT_PDF,,,,ej hämtad,,UNIQUE
1X8ls108b8v04wKSGFed7_B3qPBy6RSXc,Drawings/Other drawings (different format)/Vinkelboda ombyggnad 2026/V-81.8-001.pdf,V-81.8-001.pdf,pdf,application/pdf,149457,2026-08-29T11:40:42Z,Other drawings (different format)/Vinkelboda ombyggnad 2026,Other drawings (different format),,,OTHER_FORMAT_PDF,,,,ej hämtad,,UNIQUE
11JIAmFBk-ubcXV5-3h_v8np5sTRJQ8md,Drawings/Other drawings (different format)/Vinkelboda ombyggnad 2026/V-50.2-003.pdf,V-50.2-003.pdf,pdf,application/pdf,150524,2026-08-29T11:40:42Z,Other drawings (different format)/Vinkelboda ombyggnad 2026,Other drawings (different format),,,OTHER_FORMAT_PDF,,,,ej hämtad,,UNIQUE
1BqJpdN-K4xgH8KSAmASz7LpQut0RTBGn,Drawings/Other drawings (different format)/Vinkelboda ombyggnad 2026/V-57.1-110.pdf,V-57.1-110.pdf,pdf,application/pdf,673545,2026-08-29T11:40:42Z,Other drawings (different format)/Vinkelboda ombyggnad 2026,Other drawings (different format),,,OTHER_FORMAT_PDF,,,,ej hämtad,,UNIQUE
17nuieHKNSrwvmHgvbTMeTeU-_cnQyISY,Drawings/Other drawings (different format)/Vinkelboda ombyggnad 2026/V-57.1-112.pdf,V-57.1-112.pdf,pdf,application/pdf,649570,2026-08-29T11:40:42Z,Other drawings (different format)/Vinkelboda ombyggnad 2026,Other drawings (different format),,,OTHER_FORMAT_PDF,,,,ej hämtad,,UNIQUE
1CXKe6_7cUpklPBejO7ykzS64tUka23YY,Drawings/Other drawings (different format)/Vinkelboda ombyggnad 2026/IV57-40.pdf,IV57-40.pdf,pdf,application/pdf,746884,2026-08-29T11:40:42Z,Other drawings (different format)/Vinkelboda ombyggnad 2026,Other drawings (different format),,,OTHER_FORMAT_PDF,,,,ej hämtad,,UNIQUE
1XCTqGZHDcQocsYG9gmgejEIpKx_TrAk8,Drawings/Other drawings (different format)/Vinkelboda ombyggnad 2026/V-57.1-113.pdf,V-57.1-113.pdf,pdf,application/pdf,519299,2026-08-29T11:40:42Z,Other drawings (different format)/Vinkelboda ombyggnad 2026,Other drawings (different format),,,OTHER_FORMAT_PDF,,,,ej hämtad,,UNIQUE
1RXPoPa8kSELf2CNe7dqHJkqOW1m6VVx5,Drawings/Other drawings (different format)/Vinkelboda ombyggnad 2026/V-57.1-111.pdf,V-57.1-111.pdf,pdf,application/pdf,520132,2026-08-29T11:40:42Z,Other drawings (different format)/Vinkelboda ombyggnad 2026,Other drawings (different format),,,OTHER_FORMAT_PDF,,,,ej hämtad,,UNIQUE
1H5Hut4Hl9ZIjVmLgCyySuVf8gg7-cF2P,Drawings/Other drawings (different format)/Vinkelboda ombyggnad 2026/BILAGA 1R.pdf,BILAGA 1R.pdf,pdf,application/pdf,527832,2026-08-29T11:40:42Z,Other drawings (different format)/Vinkelboda ombyggnad 2026,Other drawings (different format),,,OTHER_FORMAT_PDF,,,,ej hämtad,,UNIQUE
1XSuyF0M3CBknRf3yGoRO_NnER-HISy6H,Drawings/Other drawings (different format)/Vinkelboda ombyggnad 2026/P-50.7-123.pdf,P-50.7-123.pdf,pdf,application/pdf,153541,2026-08-29T11:40:42Z,Other drawings (different format)/Vinkelboda ombyggnad 2026,Other drawings (different format),,,OTHER_FORMAT_PDF,,,,ej hämtad,,UNIQUE
1VTLNgUWTsn4FkirYJBWd9YZ23tlHOREe,Drawings/Other drawings (different format)/Vinkelboda ombyggnad 2026/P-50.7-121.pdf,P-50.7-121.pdf,pdf,application/pdf,156068,2026-08-29T11:40:42Z,Other drawings (different format)/Vinkelboda ombyggnad 2026,Other drawings (different format),,,OTHER_FORMAT_PDF,,,,ej hämtad,,UNIQUE
13Z7mR0UJzx1bu7x__bYTf9qLcqeRyi3f,Drawings/Other drawings (different format)/Vinkelboda ombyggnad 2026/P-50.7-122.pdf,P-50.7-122.pdf,pdf,application/pdf,145838,2026-08-29T11:40:42Z,Other drawings (different format)/Vinkelboda ombyggnad 2026,Other drawings (different format),,,OTHER_FORMAT_PDF,,,,ej hämtad,,UNIQUE
1kjDc30BQiCc1ydfEsMaYZ4vJsPmoun-g,Drawings/Other drawings (different format)/Vinkelboda ombyggnad 2026/P-50.7-120.pdf,P-50.7-120.pdf,pdf,application/pdf,176688,2026-08-29T11:40:42Z,Other drawings (different format)/Vinkelboda ombyggnad 2026,Other drawings (different format),,,OTHER_FORMAT_PDF,,,,ej hämtad,,UNIQUE
1IchnX3JG7huq5knonhDIi9p59ynRj1UD,Drawings/Other drawings (different format)/SJÄLVSTYRELSEGÅRDEN/V-500-1-010-100.pdf,V-500-1-010-100.pdf,pdf,application/pdf,725687,2026-08-29T10:48:20Z,Other drawings (different format)/SJÄLVSTYRELSEGÅRDEN,Other drawings (different format),V-500-1-0010,,OTHER_FORMAT_PDF,DEVELOPMENT,styles/SJÄLVSTYRELSEGÅRDEN/V-500-1-010-100.pdf,0fd867bf048b5e47bb83de5909e5d4c1054e8a06718ad40564a644cd40d5349c,"lokal kopia, samma namn och storlek",ANNOTATED(38) ENGINE_STRIPS_ANNOTS ID_NOT_IN_SHEET_TEXT,UNIQUE
1PfabhyBDn43sLqFzycMIaPZGs6V_rFYa,Drawings/Other drawings (different format)/SJÄLVSTYRELSEGÅRDEN/V-520-1-010-100.pdf,V-520-1-010-100.pdf,pdf,application/pdf,584545,2026-08-29T10:48:20Z,Other drawings (different format)/SJÄLVSTYRELSEGÅRDEN,Other drawings (different format),V-520-1-0010,,OTHER_FORMAT_PDF,DEVELOPMENT,styles/SJÄLVSTYRELSEGÅRDEN/V-520-1-010-100.pdf,1305703e3a357f5e95fb9eda4a9e36d055a6e204fdacefbbdcfa9ceb1336d2d4,"lokal kopia, samma namn och storlek",ANNOTATED(64) ENGINE_STRIPS_ANNOTS ID_NOT_IN_SHEET_TEXT,UNIQUE
1LDgstMbBKuBgF8eK_nGHQEL41PzCw-Ex,Drawings/Other drawings (different format)/SJÄLVSTYRELSEGÅRDEN/V-530-1-010-100.pdf,V-530-1-010-100.pdf,pdf,application/pdf,575889,2026-08-29T10:48:20Z,Other drawings (different format)/SJÄLVSTYRELSEGÅRDEN,Other drawings (different format),V-530-1-0010,,OTHER_FORMAT_PDF,DEVELOPMENT,styles/SJÄLVSTYRELSEGÅRDEN/V-530-1-010-100.pdf,0aa7c91d5a3acfb3d4d0bca27f68b9ec53060749ce190dd1cf780dd2fe067036,"lokal kopia, samma namn och storlek",ANNOTATED(42) ENGINE_STRIPS_ANNOTS ID_NOT_IN_SHEET_TEXT,UNIQUE
1n32zU4lKqN5Pu4MPsI3MdUJNuccw_WS3,Drawings/Other drawings (different format)/SJÄLVSTYRELSEGÅRDEN/V-500-1-010-110.pdf,V-500-1-010-110.pdf,pdf,application/pdf,487732,2026-08-29T10:48:20Z,Other drawings (different format)/SJÄLVSTYRELSEGÅRDEN,Other drawings (different format),V-500-1-0010,,OTHER_FORMAT_PDF,DEVELOPMENT,styles/SJÄLVSTYRELSEGÅRDEN/V-500-1-010-110.pdf,4027718cf548390b7289a5a3a0ef988a8785bdd876901fdb0490e88314f46057,"lokal kopia, samma namn och storlek",ANNOTATED(38) ENGINE_STRIPS_ANNOTS ID_NOT_IN_SHEET_TEXT,UNIQUE
1VhV_EoIGFfkYn0yifAd-sE2lVeMB9KDP,Drawings/Other drawings (different format)/SJÄLVSTYRELSEGÅRDEN/V-500-1-010-130.pdf,V-500-1-010-130.pdf,pdf,application/pdf,447588,2026-08-29T10:48:20Z,Other drawings (different format)/SJÄLVSTYRELSEGÅRDEN,Other drawings (different format),V-500-1-0010,,OTHER_FORMAT_PDF,DEVELOPMENT,styles/SJÄLVSTYRELSEGÅRDEN/V-500-1-010-130.pdf,4894f539b6709401ce0bd8db3886f0f9051fc75addde3ccca1f7b0b363a83179,"lokal kopia, samma namn och storlek",ANNOTATED(38) ENGINE_STRIPS_ANNOTS ID_NOT_IN_SHEET_TEXT,UNIQUE
1u4Wg-GwfVlhh3cY80xgyCTtTbZO1RKca,Drawings/Other drawings (different format)/SJÄLVSTYRELSEGÅRDEN/V-520-1-010-110.pdf,V-520-1-010-110.pdf,pdf,application/pdf,381982,2026-08-29T10:48:20Z,Other drawings (different format)/SJÄLVSTYRELSEGÅRDEN,Other drawings (different format),V-520-1-0010,,OTHER_FORMAT_PDF,DEVELOPMENT,styles/SJÄLVSTYRELSEGÅRDEN/V-520-1-010-110.pdf,83a0d34ccb68fefd9cd210959d4140494c5b488ee81f542e422d7d1b62050f4f,"lokal kopia, samma namn och storlek",ANNOTATED(63) ENGINE_STRIPS_ANNOTS ID_NOT_IN_SHEET_TEXT,UNIQUE
1VztKuW5Y-T26sD_CgckOK5LiU7KpZ_Pr,Drawings/Other drawings (different format)/SJÄLVSTYRELSEGÅRDEN/V-520-1-010-130.pdf,V-520-1-010-130.pdf,pdf,application/pdf,387185,2026-08-29T10:48:20Z,Other drawings (different format)/SJÄLVSTYRELSEGÅRDEN,Other drawings (different format),V-520-1-0010,,OTHER_FORMAT_PDF,DEVELOPMENT,styles/SJÄLVSTYRELSEGÅRDEN/V-520-1-010-130.pdf,fbaa56d4b33859e0bd4c7fa4cbefc8649c94a4c1585e4a0ed0ec15449d1210b5,"lokal kopia, samma namn och storlek",ANNOTATED(63) ENGINE_STRIPS_ANNOTS ID_NOT_IN_SHEET_TEXT,UNIQUE
1RCp9VYkI51yb6hk0sgEJvcm5kYIP81ko,Drawings/Other drawings (different format)/SJÄLVSTYRELSEGÅRDEN/V-530-1-010-130.pdf,V-530-1-010-130.pdf,pdf,application/pdf,372926,2026-08-29T10:48:20Z,Other drawings (different format)/SJÄLVSTYRELSEGÅRDEN,Other drawings (different format),V-530-1-0010,,OTHER_FORMAT_PDF,DEVELOPMENT,styles/SJÄLVSTYRELSEGÅRDEN/V-530-1-010-130.pdf,59d4fc4ea9b5bf107516f7860f9bd0408131f983a1dd7560279daa607584766f,"lokal kopia, samma namn och storlek",ANNOTATED(42) ENGINE_STRIPS_ANNOTS ID_NOT_IN_SHEET_TEXT,UNIQUE
1Q46hqnBnnebM9R4hCSeYmObuYKRX8F7b,Drawings/Other drawings (different format)/SJÄLVSTYRELSEGÅRDEN/V-530-1-010-110.pdf,V-530-1-010-110.pdf,pdf,application/pdf,374075,2026-08-29T10:48:20Z,Other drawings (different format)/SJÄLVSTYRELSEGÅRDEN,Other drawings (different format),V-530-1-0010,,OTHER_FORMAT_PDF,DEVELOPMENT,styles/SJÄLVSTYRELSEGÅRDEN/V-530-1-010-110.pdf,c68cf25b96270b37576c103178700a5ddb3d39a9c91284532741237bd2389ceb,"lokal kopia, samma namn och storlek",ANNOTATED(42) ENGINE_STRIPS_ANNOTS ID_NOT_IN_SHEET_TEXT,UNIQUE
1TUycKqZosEU7hMdeqm6xmEf8uRMaJwn8,Drawings/Other drawings (different format)/Rundstickan/V-50-1-A0122.pdf,V-50-1-A0122.pdf,pdf,application/pdf,525332,2026-08-12T09:22:26Z,Other drawings (different format)/Rundstickan,Other drawings (different format),V-50-1-A0122,,OTHER_FORMAT_PDF,DEVELOPMENT,styles/z/2/V-50-1-A0122.pdf,d064d3b5dc3d0fe48ba7e69b641b5084b1e714a150fd7f731bad93f03eda6207,"lokal kopia, samma namn och storlek",ANNOTATED(30) ENGINE_STRIPS_ANNOTS ID_IN_SHEET_TEXT,3_VERSIONS_BY_SIZE_x5
1CpsKvzxFQI2MZ3qE5a6mFpB-cwy_s3pS,Drawings/Other drawings (different format)/Rundstickan/V-50-1-A0124.pdf,V-50-1-A0124.pdf,pdf,application/pdf,366006,2026-08-12T09:22:26Z,Other drawings (different format)/Rundstickan,Other drawings (different format),V-50-1-A0124,,OTHER_FORMAT_PDF,DEVELOPMENT,styles/test/V-50-1-A0124.pdf,51310e56454f88781ff83a9f87dbb3a96a82765f6eeb33b4538e25c199a080dd,"lokal kopia, samma namn och storlek",ANNOTATED(53) ENGINE_STRIPS_ANNOTS ID_IN_SHEET_TEXT,3_VERSIONS_BY_SIZE_x2
1EW2do2soKIw7DI2ESO27jNdaN4bXg6V_,Drawings/Other drawings (different format)/Rundstickan/V-50-1-A0321.pdf,V-50-1-A0321.pdf,pdf,application/pdf,323899,2026-08-12T09:22:26Z,Other drawings (different format)/Rundstickan,Other drawings (different format),V-50-1-A0321,,OTHER_FORMAT_PDF,DEVELOPMENT,styles/test/V-50-1-A0321.pdf,b8e6231dc8d5d8b709c1c5d5ec0e8638280670311331d2dd5320271c19188ce8,"lokal kopia, samma namn och storlek",ANNOTATED(18) ENGINE_STRIPS_ANNOTS ID_IN_SHEET_TEXT,3_VERSIONS_BY_SIZE_x2
1i5nJI7eg1cY64AKyho_3AOy1QO85rIAT,Drawings/Other drawings (different format)/Rundstickan/V-50-1-A0322.pdf,V-50-1-A0322.pdf,pdf,application/pdf,358862,2026-08-12T09:22:26Z,Other drawings (different format)/Rundstickan,Other drawings (different format),V-50-1-A0322,,OTHER_FORMAT_PDF,DEVELOPMENT,styles/test/V-50-1-A0322.pdf,4cce1f5bce3ee02f684d7b0f7b7305124d7c5bf49e5519c325f93437046e2f81,"lokal kopia, samma namn och storlek",ANNOTATED(25) ENGINE_STRIPS_ANNOTS ID_IN_SHEET_TEXT,3_VERSIONS_BY_SIZE_x2
1b5poELDS5XK92G1wiKp1u6_hv0Omx3wQ,Drawings/Other drawings (different format)/Rundstickan/V-50-1-A0123.pdf,V-50-1-A0123.pdf,pdf,application/pdf,374514,2026-08-12T09:22:26Z,Other drawings (different format)/Rundstickan,Other drawings (different format),V-50-1-A0123,,OTHER_FORMAT_PDF,DEVELOPMENT,styles/z/2/V-50-1-A0123.pdf,044decc841a886fa73586e312b7c8d108a42ee951701365b5b8cd2350df31ad0,"lokal kopia, samma namn och storlek",ANNOTATED(30) ENGINE_STRIPS_ANNOTS ID_IN_SHEET_TEXT,3_VERSIONS_BY_SIZE_x3
1BYaRtYICF3M7uoiV9nJcMJH012m1Ad13,Drawings/Other drawings (different format)/Rundstickan/V-50-1-A0521.pdf,V-50-1-A0521.pdf,pdf,application/pdf,324595,2026-08-12T09:22:28Z,Other drawings (different format)/Rundstickan,Other drawings (different format),V-50-1-A0521,,OTHER_FORMAT_PDF,DEVELOPMENT,styles/test/V-50-1-A0521.pdf,29db8004cf0fbf5871e10d9d7ea5284b1353be7c41259ab20f950a2c0d74193a,"lokal kopia, samma namn och storlek",ANNOTATED(24) ENGINE_STRIPS_ANNOTS ID_IN_SHEET_TEXT,2_VERSIONS_BY_SIZE_x2
1N2ING3fP-wiyDB4p1vTHXkwE_Pekb_XZ,Drawings/Other drawings (different format)/Rundstickan/V-50-1-A0121.pdf,V-50-1-A0121.pdf,pdf,application/pdf,330739,2026-08-12T09:22:26Z,Other drawings (different format)/Rundstickan,Other drawings (different format),V-50-1-A0121,,OTHER_FORMAT_PDF,DEVELOPMENT,styles/test/V-50-1-A0121.pdf,a5e0f57b29311ddf255a71f28444b24c6a973ae744c7cceca4313bd75d2e1bc2,"lokal kopia, samma namn och storlek",ANNOTATED(23) ENGINE_STRIPS_ANNOTS ID_IN_SHEET_TEXT,3_VERSIONS_BY_SIZE_x2
1yiJjwxH31SBflMQjI1uFic78T4wI-zdb,Drawings/Other drawings (different format)/Rundstickan/V-50-6-B0322.pdf,V-50-6-B0322.pdf,pdf,application/pdf,287729,2026-08-12T09:22:28Z,Other drawings (different format)/Rundstickan,Other drawings (different format),V-50-6-B0322,,OTHER_FORMAT_PDF,DEVELOPMENT,styles/Rundstickan/V-50-6-B0322.pdf,830b89017635611ce89fc2b740c1632fc1777faeb2900b47f69d2045325acc5d,"lokal kopia, samma namn och storlek",ANNOTATED(90) ENGINE_STRIPS_ANNOTS ID_NOT_IN_SHEET_TEXT,UNIQUE
1xVa_Bj-TdrfWVfZnlCl37q98RRz3tOhh,Drawings/Other drawings (different format)/Rundstickan/V-50-1-B0222.pdf,V-50-1-B0222.pdf,pdf,application/pdf,315235,2026-08-12T09:22:28Z,Other drawings (different format)/Rundstickan,Other drawings (different format),V-50-1-B0222,,OTHER_FORMAT_PDF,DEVELOPMENT,styles/Rundstickan/V-50-1-B0222.pdf,4f6b06142caee333bc7f62e99a945c8f3a2b4fdd84aeef152bd16855ed5c05ff,"lokal kopia, samma namn och storlek",ANNOTATED(29) ENGINE_STRIPS_ANNOTS ID_IN_SHEET_TEXT,UNIQUE
1xHulm3jxWDbFeNPCamWLmcEO2cR4tnY8,Drawings/Other drawings (different format)/Rundstickan/V-50-1-A0323.pdf,V-50-1-A0323.pdf,pdf,application/pdf,291644,2026-08-12T09:22:26Z,Other drawings (different format)/Rundstickan,Other drawings (different format),V-50-1-A0323,,OTHER_FORMAT_PDF,DEVELOPMENT,styles/test/V-50-1-A0323.pdf,2651fa275dfadf6e027103679fa3b8ef0939e0b7ef1c47e75fb38e2f7c5d395d,"lokal kopia, samma namn och storlek",ANNOTATED(25) ENGINE_STRIPS_ANNOTS ID_IN_SHEET_TEXT,2_VERSIONS_BY_SIZE_x2
1_CYwWPPC99Q90ZKOqBofDRf_G7NyquiW,Drawings/Other drawings (different format)/Rundstickan/V-50-1-B0223.pdf,V-50-1-B0223.pdf,pdf,application/pdf,243380,2026-08-12T09:22:28Z,Other drawings (different format)/Rundstickan,Other drawings (different format),V-50-1-B0223,,OTHER_FORMAT_PDF,DEVELOPMENT,styles/Rundstickan/V-50-1-B0223.pdf,cf25e796e611d87c0d491d19003e0c6d6c8d01843d11bdf661606302af386041,"lokal kopia, samma namn och storlek",ANNOTATED(24) ENGINE_STRIPS_ANNOTS ID_IN_SHEET_TEXT,UNIQUE
1shr0Ty-lbPq6FPAH1Y0rPS_MLk1mGmmv,Drawings/Other drawings (different format)/Rundstickan/V-53-1-B0123.pdf,V-53-1-B0123.pdf,pdf,application/pdf,246814,2026-08-12T09:22:26Z,Other drawings (different format)/Rundstickan,Other drawings (different format),V-53-1-B0123,,OTHER_FORMAT_PDF,DEVELOPMENT,styles/Rundstickan/V-53-1-B0123.pdf,5ded49707ba74af2ac1f600e52ab5299d7a112e1368b5dc7b4b1ecea2f65641e,"lokal kopia, samma namn och storlek",ANNOTATED(34) ENGINE_STRIPS_ANNOTS ID_IN_SHEET_TEXT,UNIQUE
1-9-VX6k_TkALfDxpAgBbMvNToJ9ox2IZ,Drawings/Other drawings (different format)/Rundstickan/V-53-1-B0122.pdf,V-53-1-B0122.pdf,pdf,application/pdf,256957,2026-08-12T09:22:26Z,Other drawings (different format)/Rundstickan,Other drawings (different format),V-53-1-B0122,,OTHER_FORMAT_PDF,DEVELOPMENT,styles/Rundstickan/V-53-1-B0122.pdf,a1453e16bce46130af86946b4c2a3a487b698fc23c8700391fa6b640915247c7,"lokal kopia, samma namn och storlek",ANNOTATED(35) ENGINE_STRIPS_ANNOTS ID_IN_SHEET_TEXT,UNIQUE
1zhlWfudg2JgNb8yon7EdJAUDrRTCguul,Drawings/Other drawings (different format)/Rundstickan/V-50-1-A5512.pdf,V-50-1-A5512.pdf,pdf,application/pdf,270387,2026-08-12T09:22:28Z,Other drawings (different format)/Rundstickan,Other drawings (different format),V-50-1-A5512,,OTHER_FORMAT_PDF,DEVELOPMENT,styles/Rundstickan/V-50-1-A5512.pdf,0366ca0111f103d5d90fed6f2e9de44510cb2369c634706aaabaa3b40c2c2cfa,"lokal kopia, samma namn och storlek",ANNOTATED(86) ENGINE_STRIPS_ANNOTS ID_NOT_IN_SHEET_TEXT,UNIQUE
1co625buHygvQ-dKujbkHW3McSYN1oIhx,Drawings/Other drawings (different format)/Rundstickan/V-50-1-A0222.pdf,V-50-1-A0222.pdf,pdf,application/pdf,348660,2026-08-12T09:22:26Z,Other drawings (different format)/Rundstickan,Other drawings (different format),V-50-1-A0222,,OTHER_FORMAT_PDF,DEVELOPMENT,styles/test/V-50-1-A0222.pdf,7dd11ad5bcd48d000fdfe09d9dc5deb2fd79995c9e808d2a00ad18cf48ebba94,"lokal kopia, samma namn och storlek",ANNOTATED(33) ENGINE_STRIPS_ANNOTS ID_IN_SHEET_TEXT,3_VERSIONS_BY_SIZE_x2
1EfiK5o0IXGybBJJJuK83xyRolgAIXAIv,Drawings/Other drawings (different format)/Rundstickan/V-50-6-B0123.pdf,V-50-6-B0123.pdf,pdf,application/pdf,276303,2026-08-12T09:22:28Z,Other drawings (different format)/Rundstickan,Other drawings (different format),V-50-6-B0123,,OTHER_FORMAT_PDF,DEVELOPMENT,styles/Rundstickan/V-50-6-B0123.pdf,c4663593340c1b01bfc12cfcc816c1f6e395baec64ec4fde5c9f4c56e78c52ea,"lokal kopia, samma namn och storlek",ANNOTATED(95) ENGINE_STRIPS_ANNOTS ID_NOT_IN_SHEET_TEXT,UNIQUE
1WMuaNZ_yqbeYRsUe450vuHw5H3iFhNDl,Drawings/Other drawings (different format)/Rundstickan/V-50-8-A0001.pdf,V-50-8-A0001.pdf,pdf,application/pdf,337584,2026-08-12T09:22:28Z,Other drawings (different format)/Rundstickan,Other drawings (different format),V-50-8-A0001,,OTHER_FORMAT_PDF,DEVELOPMENT,styles/Rundstickan/V-50-8-A0001.pdf,5f188120e930bffa7eb7c806555395505fbe4fab0682b8237c7735d22f986414,"lokal kopia, samma namn och storlek",ANNOTATED(52) ENGINE_STRIPS_ANNOTS ID_NOT_IN_SHEET_TEXT,UNIQUE
1edTAFsZxnvDnA67Kh8RzYohhDBMfRoR5,Drawings/Other drawings (different format)/Rundstickan/V-50-1-A0221.pdf,V-50-1-A0221.pdf,pdf,application/pdf,289842,2026-08-12T09:22:26Z,Other drawings (different format)/Rundstickan,Other drawings (different format),V-50-1-A0221,,OTHER_FORMAT_PDF,DEVELOPMENT,styles/test/V-50-1-A0221.pdf,6b2fae8c0f76eae6ae49fd0a6ce0a68e038cd21b8417ba35b6fe1c8eb68dc611,"lokal kopia, samma namn och storlek",ANNOTATED(20) ENGINE_STRIPS_ANNOTS ID_IN_SHEET_TEXT,3_VERSIONS_BY_SIZE_x2
1PjD1pE0rhmXBCKhXyPTWvwHFCufmHPSN,Drawings/Other drawings (different format)/Rundstickan/V-50-1-A0522.pdf,V-50-1-A0522.pdf,pdf,application/pdf,369776,2026-08-12T09:22:28Z,Other drawings (different format)/Rundstickan,Other drawings (different format),V-50-1-A0522,,OTHER_FORMAT_PDF,DEVELOPMENT,styles/test/V-50-1-A0522.pdf,3d23fde7f00e60aad322aff31a47a5f3bb054df913babf53c8e2cc67b3747d46,"lokal kopia, samma namn och storlek",ANNOTATED(30) ENGINE_STRIPS_ANNOTS ID_IN_SHEET_TEXT,2_VERSIONS_BY_SIZE_x2
1XOhVhcPORjnjRilyPZVHvyRqiOBBFF63,Drawings/Other drawings (different format)/Rundstickan/V-50-1-A0223.pdf,V-50-1-A0223.pdf,pdf,application/pdf,303306,2026-08-12T09:22:26Z,Other drawings (different format)/Rundstickan,Other drawings (different format),V-50-1-A0223,,OTHER_FORMAT_PDF,DEVELOPMENT,styles/test/V-50-1-A0223.pdf,13d7bf78d94e7175bfa95bac807cacc0497577b01df12d9d642b249022e0a249,"lokal kopia, samma namn och storlek",ANNOTATED(29) ENGINE_STRIPS_ANNOTS ID_IN_SHEET_TEXT,3_VERSIONS_BY_SIZE_x2
1gSlWOj3SXKQTSoAOM07Js7Cy-E3N92UE,Drawings/Other drawings (different format)/Rundstickan/V-50-6-B0422.pdf,V-50-6-B0422.pdf,pdf,application/pdf,310762,2026-08-12T09:22:28Z,Other drawings (different format)/Rundstickan,Other drawings (different format),V-50-6-B0422,,OTHER_FORMAT_PDF,DEVELOPMENT,styles/Rundstickan/V-50-6-B0422.pdf,3f09f103ceabd865398e5164366f9765e7f644ac51b66c59bb1d261d8b78b05d,"lokal kopia, samma namn och storlek",ANNOTATED(80) ENGINE_STRIPS_ANNOTS ID_NOT_IN_SHEET_TEXT,UNIQUE
1Xh7sQk-7rRvWhHDCcpIbXUbgiVCTuqg8,Drawings/Other drawings (different format)/Rundstickan/V-50-6-B0122.pdf,V-50-6-B0122.pdf,pdf,application/pdf,291000,2026-08-12T09:22:28Z,Other drawings (different format)/Rundstickan,Other drawings (different format),V-50-6-B0122,,OTHER_FORMAT_PDF,DEVELOPMENT,styles/Rundstickan/V-50-6-B0122.pdf,4577c0dfe6ba12ed42ec2a434c8883519ea9f9d75b95202f642141928568ce84,"lokal kopia, samma namn och storlek",ANNOTATED(92) ENGINE_STRIPS_ANNOTS ID_NOT_IN_SHEET_TEXT,UNIQUE
1cV5cSo10j_2wj_MlqHRmZgGhFsWZgyns,Drawings/Other drawings (different format)/Rundstickan/V-50-1-B0322.pdf,V-50-1-B0322.pdf,pdf,application/pdf,305121,2026-08-12T09:22:28Z,Other drawings (different format)/Rundstickan,Other drawings (different format),V-50-1-B0322,,OTHER_FORMAT_PDF,DEVELOPMENT,styles/Rundstickan/V-50-1-B0322.pdf,cd11468de919f1bd6af923a268030ecb8935c25202e8cbce4bd97ad30d7ba8d5,"lokal kopia, samma namn och storlek",ANNOTATED(28) ENGINE_STRIPS_ANNOTS ID_IN_SHEET_TEXT,UNIQUE
1wFENQE2bSIIdK4CyhuEmZK8xDYbYNE7a,Drawings/Other drawings (different format)/Rundstickan/V-50-1-B0422.pdf,V-50-1-B0422.pdf,pdf,application/pdf,314354,2026-08-12T09:22:28Z,Other drawings (different format)/Rundstickan,Other drawings (different format),V-50-1-B0422,,OTHER_FORMAT_PDF,DEVELOPMENT,styles/Rundstickan/V-50-1-B0422.pdf,2376f25e364f71dee6c3aa870a931458411e13a6a1cc33025cadb92703ea154b,"lokal kopia, samma namn och storlek",ANNOTATED(23) ENGINE_STRIPS_ANNOTS ID_IN_SHEET_TEXT,UNIQUE
1NFnIZ9n8s2kFHvIBTxFuOQ4Rc5edeOBt,Drawings/Other drawings (different format)/Rundstickan/V-53-1-A0124.pdf,V-53-1-A0124.pdf,pdf,application/pdf,260576,2026-08-12T09:22:26Z,Other drawings (different format)/Rundstickan,Other drawings (different format),V-53-1-A0124,,OTHER_FORMAT_PDF,DEVELOPMENT,styles/Rundstickan/V-53-1-A0124.pdf,ddf2753b6009c52016b49041641a8a9642f8f8545c76b48ef516c96c5706cb60,"lokal kopia, samma namn och storlek",ANNOTATED(53) ENGINE_STRIPS_ANNOTS ID_IN_SHEET_TEXT,UNIQUE
1CQbkbJWnXbTj1tXsiG_rI1qt4yGGEG3J,Drawings/Other drawings (different format)/Rundstickan/V-50-1-A0523.pdf,V-50-1-A0523.pdf,pdf,application/pdf,290055,2026-08-12T09:22:28Z,Other drawings (different format)/Rundstickan,Other drawings (different format),V-50-1-A0523,,OTHER_FORMAT_PDF,DEVELOPMENT,styles/test/V-50-1-A0523.pdf,862611af56e0d72519401f1344052f6c75e418f2eb6cc3916e083c4fcda58c55,"lokal kopia, samma namn och storlek",ANNOTATED(23) ENGINE_STRIPS_ANNOTS ID_IN_SHEET_TEXT,2_VERSIONS_BY_SIZE_x2
1XtR8nTwJ_wheACemCXOu25Xi3Un-gMOe,Drawings/Other drawings (different format)/Rundstickan/V-50-1-B0423.pdf,V-50-1-B0423.pdf,pdf,application/pdf,240299,2026-08-12T09:22:28Z,Other drawings (different format)/Rundstickan,Other drawings (different format),V-50-1-B0423,,OTHER_FORMAT_PDF,DEVELOPMENT,styles/Rundstickan/V-50-1-B0423.pdf,02c6951d3113b55911a250cdebc187c6e1ccadac44bdb3b603a4c8bfcf6c5834,"lokal kopia, samma namn och storlek",ANNOTATED(23) ENGINE_STRIPS_ANNOTS ID_IN_SHEET_TEXT,UNIQUE
1WYZnqfDGLb1Sv8BYPWn-rnvqQcpF24ys,Drawings/Other drawings (different format)/Rundstickan/V-50-1-B0123.pdf,V-50-1-B0123.pdf,pdf,application/pdf,269080,2026-08-12T09:22:28Z,Other drawings (different format)/Rundstickan,Other drawings (different format),V-50-1-B0123,,OTHER_FORMAT_PDF,DEVELOPMENT,styles/Rundstickan/V-50-1-B0123.pdf,38b3ecae1aef04c7428012256636c8397fcd7030afee63c76de9b7138bec2310,"lokal kopia, samma namn och storlek",ANNOTATED(37) ENGINE_STRIPS_ANNOTS ID_IN_SHEET_TEXT,UNIQUE
1A2hMxEIGG0xNhB2Ivu3Kmv8cyUk_ijvv,Drawings/Other drawings (different format)/Rundstickan/V-50-1-B0323.pdf,V-50-1-B0323.pdf,pdf,application/pdf,253992,2026-08-12T09:22:28Z,Other drawings (different format)/Rundstickan,Other drawings (different format),V-50-1-B0323,,OTHER_FORMAT_PDF,DEVELOPMENT,styles/Rundstickan/V-50-1-B0323.pdf,e478539fc074cb0d2ad8667bde021a1599bf823b074dd11c2185489e5b062c75,"lokal kopia, samma namn och storlek",ANNOTATED(22) ENGINE_STRIPS_ANNOTS ID_IN_SHEET_TEXT,UNIQUE
12z4e42b2ten8cwLTPync8qYn8u6X46Dd,Drawings/Other drawings (different format)/Rundstickan/V-50-1-B0121.pdf,V-50-1-B0121.pdf,pdf,application/pdf,219338,2026-08-12T09:22:28Z,Other drawings (different format)/Rundstickan,Other drawings (different format),V-50-1-B0121,,OTHER_FORMAT_PDF,DEVELOPMENT,styles/Rundstickan/V-50-1-B0121.pdf,943a9ba396422fc2873919b46da9a5996c10e9dc645e0eea6f608b32e1cf8a98,"lokal kopia, samma namn och storlek",ANNOTATED(20) ENGINE_STRIPS_ANNOTS ID_IN_SHEET_TEXT,UNIQUE
17fomKcepRvF0HjgXRJfrT-wjBHq4DqzI,Drawings/Other drawings (different format)/Rundstickan/V-50-1-B0122.pdf,V-50-1-B0122.pdf,pdf,application/pdf,406109,2026-08-12T09:22:28Z,Other drawings (different format)/Rundstickan,Other drawings (different format),V-50-1-B0122,,OTHER_FORMAT_PDF,DEVELOPMENT,styles/test/V-50-1-B0122.pdf,d62dc0236b89c5436af38fad22ccdf2e686d3f17cb5b80d029b82a659d047061,"lokal kopia, samma namn och storlek",ANNOTATED(39) ENGINE_STRIPS_ANNOTS ID_IN_SHEET_TEXT,2_VERSIONS_BY_SIZE_x2
1QfakRSI4hi5lmzkN1gJZ2VEWifoW0gvI,Drawings/Other drawings (different format)/Rundstickan/V-53-1-A0122.pdf,V-53-1-A0122.pdf,pdf,application/pdf,419272,2026-08-12T09:22:28Z,Other drawings (different format)/Rundstickan,Other drawings (different format),V-53-1-A0122,,OTHER_FORMAT_PDF,DEVELOPMENT,styles/Rundstickan/V-53-1-A0122.pdf,39236f8b55b2543ca28fc9778f2a08e81656b0dc136d98c58072d83067fdc375,"lokal kopia, samma namn och storlek",ANNOTATED(25) ENGINE_STRIPS_ANNOTS ID_IN_SHEET_TEXT,UNIQUE
1duCOPNg1_7u57886kLTigEPCy5jqgh8p,Drawings/Other drawings (different format)/Rundstickan/V-50-1-A0421.pdf,V-50-1-A0421.pdf,pdf,application/pdf,356254,2026-08-12T09:22:28Z,Other drawings (different format)/Rundstickan,Other drawings (different format),V-50-1-A0421,,OTHER_FORMAT_PDF,DEVELOPMENT,styles/test/V-50-1-A0421.pdf,e5303b8448ef47f04654c0c69e2828856124165755c6f6d9038a5d415add2d57,"lokal kopia, samma namn och storlek",ANNOTATED(18) ENGINE_STRIPS_ANNOTS ID_IN_SHEET_TEXT,2_VERSIONS_BY_SIZE_x2
1WsQpvx82DvZsEGY4566rddanq8HJ9dtj,Drawings/Other drawings (different format)/Rundstickan/V-50-6-B0414.pdf,V-50-6-B0414.pdf,pdf,application/pdf,321252,2026-08-12T09:22:28Z,Other drawings (different format)/Rundstickan,Other drawings (different format),V-50-6-B0414,,OTHER_FORMAT_PDF,DEVELOPMENT,styles/Rundstickan/V-50-6-B0414.pdf,a056a076962f5955a655b6a929513ff4218e7960b0be76cb993530816396cfbb,"lokal kopia, samma namn och storlek",ANNOTATED(86) ENGINE_STRIPS_ANNOTS ID_NOT_IN_SHEET_TEXT,UNIQUE
1_Mx4ZEk8QDgLwqeyJGnnixyKfl1ZqKED,Drawings/Other drawings (different format)/Rundstickan/V-50-8-B0001.pdf,V-50-8-B0001.pdf,pdf,application/pdf,309366,2026-08-12T09:22:28Z,Other drawings (different format)/Rundstickan,Other drawings (different format),V-50-8-B0001,,OTHER_FORMAT_PDF,DEVELOPMENT,styles/Rundstickan/V-50-8-B0001.pdf,12616aa940dc8082be0a2fa476b91011664566dc55fee526210be4e81abfe315,"lokal kopia, samma namn och storlek",ANNOTATED(52) ENGINE_STRIPS_ANNOTS ID_NOT_IN_SHEET_TEXT,UNIQUE
1XIPJtp0e5FaCqupr5IWGFiQQeFYwYGl5,Drawings/Other drawings (different format)/Rundstickan/V-50-1-A0622.pdf,V-50-1-A0622.pdf,pdf,application/pdf,278860,2026-08-12T09:22:28Z,Other drawings (different format)/Rundstickan,Other drawings (different format),V-50-1-A0622,,OTHER_FORMAT_PDF,DEVELOPMENT,styles/Rundstickan/V-50-1-A0622.pdf,48b013699e1aeb1df08816846184d55fd1554d515dd01a6c106d39b9ae8a23ea,"lokal kopia, samma namn och storlek",ANNOTATED(91) ENGINE_STRIPS_ANNOTS ID_NOT_IN_SHEET_TEXT,UNIQUE
1cPUV5peNHos-7xN67FNx4kEfgvhzc5ZP,Drawings/Other drawings (different format)/Rundstickan/V-50-1-A0422.pdf,V-50-1-A0422.pdf,pdf,application/pdf,340103,2026-08-12T09:22:28Z,Other drawings (different format)/Rundstickan,Other drawings (different format),V-50-1-A0422,,OTHER_FORMAT_PDF,DEVELOPMENT,styles/test/V-50-1-A0422.pdf,0ba07b4d366355d23903021e0b54b58c6492feca300ed92985bbebfd5de6014a,"lokal kopia, samma namn och storlek",ANNOTATED(19) ENGINE_STRIPS_ANNOTS ID_IN_SHEET_TEXT,2_VERSIONS_BY_SIZE_x2
1ndDn6Z5KANUqYdbqzeEsWVADaOPavPTE,Drawings/Other drawings (different format)/Rundstickan/V-50-6-B0222.pdf,V-50-6-B0222.pdf,pdf,application/pdf,284518,2026-08-12T09:22:28Z,Other drawings (different format)/Rundstickan,Other drawings (different format),V-50-6-B0222,,OTHER_FORMAT_PDF,DEVELOPMENT,styles/Rundstickan/V-50-6-B0222.pdf,2b54b431d6b84a77986ba536daea8c857cf282926162da00cf3aba9b9e8894a9,"lokal kopia, samma namn och storlek",ANNOTATED(79) ENGINE_STRIPS_ANNOTS ID_NOT_IN_SHEET_TEXT,UNIQUE
1KRS2IA6RYPcVL1bk5quQFlXb3BgZnZBb,Drawings/Other drawings (different format)/Rundstickan/V-50-1-A0423.pdf,V-50-1-A0423.pdf,pdf,application/pdf,277615,2026-08-12T09:22:28Z,Other drawings (different format)/Rundstickan,Other drawings (different format),V-50-1-A0423,,OTHER_FORMAT_PDF,DEVELOPMENT,styles/test/V-50-1-A0423.pdf,cf17cd838402ecfeaa022efa72811fe899edaf153e01d1cae49d30428e8c3c48,"lokal kopia, samma namn och storlek",ANNOTATED(12) ENGINE_STRIPS_ANNOTS ID_IN_SHEET_TEXT,2_VERSIONS_BY_SIZE_x2
15Yvbb9hK9TyKtQRZF_cuaEwpVwUb3lN6,Drawings/Other drawings (different format)/Rundstickan/V-50-1-B0522.pdf,V-50-1-B0522.pdf,pdf,application/pdf,260354,2026-08-12T09:22:28Z,Other drawings (different format)/Rundstickan,Other drawings (different format),V-50-1-B0522,,OTHER_FORMAT_PDF,DEVELOPMENT,styles/Rundstickan/V-50-1-B0522.pdf,a0431c9eeaedcee32be3a33722ffa9785e4b755739688fa88e053cd85758c168,"lokal kopia, samma namn och storlek",ANNOTATED(78) ENGINE_STRIPS_ANNOTS ID_NOT_IN_SHEET_TEXT,UNIQUE
1oy-8EfAtEXlhmO1eXvM3DvaxL84cRp54,Drawings/Other drawings (different format)/Rundstickan/V-50-1-B0114.pdf,V-50-1-B0114.pdf,pdf,application/pdf,273970,2026-08-12T09:22:28Z,Other drawings (different format)/Rundstickan,Other drawings (different format),V-50-1-B0114,,OTHER_FORMAT_PDF,DEVELOPMENT,styles/test/V-50-1-B0114.pdf,63e5e6827caaed18443644ed099dec5b11e506ca826e3d1960a78dc92c460690,"lokal kopia, samma namn och storlek",ANNOTATED(27) ENGINE_STRIPS_ANNOTS ID_IN_SHEET_TEXT,2_VERSIONS_BY_SIZE_x2
1U32I22wURpWyOTJIXICidbWz8aafQ2VI,Drawings/Other drawings (different format)/Rundstickan/V-50-6-B0223.pdf,V-50-6-B0223.pdf,pdf,application/pdf,261972,2026-08-12T09:22:28Z,Other drawings (different format)/Rundstickan,Other drawings (different format),V-50-6-B0223,,OTHER_FORMAT_PDF,DEVELOPMENT,styles/Rundstickan/V-50-6-B0223.pdf,53d02eaf2d609ddbac92772ff66da81d4261c9dca2a7e3c75ca80c60253813cb,"lokal kopia, samma namn och storlek",ANNOTATED(82) ENGINE_STRIPS_ANNOTS ID_NOT_IN_SHEET_TEXT,UNIQUE
1SQ6U1K4HPTFuFQAGbHQ4WcsCLNe0UcjL,Drawings/Other drawings (different format)/Rundstickan/V-50-1-A0411.pdf,V-50-1-A0411.pdf,pdf,application/pdf,300550,2026-08-12T09:22:26Z,Other drawings (different format)/Rundstickan,Other drawings (different format),V-50-1-A0411,,OTHER_FORMAT_PDF,DEVELOPMENT,styles/test/V-50-1-A0411.pdf,635507b89c589e05f3b2373ff2e10d6a911667ed07660b4ef4e06ffbe201d1a8,"lokal kopia, samma namn och storlek",ANNOTATED(18) ENGINE_STRIPS_ANNOTS ID_IN_SHEET_TEXT,2_VERSIONS_BY_SIZE_x2
1rVV87DV4bBnL8PJXO9KUXgIQLw2w2gre,Drawings/Other drawings (different format)/Rundstickan/V-50-1-A0623.pdf,V-50-1-A0623.pdf,pdf,application/pdf,253789,2026-08-12T09:22:28Z,Other drawings (different format)/Rundstickan,Other drawings (different format),V-50-1-A0623,,OTHER_FORMAT_PDF,DEVELOPMENT,styles/Rundstickan/V-50-1-A0623.pdf,b3a883aa07485f980cf59627a5aab58544fd3c3921451930178e4e9e0c0525e3,"lokal kopia, samma namn och storlek",ANNOTATED(82) ENGINE_STRIPS_ANNOTS ID_NOT_IN_SHEET_TEXT,UNIQUE
1P8WyvAdEolQK4dXdUVvV46QLIQzc7bWI,Drawings/Other drawings (different format)/Rundstickan/V-53-1-A0123.pdf,V-53-1-A0123.pdf,pdf,application/pdf,275497,2026-08-12T09:22:26Z,Other drawings (different format)/Rundstickan,Other drawings (different format),V-53-1-A0123,,OTHER_FORMAT_PDF,DEVELOPMENT,styles/Rundstickan/V-53-1-A0123.pdf,647824a730d930ed62096b22c5fc0a3d6b3f068ad655277f5b5f66bfa4950ace,"lokal kopia, samma namn och storlek",ANNOTATED(26) ENGINE_STRIPS_ANNOTS ID_IN_SHEET_TEXT,UNIQUE
1C_FgPH83kUya6Y4UZS65fNbEty9SgYBc,Drawings/Other drawings (different format)/Rundstickan/V-53-1-A0112.pdf,V-53-1-A0112.pdf,pdf,application/pdf,262433,2026-08-12T09:22:28Z,Other drawings (different format)/Rundstickan,Other drawings (different format),V-53-1-A0112,,OTHER_FORMAT_PDF,DEVELOPMENT,styles/Rundstickan/V-53-1-A0112.pdf,e2ac8fb158aeb2d602e315a5db95c2fd9cd26b4c77af599f23081a7d78ef6f15,"lokal kopia, samma namn och storlek",ANNOTATED(25) ENGINE_STRIPS_ANNOTS ID_IN_SHEET_TEXT,UNIQUE
1lJF9hLMymtYHL2_P8LzloBEV1L_wkLkS,Drawings/Other drawings (different format)/Rundstickan/V-50-1-A0412.pdf,V-50-1-A0412.pdf,pdf,application/pdf,364952,2026-08-12T09:22:26Z,Other drawings (different format)/Rundstickan,Other drawings (different format),V-50-1-A0412,,OTHER_FORMAT_PDF,DEVELOPMENT,styles/z/2/V-50-1-A0412.pdf,d25fa6954ef2c54974d54de4051b688fceca5e37e6a8db6e0362f01ee0ec95c3,"lokal kopia, samma namn och storlek",ANNOTATED(29) ENGINE_STRIPS_ANNOTS ID_IN_SHEET_TEXT,2_VERSIONS_BY_SIZE_x3
1kqldVYetlnSP0upE41Uz58HMg3E4oinN,Drawings/Other drawings (different format)/Rundstickan/V-50-1-A0212.pdf,V-50-1-A0212.pdf,pdf,application/pdf,376322,2026-08-12T09:22:26Z,Other drawings (different format)/Rundstickan,Other drawings (different format),V-50-1-A0212,,OTHER_FORMAT_PDF,DEVELOPMENT,styles/test/V-50-1-A0212.pdf,1f749b3ee895c106360c5c29ddb8e265f0e34fbc7afd3dc4daa11826584b1bfe,"lokal kopia, samma namn och storlek",ANNOTATED(29) ENGINE_STRIPS_ANNOTS ID_IN_SHEET_TEXT,3_VERSIONS_BY_SIZE_x2
1a3FlThKtgVI4wAGcHux6KVxkDafxukU8,Drawings/Other drawings (different format)/Rundstickan/V-50-6-B0214.pdf,V-50-6-B0214.pdf,pdf,application/pdf,280452,2026-08-12T09:22:28Z,Other drawings (different format)/Rundstickan,Other drawings (different format),V-50-6-B0214,,OTHER_FORMAT_PDF,DEVELOPMENT,styles/Rundstickan/V-50-6-B0214.pdf,0565eac92c31cfb2b02c619b84b46ac6cf470cdc45eb6d6ffe0cee987d89bd58,"lokal kopia, samma namn och storlek",ANNOTATED(85) ENGINE_STRIPS_ANNOTS ID_NOT_IN_SHEET_TEXT,UNIQUE
1SJS9MaAbmdj1ditqKkqDpXMLNCL70oZY,Drawings/Other drawings (different format)/Rundstickan/V-53-1-A0111.pdf,V-53-1-A0111.pdf,pdf,application/pdf,239194,2026-08-12T09:22:28Z,Other drawings (different format)/Rundstickan,Other drawings (different format),V-53-1-A0111,,OTHER_FORMAT_PDF,DEVELOPMENT,styles/Rundstickan/V-53-1-A0111.pdf,d4a2091ce96c1321b89cd3f3beddb821bbeb33063502bedcbfbe9f74c54e9c64,"lokal kopia, samma namn och storlek",ANNOTATED(20) ENGINE_STRIPS_ANNOTS ID_IN_SHEET_TEXT,UNIQUE
19rBebtXhdlUaJElG6D0NpJ0w6hFE8_lQ,Drawings/Other drawings (different format)/Rundstickan/V-50-6-B0412.pdf,V-50-6-B0412.pdf,pdf,application/pdf,297577,2026-08-12T09:22:28Z,Other drawings (different format)/Rundstickan,Other drawings (different format),V-50-6-B0412,,OTHER_FORMAT_PDF,DEVELOPMENT,styles/Rundstickan/V-50-6-B0412.pdf,6923242bebb46f5df07bf142a9ac558ad0a698a9b22b8a86789c12ffacc63901,"lokal kopia, samma namn och storlek",ANNOTATED(81) ENGINE_STRIPS_ANNOTS ID_NOT_IN_SHEET_TEXT,UNIQUE
1qyS5jhaVAOE-3Yc_UwVKvdJxYHTo91FL,Drawings/Other drawings (different format)/Rundstickan/V-50-1-A0612.pdf,V-50-1-A0612.pdf,pdf,application/pdf,260807,2026-08-12T09:22:28Z,Other drawings (different format)/Rundstickan,Other drawings (different format),V-50-1-A0612,,OTHER_FORMAT_PDF,DEVELOPMENT,styles/Rundstickan/V-50-1-A0612.pdf,1e6b5da20ad490f4beae8a13ab666857ca03618d6a9455786027ae9ce4dd2182,"lokal kopia, samma namn och storlek",ANNOTATED(87) ENGINE_STRIPS_ANNOTS ID_NOT_IN_SHEET_TEXT,UNIQUE
1sl7QrVPzkaJLGYtuV7R-N0Q9L0oVl07z,Drawings/Other drawings (different format)/Rundstickan/V-50-1-B0112.pdf,V-50-1-B0112.pdf,pdf,application/pdf,270004,2026-08-12T09:22:28Z,Other drawings (different format)/Rundstickan,Other drawings (different format),V-50-1-B0112,,OTHER_FORMAT_PDF,DEVELOPMENT,styles/test/V-50-1-B0112.pdf,52d415b77dd91c4fd6602768b2f03e0c41adec4613e6105c19950884f4c0f729,"lokal kopia, samma namn och storlek",ANNOTATED(29) ENGINE_STRIPS_ANNOTS ID_IN_SHEET_TEXT,2_VERSIONS_BY_SIZE_x2
19VcFgpN94IJcJj-TFod5eSXg8lUYWwmC,Drawings/Other drawings (different format)/Rundstickan/V-50-6-B0212.pdf,V-50-6-B0212.pdf,pdf,application/pdf,268129,2026-08-12T09:22:28Z,Other drawings (different format)/Rundstickan,Other drawings (different format),V-50-6-B0212,,OTHER_FORMAT_PDF,DEVELOPMENT,styles/Rundstickan/V-50-6-B0212.pdf,c35f82abe025f782ee03dd9e18e6283ab8ca936c4369c9577c01aac62bfae351,"lokal kopia, samma namn och storlek",ANNOTATED(87) ENGINE_STRIPS_ANNOTS ID_NOT_IN_SHEET_TEXT,UNIQUE
1M4_nHCBHkBGMLUdYbvXW2pUj2oi7224g,Drawings/Other drawings (different format)/Rundstickan/V-50-1-B0312.pdf,V-50-1-B0312.pdf,pdf,application/pdf,256851,2026-08-12T09:22:28Z,Other drawings (different format)/Rundstickan,Other drawings (different format),V-50-1-B0312,,OTHER_FORMAT_PDF,DEVELOPMENT,styles/Rundstickan/V-50-1-B0312.pdf,e5485f1a980d1ce09432acbb5a9d9eac8e3f3c75019ffff40b316f7aff07417b,"lokal kopia, samma namn och storlek",ANNOTATED(23) ENGINE_STRIPS_ANNOTS ID_IN_SHEET_TEXT,UNIQUE
1nzE11XoYSBsJwboqoIHmota6cKwYw9da,Drawings/Other drawings (different format)/Rundstickan/V-50-1-A0211.pdf,V-50-1-A0211.pdf,pdf,application/pdf,293512,2026-08-12T09:22:26Z,Other drawings (different format)/Rundstickan,Other drawings (different format),V-50-1-A0211,,OTHER_FORMAT_PDF,DEVELOPMENT,styles/test/V-50-1-A0211.pdf,a0b05e818408cff17cd7c5e33d6afb0a3db937dd7ad873ba216e4dd1497b5bcd,"lokal kopia, samma namn och storlek",ANNOTATED(20) ENGINE_STRIPS_ANNOTS ID_IN_SHEET_TEXT,3_VERSIONS_BY_SIZE_x2
1tIbJ7wQJ1THateN1g2kR21dUknluqEOm,Drawings/Other drawings (different format)/Rundstickan/V-50-1-B0512.pdf,V-50-1-B0512.pdf,pdf,application/pdf,255300,2026-08-12T09:22:28Z,Other drawings (different format)/Rundstickan,Other drawings (different format),V-50-1-B0512,,OTHER_FORMAT_PDF,DEVELOPMENT,styles/Rundstickan/V-50-1-B0512.pdf,40b64bd8a7f5da21f4b505081bc94f1da8368aca3720c4faf436b4dc3875d473,"lokal kopia, samma namn och storlek",ANNOTATED(77) ENGINE_STRIPS_ANNOTS ID_NOT_IN_SHEET_TEXT,UNIQUE
1U0JWYh9OzFb__wqAg4f0SZEFzBLHseTo,Drawings/Other drawings (different format)/Rundstickan/V-50-1-A0611.pdf,V-50-1-A0611.pdf,pdf,application/pdf,246759,2026-08-12T09:22:28Z,Other drawings (different format)/Rundstickan,Other drawings (different format),V-50-1-A0611,,OTHER_FORMAT_PDF,DEVELOPMENT,styles/Rundstickan/V-50-1-A0611.pdf,3482a10d20ee969faada40d9b1581eba727402d42438ae506475e75d3b24377c,"lokal kopia, samma namn och storlek",ANNOTATED(81) ENGINE_STRIPS_ANNOTS ID_NOT_IN_SHEET_TEXT,UNIQUE
1RvwRIgZzlfseXFSPfof3mEUP2RwktIyO,Drawings/Other drawings (different format)/Rundstickan/V-50-1-B0314.pdf,V-50-1-B0314.pdf,pdf,application/pdf,237314,2026-08-12T09:22:28Z,Other drawings (different format)/Rundstickan,Other drawings (different format),V-50-1-B0314,,OTHER_FORMAT_PDF,DEVELOPMENT,styles/Rundstickan/V-50-1-B0314.pdf,3aec1039b22ce5c7743c3d2553bceda7046e7db8f762649d45a7b44beb426240,"lokal kopia, samma namn och storlek",ANNOTATED(22) ENGINE_STRIPS_ANNOTS ID_IN_SHEET_TEXT,UNIQUE
1M4c9cQOHszpcO7GZOPP6AMO3Vl1TBmgO,Drawings/Other drawings (different format)/Rundstickan/V-50-1-B0111.pdf,V-50-1-B0111.pdf,pdf,application/pdf,224430,2026-08-12T09:22:28Z,Other drawings (different format)/Rundstickan,Other drawings (different format),V-50-1-B0111,,OTHER_FORMAT_PDF,DEVELOPMENT,styles/Rundstickan/V-50-1-B0111.pdf,34487b4fd3ae7cf21bf718684f42fcb049385144787496dc25021204118bc488,"lokal kopia, samma namn och storlek",ANNOTATED(20) ENGINE_STRIPS_ANNOTS ID_IN_SHEET_TEXT,UNIQUE
1QVYg7or-cy5vUCPXCfZJFB0oItEuGo-s,Drawings/Other drawings (different format)/Rundstickan/V-50-1-B0514.pdf,V-50-1-B0514.pdf,pdf,application/pdf,258533,2026-08-12T09:22:28Z,Other drawings (different format)/Rundstickan,Other drawings (different format),V-50-1-B0514,,OTHER_FORMAT_PDF,DEVELOPMENT,styles/Rundstickan/V-50-1-B0514.pdf,144b3ca61b3ba73d0c7773f53578cf0dfa713ced3777746f3fccddf2eeb280b5,"lokal kopia, samma namn och storlek",ANNOTATED(76) ENGINE_STRIPS_ANNOTS ID_NOT_IN_SHEET_TEXT,UNIQUE
1NqWQOa42b0gRTzzP7QYhtjrX3GwTlnpC,Drawings/Other drawings (different format)/Rundstickan/V-50-1-B0113.pdf,V-50-1-B0113.pdf,pdf,application/pdf,226187,2026-08-12T09:22:28Z,Other drawings (different format)/Rundstickan,Other drawings (different format),V-50-1-B0113,,OTHER_FORMAT_PDF,DEVELOPMENT,styles/Rundstickan/V-50-1-B0113.pdf,265e8b77384c9248148cd524b95ab3e698e7fca5a4c9ea8f495457bba344a216,"lokal kopia, samma namn och storlek",ANNOTATED(20) ENGINE_STRIPS_ANNOTS ID_IN_SHEET_TEXT,UNIQUE
1IA63evXQXmV9GXm_pMXkoIqmkzl_EPbl,Drawings/Other drawings (different format)/Rundstickan/V-52-1-A0122.pdf,V-52-1-A0122.pdf,pdf,application/pdf,423951,2026-08-12T09:22:28Z,Other drawings (different format)/Rundstickan,Other drawings (different format),V-52-1-A0122,,OTHER_FORMAT_PDF,DEVELOPMENT,styles/Rundstickan/V-52-1-A0122.pdf,894135c9e623ef869c5012168cd3cfd476992b30e9c84042dc8f09499ae9d13b,"lokal kopia, samma namn och storlek",ANNOTATED(24) ENGINE_STRIPS_ANNOTS ID_IN_SHEET_TEXT,UNIQUE
1WaK8sD7bBIBKvs0hOvk7lEDBl_ET6ioZ,Drawings/Other drawings (different format)/Rundstickan/V-50-1-B0412.pdf,V-50-1-B0412.pdf,pdf,application/pdf,288880,2026-08-12T09:22:28Z,Other drawings (different format)/Rundstickan,Other drawings (different format),V-50-1-B0412,,OTHER_FORMAT_PDF,DEVELOPMENT,styles/Rundstickan/V-50-1-B0412.pdf,cd982748207f154bb039aea8400e3253678c41b0b9d73b1929bbaa740b361026,"lokal kopia, samma namn och storlek",ANNOTATED(24) ENGINE_STRIPS_ANNOTS ID_IN_SHEET_TEXT,UNIQUE
1DTU9ZNffrCH6WDeI_k1ws-9OfpvA-l-F,Drawings/Other drawings (different format)/Rundstickan/V-50-1-A0512.pdf,V-50-1-A0512.pdf,pdf,application/pdf,345605,2026-08-12T09:22:28Z,Other drawings (different format)/Rundstickan,Other drawings (different format),V-50-1-A0512,,OTHER_FORMAT_PDF,DEVELOPMENT,styles/test/V-50-1-A0512.pdf,74f5e82220637f14d69636c974a7d701f6da91b966b99dbc5082378a87d32cb6,"lokal kopia, samma namn och storlek",ANNOTATED(35) ENGINE_STRIPS_ANNOTS ID_IN_SHEET_TEXT,2_VERSIONS_BY_SIZE_x2
1KMMsa5aa7GpcW8KnHqfYpKI8P5kLmafS,Drawings/Other drawings (different format)/Rundstickan/V-50-1-A0311.pdf,V-50-1-A0311.pdf,pdf,application/pdf,297007,2026-08-12T09:22:26Z,Other drawings (different format)/Rundstickan,Other drawings (different format),V-50-1-A0311,,OTHER_FORMAT_PDF,DEVELOPMENT,styles/test/V-50-1-A0311.pdf,82bcf9400ce6b2cfd8852fa22c7c648f851f043f57197cb1e26bfadd9105cb64,"lokal kopia, samma namn och storlek",ANNOTATED(21) ENGINE_STRIPS_ANNOTS ID_IN_SHEET_TEXT,3_VERSIONS_BY_SIZE_x2
1INwLpAuqYXivy02rtokqhAwrT9YW19UB,Drawings/Other drawings (different format)/Rundstickan/V-50-1-B0414.pdf,V-50-1-B0414.pdf,pdf,application/pdf,314865,2026-08-12T09:22:28Z,Other drawings (different format)/Rundstickan,Other drawings (different format),V-50-1-B0414,,OTHER_FORMAT_PDF,DEVELOPMENT,styles/Rundstickan/V-50-1-B0414.pdf,f9fc5394d3efc01eea8786e9a98ce1e64ca241acfa36f45835d64048f89ef03f,"lokal kopia, samma namn och storlek",ANNOTATED(19) ENGINE_STRIPS_ANNOTS ID_IN_SHEET_TEXT,UNIQUE
1_QU9_sU33vxaoD3W5IOpWOH0fp549Fac,Drawings/Other drawings (different format)/Rundstickan/V-50-1-A5522.pdf,V-50-1-A5522.pdf,pdf,application/pdf,295223,2026-08-12T09:22:28Z,Other drawings (different format)/Rundstickan,Other drawings (different format),V-50-1-A5522,,OTHER_FORMAT_PDF,DEVELOPMENT,styles/Rundstickan/V-50-1-A5522.pdf,2e24762796b8bddeab1f418ed96ab91e93af66eef46ba65b51f5751042fc7464,"lokal kopia, samma namn och storlek",ANNOTATED(94) ENGINE_STRIPS_ANNOTS ID_NOT_IN_SHEET_TEXT,UNIQUE
1vyRF2les3ImQYzitp3h2wAz4-KxuyJzu,Drawings/Other drawings (different format)/Rundstickan/V-50-1-A0312.pdf,V-50-1-A0312.pdf,pdf,application/pdf,324905,2026-08-12T09:22:26Z,Other drawings (different format)/Rundstickan,Other drawings (different format),V-50-1-A0312,,OTHER_FORMAT_PDF,DEVELOPMENT,styles/test/V-50-1-A0312.pdf,341c1e3eb5e0a5ea6213b198cbf599309705ba77d2351aa50486a2677ec9c004,"lokal kopia, samma namn och storlek",ANNOTATED(24) ENGINE_STRIPS_ANNOTS ID_IN_SHEET_TEXT,3_VERSIONS_BY_SIZE_x2
1Idb42pXbqRGXKAB-0ojKmAB6DFrTVgE7,Drawings/Other drawings (different format)/Rundstickan/V-50-1-A0111.pdf,V-50-1-A0111.pdf,pdf,application/pdf,318941,2026-08-12T09:22:26Z,Other drawings (different format)/Rundstickan,Other drawings (different format),V-50-1-A0111,,OTHER_FORMAT_PDF,DEVELOPMENT,styles/test/V-50-1-A0111.pdf,7c3f783772bf039305862ec12beec54d7a48260c5adb53c3678efaf8970757d5,"lokal kopia, samma namn och storlek",ANNOTATED(24) ENGINE_STRIPS_ANNOTS ID_IN_SHEET_TEXT,3_VERSIONS_BY_SIZE_x2
1pqRw-agp1nTWAmdhabJSumXNk7gJ0CL_,Drawings/Other drawings (different format)/Rundstickan/V-50-1-A0511.pdf,V-50-1-A0511.pdf,pdf,application/pdf,290278,2026-08-12T09:22:28Z,Other drawings (different format)/Rundstickan,Other drawings (different format),V-50-1-A0511,,OTHER_FORMAT_PDF,DEVELOPMENT,styles/test/V-50-1-A0511.pdf,d1af45abc15482c0816e0ac16b40ede1ddbbf95fe88f4ce47d5cf1fc407848f8,"lokal kopia, samma namn och storlek",ANNOTATED(17) ENGINE_STRIPS_ANNOTS ID_IN_SHEET_TEXT,2_VERSIONS_BY_SIZE_x2
1zlAsXKCFlo6evQR1kWgtWw_eLcVfeUt9,Drawings/Other drawings (different format)/Rundstickan/V-50-1-B0214.pdf,V-50-1-B0214.pdf,pdf,application/pdf,291121,2026-08-12T09:22:28Z,Other drawings (different format)/Rundstickan,Other drawings (different format),V-50-1-B0214,,OTHER_FORMAT_PDF,DEVELOPMENT,styles/Rundstickan/V-50-1-B0214.pdf,a6880886af8c9770bb4fa8a5fd7e6efc30d7438167f3004e36fd08a1949e53a6,"lokal kopia, samma namn och storlek",ANNOTATED(27) ENGINE_STRIPS_ANNOTS ID_IN_SHEET_TEXT,UNIQUE
1xN3QdPsy5FAXNYVv06Tc4UdlHV8DsVZp,Drawings/Other drawings (different format)/Rundstickan/V-50-6-B0312.pdf,V-50-6-B0312.pdf,pdf,application/pdf,274505,2026-08-12T09:22:28Z,Other drawings (different format)/Rundstickan,Other drawings (different format),V-50-6-B0312,,OTHER_FORMAT_PDF,DEVELOPMENT,styles/Rundstickan/V-50-6-B0312.pdf,8b2a14ee5d933920feda58cb954a32d9861abe6b4fca7fe1930b287d5f6eb13a,"lokal kopia, samma namn och storlek",ANNOTATED(80) ENGINE_STRIPS_ANNOTS ID_NOT_IN_SHEET_TEXT,UNIQUE
1NzDRZPPH4YTladEQT043tZ2X1wb_X8NS,Drawings/Other drawings (different format)/Rundstickan/V-50-6-B0114.pdf,V-50-6-B0114.pdf,pdf,application/pdf,274801,2026-08-12T09:22:28Z,Other drawings (different format)/Rundstickan,Other drawings (different format),V-50-6-B0114,,OTHER_FORMAT_PDF,DEVELOPMENT,styles/Rundstickan/V-50-6-B0114.pdf,1ed930b649731bcf9b57d643399f8d9995136b0eb6259ec8de87f2fe8ae419b3,"lokal kopia, samma namn och storlek",ANNOTATED(89) ENGINE_STRIPS_ANNOTS ID_NOT_IN_SHEET_TEXT,UNIQUE
1jLRoslgJ1DjdB32d28tTzSbclJkkhLvx,Drawings/Other drawings (different format)/Rundstickan/V-52-1-A0123.pdf,V-52-1-A0123.pdf,pdf,application/pdf,277066,2026-08-12T09:22:28Z,Other drawings (different format)/Rundstickan,Other drawings (different format),V-52-1-A0123,,OTHER_FORMAT_PDF,DEVELOPMENT,styles/Rundstickan/V-52-1-A0123.pdf,2c92aef6aab4a4e428a483b465d70a67b92ce9d46789f2d943641488b3075bef,"lokal kopia, samma namn och storlek",ANNOTATED(30) ENGINE_STRIPS_ANNOTS ID_IN_SHEET_TEXT,UNIQUE
1vhZWy4VmFQ8j_qZrFx2edbdpFxkfjzn2,Drawings/Other drawings (different format)/Rundstickan/V-50-1-B0212.pdf,V-50-1-B0212.pdf,pdf,application/pdf,256844,2026-08-12T09:22:28Z,Other drawings (different format)/Rundstickan,Other drawings (different format),V-50-1-B0212,,OTHER_FORMAT_PDF,DEVELOPMENT,styles/Rundstickan/V-50-1-B0212.pdf,8614f5ff6f3f723dae22a86202c86c267257c349fa0ac387f527619c5c41c303,"lokal kopia, samma namn och storlek",ANNOTATED(24) ENGINE_STRIPS_ANNOTS ID_IN_SHEET_TEXT,UNIQUE
1QpOygXaktJnk8Su8ovET7jJ-fo7Whru7,Drawings/Other drawings (different format)/Rundstickan/V-50-6-B0112.pdf,V-50-6-B0112.pdf,pdf,application/pdf,272837,2026-08-12T09:22:28Z,Other drawings (different format)/Rundstickan,Other drawings (different format),V-50-6-B0112,,OTHER_FORMAT_PDF,DEVELOPMENT,styles/Rundstickan/V-50-6-B0112.pdf,f87686b679d306910f46430975edeac5a86342864f3937948b43cd4ca4ebde1a,"lokal kopia, samma namn och storlek",ANNOTATED(93) ENGINE_STRIPS_ANNOTS ID_NOT_IN_SHEET_TEXT,UNIQUE
1T1k5q7Qc4WiEmOmd9XT1RLs-tSVC4B9P,Drawings/Other drawings (different format)/Rundstickan/V-53-1-B0114.pdf,V-53-1-B0114.pdf,pdf,application/pdf,243672,2026-08-12T09:22:26Z,Other drawings (different format)/Rundstickan,Other drawings (different format),V-53-1-B0114,,OTHER_FORMAT_PDF,DEVELOPMENT,styles/Rundstickan/V-53-1-B0114.pdf,e09704ba9f73816186c96ad30fd5ea4a663c3f55db37041a612fe79e0ee70eca,"lokal kopia, samma namn och storlek",ANNOTATED(27) ENGINE_STRIPS_ANNOTS ID_IN_SHEET_TEXT,UNIQUE
1a1Jus9D6AAyFcIay5XGOps2joa_Vh2MS,Drawings/Other drawings (different format)/Rundstickan/V-50-1-A0112.pdf,V-50-1-A0112.pdf,pdf,application/pdf,374635,2026-08-12T09:22:26Z,Other drawings (different format)/Rundstickan,Other drawings (different format),V-50-1-A0112,,OTHER_FORMAT_PDF,DEVELOPMENT,styles/test/V-50-1-A0112.pdf,dceec0dff11fef2f68a2bc23639439c0567d44349813be14b3384c2b79b6f5f1,"lokal kopia, samma namn och storlek",ANNOTATED(27) ENGINE_STRIPS_ANNOTS ID_IN_SHEET_TEXT,3_VERSIONS_BY_SIZE_x2
1bIbz-vfwGC1v4EUiCkPZkc9iM1wUHn_Z,Drawings/Other drawings (different format)/Rundstickan/V-50-6-B0314.pdf,V-50-6-B0314.pdf,pdf,application/pdf,257197,2026-08-12T09:22:28Z,Other drawings (different format)/Rundstickan,Other drawings (different format),V-50-6-B0314,,OTHER_FORMAT_PDF,DEVELOPMENT,styles/Rundstickan/V-50-6-B0314.pdf,174a1408a92b70eda5a32e27653e9bf79cac1f5d79d62e1c9485e2a5382b6df9,"lokal kopia, samma namn och storlek",ANNOTATED(79) ENGINE_STRIPS_ANNOTS ID_NOT_IN_SHEET_TEXT,UNIQUE
1OLw4PuvOvoPx21ABfm6DDZdX_GImkywq,Drawings/Other drawings (different format)/Hyllie hybrid/Icon_,Icon_,,application/octet-stream,0,2026-07-15T12:49:00Z,Other drawings (different format)/Hyllie hybrid,Other drawings (different format),,,SYSTEM_FILE,,,,ej hämtad,,0_VERSIONS_BY_SIZE
18TsSH0_dK6QdOvz6m543w5CgPjauvFu7,Drawings/Other drawings (different format)/Hyllie hybrid/5.pdf,5.pdf,pdf,application/pdf,416151,2026-04-28T04:23:44Z,Other drawings (different format)/Hyllie hybrid,Other drawings (different format),,,OTHER_FORMAT_PDF,,,,ej hämtad,,3_VERSIONS_BY_SIZE
1TFx9nIsdWORe35RxI6VsQ2bIVAgL6lK6,Drawings/Other drawings (different format)/Hyllie hybrid/6.pdf,6.pdf,pdf,application/pdf,481578,2026-04-28T04:23:44Z,Other drawings (different format)/Hyllie hybrid,Other drawings (different format),,,OTHER_FORMAT_PDF,,,,ej hämtad,,3_VERSIONS_BY_SIZE
1cI4nnsKqJ9on2Yxca55Nrhf9wbB89jXm,Drawings/Other drawings (different format)/Hyllie hybrid/24.pdf,24.pdf,pdf,application/pdf,396236,2026-04-28T04:23:46Z,Other drawings (different format)/Hyllie hybrid,Other drawings (different format),,,OTHER_FORMAT_PDF,,,,ej hämtad,,3_VERSIONS_BY_SIZE
1eZ-wV1-EcChsLLbFzjGBIAJl_Jg1BVRk,Drawings/Other drawings (different format)/Hyllie hybrid/18.pdf,18.pdf,pdf,application/pdf,345266,2026-04-28T04:23:46Z,Other drawings (different format)/Hyllie hybrid,Other drawings (different format),,,OTHER_FORMAT_PDF,,,,ej hämtad,,UNIQUE
19ZfZV3Wh1JYM72wmzrhudKlHg6m-VFIr,Drawings/Other drawings (different format)/Hyllie hybrid/21.pdf,21.pdf,pdf,application/pdf,338689,2026-04-28T04:23:46Z,Other drawings (different format)/Hyllie hybrid,Other drawings (different format),,,OTHER_FORMAT_PDF,,,,ej hämtad,,UNIQUE
1u_tN_arxuO5zk7ZnTL99Z2c-hI6YMga8,Drawings/Other drawings (different format)/Hyllie hybrid/3.pdf,3.pdf,pdf,application/pdf,319468,2026-04-28T04:23:44Z,Other drawings (different format)/Hyllie hybrid,Other drawings (different format),,,OTHER_FORMAT_PDF,,,,ej hämtad,,3_VERSIONS_BY_SIZE
1oXSHSfV5atCmBh5RrG26DDeEDovVNJq6,Drawings/Other drawings (different format)/Hyllie hybrid/7.pdf,7.pdf,pdf,application/pdf,283113,2026-04-28T04:23:44Z,Other drawings (different format)/Hyllie hybrid,Other drawings (different format),,,OTHER_FORMAT_PDF,,,,ej hämtad,,4_VERSIONS_BY_SIZE
1y8V8cb3DtFap1kOMAjK3U03nqQDA_YmP,Drawings/Other drawings (different format)/Hyllie hybrid/25.pdf,25.pdf,pdf,application/pdf,275815,2026-04-28T04:23:46Z,Other drawings (different format)/Hyllie hybrid,Other drawings (different format),,,OTHER_FORMAT_PDF,,,,ej hämtad,,3_VERSIONS_BY_SIZE
11ehsf2cOQWAtwcXKapLMoaEkRRdoCtmK,Drawings/Other drawings (different format)/Hyllie hybrid/19.pdf,19.pdf,pdf,application/pdf,249600,2026-04-28T04:23:46Z,Other drawings (different format)/Hyllie hybrid,Other drawings (different format),,,OTHER_FORMAT_PDF,,,,ej hämtad,,UNIQUE
1DW8g_8lwYAaJNBpTpIUdXqrJsNtCi8d7,Drawings/Other drawings (different format)/Hyllie hybrid/4.pdf,4.pdf,pdf,application/pdf,208247,2026-04-28T04:23:44Z,Other drawings (different format)/Hyllie hybrid,Other drawings (different format),,,OTHER_FORMAT_PDF,,,,ej hämtad,,2_VERSIONS_BY_SIZE
1di8ddY6-gdAhLYOZbh-MANGUcX_z_SRN,Drawings/Other drawings (different format)/Hyllie hybrid/2.pdf,2.pdf,pdf,application/pdf,192823,2026-04-28T04:23:44Z,Other drawings (different format)/Hyllie hybrid,Other drawings (different format),,,OTHER_FORMAT_PDF,,,,ej hämtad,,2_VERSIONS_BY_SIZE
1Z5YEf8wX5sOc07-o4BPXpQY4zja8Zo_d,Drawings/Other drawings (different format)/Hyllie hybrid/30.pdf,30.pdf,pdf,application/pdf,155058,2026-04-28T04:23:46Z,Other drawings (different format)/Hyllie hybrid,Other drawings (different format),,,OTHER_FORMAT_PDF,,,,ej hämtad,,UNIQUE
1Dh3aFIJFBu2dosGq3ynRec_p2XzJLgNW,Drawings/Other drawings (different format)/Hyllie hybrid/26.pdf,26.pdf,pdf,application/pdf,148096,2026-04-28T04:23:46Z,Other drawings (different format)/Hyllie hybrid,Other drawings (different format),,,OTHER_FORMAT_PDF,,,,ej hämtad,,UNIQUE
1tfhDLGa2HT9qQq08q_qPlftHrke97HTm,Drawings/Other drawings (different format)/Hyllie hybrid/27.pdf,27.pdf,pdf,application/pdf,156328,2026-04-28T04:23:46Z,Other drawings (different format)/Hyllie hybrid,Other drawings (different format),,,OTHER_FORMAT_PDF,,,,ej hämtad,,UNIQUE
12wg8NCbRtRau-hPZNommyTtr3VwQZers,Drawings/Other drawings (different format)/Hyllie hybrid/12.pdf,12.pdf,pdf,application/pdf,403830,2026-04-28T04:23:46Z,Other drawings (different format)/Hyllie hybrid,Other drawings (different format),,,OTHER_FORMAT_PDF,,,,ej hämtad,,2_VERSIONS_BY_SIZE
1lpeM4H9Wo2oNddNAZ_e19R9_XvUPDlmp,Drawings/Other drawings (different format)/Hyllie hybrid/11.pdf,11.pdf,pdf,application/pdf,290202,2026-04-28T04:23:44Z,Other drawings (different format)/Hyllie hybrid,Other drawings (different format),,,OTHER_FORMAT_PDF,,,,ej hämtad,,2_VERSIONS_BY_SIZE
15TMaYWB4RTSWVZU95sqSe6XZvotfOfIr,Drawings/Other drawings (different format)/Hyllie hybrid/9.pdf,9.pdf,pdf,application/pdf,422242,2026-04-28T04:23:44Z,Other drawings (different format)/Hyllie hybrid,Other drawings (different format),,,OTHER_FORMAT_PDF,,,,ej hämtad,,4_VERSIONS_BY_SIZE
1X1lZJj0cJr_FA24T1q1_6YRM_qp_k8ms,Drawings/Other drawings (different format)/Hyllie hybrid/17.pdf,17.pdf,pdf,application/pdf,287987,2026-04-28T04:23:46Z,Other drawings (different format)/Hyllie hybrid,Other drawings (different format),,,OTHER_FORMAT_PDF,,,,ej hämtad,,UNIQUE
1KmcYXqSn0U-ojMUmel_A89N2OrS5lOOB,Drawings/Other drawings (different format)/Hyllie hybrid/8.pdf,8.pdf,pdf,application/pdf,300001,2026-04-28T04:23:44Z,Other drawings (different format)/Hyllie hybrid,Other drawings (different format),,,OTHER_FORMAT_PDF,,,,ej hämtad,,3_VERSIONS_BY_SIZE
13bzJ6ZNoqzteAtixPVqLn3-9U1W_dc8X,Drawings/Other drawings (different format)/Hyllie hybrid/14.pdf,14.pdf,pdf,application/pdf,297198,2026-04-28T04:23:46Z,Other drawings (different format)/Hyllie hybrid,Other drawings (different format),,,OTHER_FORMAT_PDF,,,,ej hämtad,,UNIQUE
16x-p7uKdsqPKXLD0_wnwhEKU1q5vlUBN,Drawings/Other drawings (different format)/Hyllie hybrid/15.pdf,15.pdf,pdf,application/pdf,355511,2026-04-28T04:23:46Z,Other drawings (different format)/Hyllie hybrid,Other drawings (different format),,,OTHER_FORMAT_PDF,,,,ej hämtad,,UNIQUE
1mQUv4HpfFOkbkAUH5JM2z_wMxdWZENSf,Drawings/Other drawings (different format)/Hyllie hybrid/10.pdf,10.pdf,pdf,application/pdf,261771,2026-04-28T04:23:44Z,Other drawings (different format)/Hyllie hybrid,Other drawings (different format),,,OTHER_FORMAT_PDF,DEVELOPMENT,styles/src/01 - AutoCAD - pdfplot14-16 - Ghostscript 9.21/10.pdf,68f600bdf85799f9f623fb096154e197dbdb5ce708e327f7c75b887da025f4c9,"lokal kopia, samma namn och storlek",NO_ANNOTATIONS,3_VERSIONS_BY_SIZE_x2
1WpQNfkfyWj_mrDmdVyLpgtMK9WPngCzl,Drawings/Other drawings (different format)/Hyllie hybrid/22.pdf,22.pdf,pdf,application/pdf,252821,2026-04-28T04:23:46Z,Other drawings (different format)/Hyllie hybrid,Other drawings (different format),,,OTHER_FORMAT_PDF,,,,ej hämtad,,2_VERSIONS_BY_SIZE
143zmRKHIjw82stITZX5INTcIHd1ghLPo,Drawings/Other drawings (different format)/Hyllie hybrid/20.pdf,20.pdf,pdf,application/pdf,282155,2026-04-28T04:23:46Z,Other drawings (different format)/Hyllie hybrid,Other drawings (different format),,,OTHER_FORMAT_PDF,,,,ej hämtad,,UNIQUE
1yzdp6TBvJVY4DQHAFbTU8ZFKcLniePhv,Drawings/Other drawings (different format)/Hyllie hybrid/13.pdf,13.pdf,pdf,application/pdf,249411,2026-04-28T04:23:46Z,Other drawings (different format)/Hyllie hybrid,Other drawings (different format),,,OTHER_FORMAT_PDF,,,,ej hämtad,,UNIQUE
1fWCXIuLafBYmcA9vNeyAzjxhrcJolcCE,Drawings/Other drawings (different format)/Hyllie hybrid/29.pdf,29.pdf,pdf,application/pdf,200173,2026-04-28T04:23:46Z,Other drawings (different format)/Hyllie hybrid,Other drawings (different format),,,OTHER_FORMAT_PDF,,,,ej hämtad,,UNIQUE
1SmfyTsvxrKU7RH5lD92F8LLLoUKmfr21,Drawings/Other drawings (different format)/Hyllie hybrid/23.pdf,23.pdf,pdf,application/pdf,275199,2026-04-28T04:23:46Z,Other drawings (different format)/Hyllie hybrid,Other drawings (different format),,,OTHER_FORMAT_PDF,,,,ej hämtad,,UNIQUE
1DgyFyOZJU_QxpFF6Ff52SsiEnSNMpfto,Drawings/Other drawings (different format)/Hyllie hybrid/16.pdf,16.pdf,pdf,application/pdf,258127,2026-04-28T04:23:46Z,Other drawings (different format)/Hyllie hybrid,Other drawings (different format),,,OTHER_FORMAT_PDF,,,,ej hämtad,,UNIQUE
1kC5giYZK8uWbLCQgw9QKGm6axd4bCebX,Drawings/CVAT/W-50-1-A-0014_cvat_job3045476,W-50-1-A-0014_cvat_job3045476,,application/vnd.google-apps.folder,0,2026-09-10T22:02:12.155Z,CVAT,CVAT,W-50-1-A0014,,FOLDER,,,,ej hämtad,,0_VERSIONS_BY_SIZE
1IEubrYPQSLFL36EXBzg-VhMqxEQsojvz,Drawings/CVAT/V-50-1-A0222_cvat_job3293980,V-50-1-A0222_cvat_job3293980,,application/vnd.google-apps.folder,0,2026-09-10T22:02:12.152Z,CVAT,CVAT,V-50-1-A0222,,FOLDER,,,,ej hämtad,,0_VERSIONS_BY_SIZE
1WOKisVn5X4bko8PkS0ZJw0MLcBHeUhiG,Drawings/CVAT/V-50-1-A0321_cvat_job3293984,V-50-1-A0321_cvat_job3293984,,application/vnd.google-apps.folder,0,2026-09-10T22:02:12.151Z,CVAT,CVAT,V-50-1-A0321,,FOLDER,,,,ej hämtad,,0_VERSIONS_BY_SIZE
1TmxlUjmoERgnQe0ZU1L7eq33opY_VifP,Drawings/CVAT/V-50-1-A0123_cvat_job3293975,V-50-1-A0123_cvat_job3293975,,application/vnd.google-apps.folder,0,2026-09-10T22:02:11.482Z,CVAT,CVAT,V-50-1-A0123,,FOLDER,,,,ej hämtad,,0_VERSIONS_BY_SIZE
1gbSmiNRZSh3Vu2KbpkhNjZOifLGLFngv,Drawings/CVAT/V-50-1-A0212_cvat_job3293978,V-50-1-A0212_cvat_job3293978,,application/vnd.google-apps.folder,0,2026-09-10T22:02:11.482Z,CVAT,CVAT,V-50-1-A0212,,FOLDER,,,,ej hämtad,,0_VERSIONS_BY_SIZE
1y1QHqzEBnutweSR5kwxvEgCHZy-51ZrR,Drawings/CVAT/W-50-1-A-0011_cvat_job2947372,W-50-1-A-0011_cvat_job2947372,,application/vnd.google-apps.folder,0,2026-09-10T22:02:11.481Z,CVAT,CVAT,W-50-1-A0011,,FOLDER,,,,ej hämtad,,0_VERSIONS_BY_SIZE
1WTUSe2FJD2ltFwRs5ikG8gUxh3RIbQbR,Drawings/CVAT/W-50-1-A-0021_cvat_job3045478,W-50-1-A-0021_cvat_job3045478,,application/vnd.google-apps.folder,0,2026-09-10T22:02:11.481Z,CVAT,CVAT,W-50-1-A0021,,FOLDER,,,,ej hämtad,,0_VERSIONS_BY_SIZE
1PBzB8-5a2YiScNoERB41k5jks8M1G0-x,Drawings/CVAT/V-50-1-A0221_cvat_job3293979,V-50-1-A0221_cvat_job3293979,,application/vnd.google-apps.folder,0,2026-09-10T22:02:11.476Z,CVAT,CVAT,V-50-1-A0221,,FOLDER,,,,ej hämtad,,0_VERSIONS_BY_SIZE
1a33l3bQVPFevzcB3iLvKtihg99jxjH2c,Drawings/CVAT/W-50-1-A-0134_cvat_job3144607,W-50-1-A-0134_cvat_job3144607,,application/vnd.google-apps.folder,0,2026-09-10T22:02:11.470Z,CVAT,CVAT,W-50-1-A0134,,FOLDER,,,,ej hämtad,,0_VERSIONS_BY_SIZE
1v7ftGeOuw2LFL1zATSKZdacMjepR9gNp,Drawings/CVAT/W-50-1-A-0114_cvat_job3045490,W-50-1-A-0114_cvat_job3045490,,application/vnd.google-apps.folder,0,2026-09-10T22:02:11.468Z,CVAT,CVAT,W-50-1-A0114,,FOLDER,,,,ej hämtad,,0_VERSIONS_BY_SIZE
1WHQU_4ATzRVyd3CNS7cs0NvlIvZ_A1eu,Drawings/CVAT/W-50-1-A-0123_cvat_job3045493,W-50-1-A-0123_cvat_job3045493,,application/vnd.google-apps.folder,0,2026-09-10T22:02:11.467Z,CVAT,CVAT,W-50-1-A0123,,FOLDER,,,,ej hämtad,,0_VERSIONS_BY_SIZE
1En_EBfB8pBSAgBIj_uHN9ThCRbHO7DUR,Drawings/CVAT/W-50-1-A-0024_cvat_job3045481,W-50-1-A-0024_cvat_job3045481,,application/vnd.google-apps.folder,0,2026-09-10T22:02:11.467Z,CVAT,CVAT,W-50-1-A0024,,FOLDER,,,,ej hämtad,,0_VERSIONS_BY_SIZE
1c0V_Apu-Jm3h5E14Xv6-vpPJMjByLaIM,Drawings/CVAT/W-50-1-A-0013_cvat_job2945685,W-50-1-A-0013_cvat_job2945685,,application/vnd.google-apps.folder,0,2026-09-10T22:02:11.467Z,CVAT,CVAT,W-50-1-A0013,,FOLDER,,,,ej hämtad,,0_VERSIONS_BY_SIZE
1b0R2Lkf-oE37ak3b3DFST3Hf9Fsrbmbg,Drawings/CVAT/W-50-1-A-0023_cvat_job3045480,W-50-1-A-0023_cvat_job3045480,,application/vnd.google-apps.folder,0,2026-09-10T22:02:11.160Z,CVAT,CVAT,W-50-1-A0023,,FOLDER,,,,ej hämtad,,0_VERSIONS_BY_SIZE
1TQby_I5WWGNT2nvqaJ00hf_rpSiJkliW,Drawings/CVAT/V-50-1-A0223_cvat_job3293981,V-50-1-A0223_cvat_job3293981,,application/vnd.google-apps.folder,0,2026-09-10T22:02:11.156Z,CVAT,CVAT,V-50-1-A0223,,FOLDER,,,,ej hämtad,,0_VERSIONS_BY_SIZE
105uI7KcG0jzxtDR80h9d5x-_qCCUL7qh,Drawings/CVAT/W-50-1-A-0031_cvat_job3045483,W-50-1-A-0031_cvat_job3045483,,application/vnd.google-apps.folder,0,2026-09-10T22:02:11.153Z,CVAT,CVAT,W-50-1-A0031,,FOLDER,,,,ej hämtad,,0_VERSIONS_BY_SIZE
13sMybBgf-AHGPgWsrQkI875JlNKUHN4z,Drawings/CVAT/W-50-1-A-0111_cvat_job3045486,W-50-1-A-0111_cvat_job3045486,,application/vnd.google-apps.folder,0,2026-09-10T22:02:11.152Z,CVAT,CVAT,W-50-1-A0111,,FOLDER,,,,ej hämtad,,0_VERSIONS_BY_SIZE
1lQOkUh1v5TGMtyvElbdPCv6GA_lOYpWd,Drawings/CVAT/V-50-1-A0111_cvat_job3293971,V-50-1-A0111_cvat_job3293971,,application/vnd.google-apps.folder,0,2026-09-10T22:02:11.151Z,CVAT,CVAT,V-50-1-A0111,,FOLDER,,,,ej hämtad,,0_VERSIONS_BY_SIZE
1lEXIWjYqQEsXxR6EoL-DErugq7xOgn8k,Drawings/CVAT/V-50-1-A0312_cvat_job3293983,V-50-1-A0312_cvat_job3293983,,application/vnd.google-apps.folder,0,2026-09-10T22:02:11.146Z,CVAT,CVAT,V-50-1-A0312,,FOLDER,,,,ej hämtad,,0_VERSIONS_BY_SIZE
19XxLbNSxk_FnA3yuaVMlDaZjOFv3hz5D,Drawings/CVAT/V-50-1-A0112_cvat_job3293972,V-50-1-A0112_cvat_job3293972,,application/vnd.google-apps.folder,0,2026-09-10T22:02:10.509Z,CVAT,CVAT,V-50-1-A0112,,FOLDER,,,,ej hämtad,,0_VERSIONS_BY_SIZE
1-xIuVf6YL9RZkgCtUIVwCcICHhKbC3yY,Drawings/CVAT/W-50-1-A-0113_cvat_job3045489,W-50-1-A-0113_cvat_job3045489,,application/vnd.google-apps.folder,0,2026-09-10T22:02:10.503Z,CVAT,CVAT,W-50-1-A0113,,FOLDER,,,,ej hämtad,,0_VERSIONS_BY_SIZE
16OsUfwuRw4wpQ1MEA8XdyG5gRTfXESRh,Drawings/CVAT/W-50-1-A-0022_cvat_job3045479,W-50-1-A-0022_cvat_job3045479,,application/vnd.google-apps.folder,0,2026-09-10T22:02:10.502Z,CVAT,CVAT,W-50-1-A0022,,FOLDER,,,,ej hämtad,,0_VERSIONS_BY_SIZE
1q4ceirQpn_nYaW2lgmm7AcSYIUm_m0Hn,Drawings/CVAT/W-50-1-A-0033_cvat_job3005645,W-50-1-A-0033_cvat_job3005645,,application/vnd.google-apps.folder,0,2026-09-10T22:02:10.502Z,CVAT,CVAT,W-50-1-A0033,,FOLDER,,,,ej hämtad,,0_VERSIONS_BY_SIZE
1V2jzJcqYxrmwMFCvOH2KrNRBSdnXGjtR,Drawings/CVAT/V-50-1-A0322_cvat_job3293985,V-50-1-A0322_cvat_job3293985,,application/vnd.google-apps.folder,0,2026-09-10T22:02:10.502Z,CVAT,CVAT,V-50-1-A0322,,FOLDER,,,,ej hämtad,,0_VERSIONS_BY_SIZE
1jTPY3J2lVKw1NwWPKyj0xTHRpUR2k-39,Drawings/CVAT/W-50-1-A-0034_cvat_job3045485,W-50-1-A-0034_cvat_job3045485,,application/vnd.google-apps.folder,0,2026-09-10T22:02:10.501Z,CVAT,CVAT,W-50-1-A0034,,FOLDER,,,,ej hämtad,,0_VERSIONS_BY_SIZE
1RhGa8WeP7Lmq_IHjyy8k76IusMocq9UM,Drawings/CVAT/V-50-1-A0124_cvat_job3293976,V-50-1-A0124_cvat_job3293976,,application/vnd.google-apps.folder,0,2026-09-10T22:02:10.500Z,CVAT,CVAT,V-50-1-A0124,,FOLDER,,,,ej hämtad,,0_VERSIONS_BY_SIZE
12S_MuCP1k9lg3rnB7tXtJUnjnU1H5HGX,Drawings/CVAT/V-50-1-A0311_cvat_job3293982,V-50-1-A0311_cvat_job3293982,,application/vnd.google-apps.folder,0,2026-09-10T22:02:10.500Z,CVAT,CVAT,V-50-1-A0311,,FOLDER,,,,ej hämtad,,0_VERSIONS_BY_SIZE
1j8eh1slbUdevPBtiq4gQSy0W4AsEGUQC,Drawings/CVAT/W-50-1-A-0133_cvat_job3045502,W-50-1-A-0133_cvat_job3045502,,application/vnd.google-apps.folder,0,2026-09-10T22:02:10.494Z,CVAT,CVAT,W-50-1-A0133,,FOLDER,,,,ej hämtad,,0_VERSIONS_BY_SIZE
1CYN4yvzC_oG5b-dZBJwPncJnqUZNzVaJ,Drawings/CVAT/V-50-1-A0121_cvat_job3293973,V-50-1-A0121_cvat_job3293973,,application/vnd.google-apps.folder,0,2026-09-10T22:02:10.492Z,CVAT,CVAT,V-50-1-A0121,,FOLDER,,,,ej hämtad,,0_VERSIONS_BY_SIZE
1_EQArJkZwYE5HIrh3kfdNXAD0ref0vfe,Drawings/CVAT/W-50-1-A-0033_cvat_job1641396,W-50-1-A-0033_cvat_job1641396,,application/vnd.google-apps.folder,0,2026-09-10T22:02:10.135Z,CVAT,CVAT,W-50-1-A0033,,FOLDER,,,,ej hämtad,,0_VERSIONS_BY_SIZE
11Ze2lIuvxWP0L0ePJRIbLV4K4jJSzQQY,Drawings/Test drawings/DEMO,DEMO,,application/vnd.google-apps.folder,0,2026-09-10T22:02:10.132Z,Test drawings,Test drawings,,,FOLDER,,,,ej hämtad,,0_VERSIONS_BY_SIZE
1g927JPuDn-x8FHzw5x5s7eSZDRndrWuU,Drawings/CVAT/W-50-1-A-0032_cvat_job3045484,W-50-1-A-0032_cvat_job3045484,,application/vnd.google-apps.folder,0,2026-09-10T22:02:10.132Z,CVAT,CVAT,W-50-1-A0032,,FOLDER,,,,ej hämtad,,0_VERSIONS_BY_SIZE
1WpupXaeI7aW9STBZiiBx9HZo1xs74EvD,Drawings/CVAT/V-50-1-A0211_cvat_job3293977,V-50-1-A0211_cvat_job3293977,,application/vnd.google-apps.folder,0,2026-09-10T22:02:10.131Z,CVAT,CVAT,V-50-1-A0211,,FOLDER,,,,ej hämtad,,0_VERSIONS_BY_SIZE
1iz6vjsh09tfDxw2HwXhSVeBspWQL6Gzk,Drawings/CVAT/W-50-1-A-0112_cvat_job3045487,W-50-1-A-0112_cvat_job3045487,,application/vnd.google-apps.folder,0,2026-09-10T22:02:10.127Z,CVAT,CVAT,W-50-1-A0112,,FOLDER,,,,ej hämtad,,0_VERSIONS_BY_SIZE
1U4yWEybliz1_EP-1wOWHSZnSPTTqYu5H,Drawings/Test drawings/DEMO test,DEMO test,,application/vnd.google-apps.folder,0,2026-09-10T22:02:10.125Z,Test drawings,Test drawings,,,FOLDER,,,,ej hämtad,,0_VERSIONS_BY_SIZE
14CfyFQ3QciVxE4IQAVQ3kU9O0oPvrsA4,Drawings/CVAT,CVAT,,application/vnd.google-apps.folder,0,2026-09-10T22:02:09.475Z,,CVAT,,,FOLDER,,,,ej hämtad,,0_VERSIONS_BY_SIZE
1XwA5WufDILI_vKl1zQoPAuhtcwlf-ggd,Drawings/Style of drawings,Style of drawings,,application/vnd.google-apps.folder,0,2026-09-10T22:02:09.465Z,,Style of drawings,,,FOLDER,,,,ej hämtad,,0_VERSIONS_BY_SIZE
1KH50G26hTHfqN-2RKuKRZkDHHi0qIru2,Drawings/Pipe studio - style-source-pdfs,Pipe studio - style-source-pdfs,,application/vnd.google-apps.folder,0,2026-09-10T22:02:09.464Z,,Pipe studio - style-source-pdfs,,,FOLDER,,,,ej hämtad,,0_VERSIONS_BY_SIZE
1HSaXvYB0ws6OeH59jPOi9B2K99Dvw2SA,Drawings/Test drawings,Test drawings,,application/vnd.google-apps.folder,0,2026-09-10T22:02:09.464Z,,Test drawings,,,FOLDER,,,,ej hämtad,,0_VERSIONS_BY_SIZE
1T9EA-5x4hmkF71jjvp_fuEiDBHgJEqEi,Drawings/Scales,Scales,,application/vnd.google-apps.folder,0,2026-09-10T22:02:09.464Z,,Scales,,,FOLDER,,,,ej hämtad,,0_VERSIONS_BY_SIZE
1lijWgswAkKLfRuv8LhqptGVDQ8E89RJv,Drawings/Bluebeam - set 2,Bluebeam - set 2,,application/vnd.google-apps.folder,0,2026-09-10T22:02:09.463Z,,Bluebeam - set 2,,,FOLDER,,,,ej hämtad,,0_VERSIONS_BY_SIZE
1ZbyoP4BMVLAOLfeRGAd2Vgn5ECOTnzkH,Drawings/Bluebeam - set 3 ,Bluebeam - set 3 ,,application/vnd.google-apps.folder,0,2026-09-10T22:02:09.462Z,,Bluebeam - set 3 ,,,FOLDER,,,,ej hämtad,,0_VERSIONS_BY_SIZE
1rQD63y9E2fiJvNcs1rgbRupQJADzPPn5,Drawings/Video drawings,Video drawings,,application/vnd.google-apps.folder,0,2026-09-10T22:02:09.460Z,,Video drawings,,,FOLDER,,,,ej hämtad,,0_VERSIONS_BY_SIZE
1uDQfllAJ-0kA3MfFbEJZ7he3ue2TjXNG,Drawings/Other drawings (different format),Other drawings (different format),,application/vnd.google-apps.folder,0,2026-09-10T22:02:09.457Z,,Other drawings (different format),,,FOLDER,,,,ej hämtad,,0_VERSIONS_BY_SIZE
1hPFwwiTOZa-3Bj7L4WrU3G5MPX56C8bZ,Drawings/Bluebeam - set 1,Bluebeam - set 1,,application/vnd.google-apps.folder,0,2026-09-10T22:02:09.456Z,,Bluebeam - set 1,,,FOLDER,,,,ej hämtad,,0_VERSIONS_BY_SIZE
1c_AIEOgBhTNqI8qzZbCMmVVgEMIefIgv,Drawings/Scales/V-50-1-A0001.pdf,V-50-1-A0001.pdf,pdf,application/pdf,473699,2026-09-05T07:34:34Z,Scales,Scales,V-50-1-A0001,,SCALE_STUDY_PDF,DEVELOPMENT,styles/src/00 - skalstockar/V-50-1-A0001.pdf,3d8fc03a0aff960072b6463985695495e668163e5c74a086d7629225ced84a68,"lokal kopia, samma namn och storlek",ANNOTATED(254) ENGINE_STRIPS_ANNOTS NO_TEXT_LAYER_FOR_TITLE_BLOCK,2_VERSIONS_BY_SIZE
1b9YcZ-br17iK4qG13d7eQL_hBqj3GqCV,Drawings/Delivery Sheet.xlsx,Delivery Sheet.xlsx,xlsx,application/vnd.openxmlformats-officedocument.spreadsheetml.sheet,20757,2026-09-03T03:12:10Z,,Delivery Sheet.xlsx,,,OTHER_DOCUMENT,,,,ej hämtad,,UNIQUE
1jSuDVxoUUzBfF5Aokg9D8z1u3FJsPQQI,Drawings/CVAT/W-50-1-A-0214.pdf,W-50-1-A-0214.pdf,pdf,application/pdf,515627,2026-09-01T11:25:34Z,CVAT,CVAT,W-50-1-A0214,,CVAT_SOURCE_PDF,DEVELOPMENT,cvat/CVAT/W-50-1-A-0214.pdf,d0a69e2560cc6b0afa1494b49c3e5e4074e4cdd0100f27e25e3967fcc512fa33,"lokal kopia, samma namn och storlek",NO_ANNOTATIONS NO_TEXT_LAYER_FOR_TITLE_BLOCK,2_VERSIONS_BY_SIZE_x3
1Q9v7y08AOCYe1VAMpBU5qI7JokBUuEeT,Drawings/CVAT/V-50-1-A0122.pdf,V-50-1-A0122.pdf,pdf,application/pdf,524249,2026-09-01T11:25:34Z,CVAT,CVAT,V-50-1-A0122,,CVAT_SOURCE_PDF,DEVELOPMENT,cvat/CVAT/V-50-1-A0122.pdf,c1025aa74abdf4b89b5973f1fd3455ca7bd98a5cf4ca2c7dfc37e63ea1af42db,"lokal kopia, samma namn och storlek",ANNOTATED(20) ENGINE_STRIPS_ANNOTS ID_IN_SHEET_TEXT,3_VERSIONS_BY_SIZE
1jDAEKrq7hnEDlOrFMGeKHvMv6FNiG6kJ,Drawings/CVAT/W-50-1-A-0211.pdf,W-50-1-A-0211.pdf,pdf,application/pdf,434592,2026-09-01T11:25:34Z,CVAT,CVAT,W-50-1-A0211,,CVAT_SOURCE_PDF,DEVELOPMENT,cvat/CVAT/W-50-1-A-0211.pdf,c990d3489422a9ad103f9be15cd17dfd8c709c55c1cd4843cc0dc9eb1a18767e,"lokal kopia, samma namn och storlek",NO_ANNOTATIONS NO_TEXT_LAYER_FOR_TITLE_BLOCK,2_VERSIONS_BY_SIZE_x3
1SL2FBjoT9559jNywsJBYyMB44WSI3psp,Drawings/CVAT/V-50-1-A0124.pdf,V-50-1-A0124.pdf,pdf,application/pdf,365563,2026-09-01T11:25:34Z,CVAT,CVAT,V-50-1-A0124,,CVAT_SOURCE_PDF,DEVELOPMENT,cvat/CVAT/V-50-1-A0124.pdf,c2b6e7c33cebd8dae5d799ad628ac38ce758089818963647e2f137afc71ee7f6,"lokal kopia, samma namn och storlek",ANNOTATED(48) ENGINE_STRIPS_ANNOTS ID_IN_SHEET_TEXT,3_VERSIONS_BY_SIZE
1iWIBvY2d4G_CZOnjRzw52uf_3aRkqS_W,Drawings/CVAT/V-50-1-A0123.pdf,V-50-1-A0123.pdf,pdf,application/pdf,373526,2026-09-01T11:25:34Z,CVAT,CVAT,V-50-1-A0123,,CVAT_SOURCE_PDF,DEVELOPMENT,cvat/CVAT/V-50-1-A0123.pdf,f42c225e48fc08e0c18c28e172f2e4f85bb1de8a1b2884de6a1feb122e76a34c,"lokal kopia, samma namn och storlek",ANNOTATED(25) ENGINE_STRIPS_ANNOTS ID_IN_SHEET_TEXT,3_VERSIONS_BY_SIZE
1uFEU7tEdtxKjkiOma-_VVO1DTqzmcP8g,Drawings/CVAT/V-50-1-A0322.pdf,V-50-1-A0322.pdf,pdf,application/pdf,341931,2026-09-01T11:25:34Z,CVAT,CVAT,V-50-1-A0322,,CVAT_SOURCE_PDF,DEVELOPMENT,cvat/CVAT/V-50-1-A0322.pdf,7232d4f3720869ce2d678c7a927a98b971c42193043b4e5d0a3ea1cf302a45b2,"lokal kopia, samma namn och storlek",ANNOTATED(15) ENGINE_STRIPS_ANNOTS ID_IN_SHEET_TEXT,3_VERSIONS_BY_SIZE
1ijKx0STI6CJeES3MUzQDbV3weI3TXeUP,Drawings/CVAT/W-50-1-A-0013.pdf,W-50-1-A-0013.pdf,pdf,application/pdf,337276,2026-09-01T11:25:34Z,CVAT,CVAT,W-50-1-A0013,,CVAT_SOURCE_PDF,DEVELOPMENT,cvat/CVAT/W-50-1-A-0013.pdf,a5c6493c92fb2a2e9a2e23aef64ac39dc4f4434a5e862083fb1de9336d5174bd,"lokal kopia, samma namn och storlek",NO_ANNOTATIONS NO_TEXT_LAYER_FOR_TITLE_BLOCK,3_VERSIONS_BY_SIZE_x3
1y3zjnT-XQZWfg9-M8VaLZPl0h9ueEq6G,Drawings/CVAT/V-50-1-A0121.pdf,V-50-1-A0121.pdf,pdf,application/pdf,328846,2026-09-01T11:25:34Z,CVAT,CVAT,V-50-1-A0121,,CVAT_SOURCE_PDF,DEVELOPMENT,cvat/CVAT/V-50-1-A0121.pdf,ff161288735aa54ebe733239e4dd68b8b093c40b9ae74c12cc3094ce7d81e8c2,"lokal kopia, samma namn och storlek",ANNOTATED(18) ENGINE_STRIPS_ANNOTS ID_IN_SHEET_TEXT,3_VERSIONS_BY_SIZE
1YyMKjvK0nsaRbl6MTPwvcM3RJUY_L_Cl,Drawings/CVAT/V-50-1-A0321.pdf,V-50-1-A0321.pdf,pdf,application/pdf,309798,2026-09-01T11:25:34Z,CVAT,CVAT,V-50-1-A0321,,CVAT_SOURCE_PDF,DEVELOPMENT,cvat/CVAT/V-50-1-A0321.pdf,119fd97e517c8fbb4b7749049a6b28e232c657ebbef4d97456e46179ce4f7949,"lokal kopia, samma namn och storlek",ANNOTATED(13) ENGINE_STRIPS_ANNOTS ID_IN_SHEET_TEXT,3_VERSIONS_BY_SIZE
1YsVbzzCGoAhhc4gFyG2R2dTeG5qoOb2k,Drawings/CVAT/W-50-1-A-0314.pdf,W-50-1-A-0314.pdf,pdf,application/pdf,415344,2026-09-01T11:31:00Z,CVAT,CVAT,W-50-1-A0314,,CVAT_SOURCE_PDF,DEVELOPMENT,cvat/CVAT/W-50-1-A-0314.pdf,2cb44183d07e93042c7b26a970644e939a76b2492fa47559e9d1842e0de1545e,"lokal kopia, samma namn och storlek",NO_ANNOTATIONS NO_TEXT_LAYER_FOR_TITLE_BLOCK,2_VERSIONS_BY_SIZE_x3
1NAqKeVBXROMryTbnlNrDPNkbPWgY5aKE,Drawings/CVAT/V-50-1-A0223.pdf,V-50-1-A0223.pdf,pdf,application/pdf,304842,2026-09-01T11:31:00Z,CVAT,CVAT,V-50-1-A0223,,CVAT_SOURCE_PDF,DEVELOPMENT,cvat/CVAT/V-50-1-A0223.pdf,00d949246653fc82319757ddb9e6db7a37fea7db51021eee662dc68e22fccb2a,"lokal kopia, samma namn och storlek",ANNOTATED(22) ENGINE_STRIPS_ANNOTS ID_IN_SHEET_TEXT,3_VERSIONS_BY_SIZE
1qBvBSaobqzEej8AKqd17i9fMDRY68dzz,Drawings/CVAT/W-50-1-A-0113.pdf,W-50-1-A-0113.pdf,pdf,application/pdf,780213,2026-09-01T11:25:40Z,CVAT,CVAT,W-50-1-A0113,,CVAT_SOURCE_PDF,DEVELOPMENT,cvat/CVAT/W-50-1-A-0113.pdf,c52ff45a537a3a549c79bf3429a1446dbd0a1bc75bc181104ea8118c0ad13b2e,"lokal kopia, samma namn och storlek",NO_ANNOTATIONS NO_TEXT_LAYER_FOR_TITLE_BLOCK,4_VERSIONS_BY_SIZE
1QnqoifGis3J20KqOw9O1dpQKJe0Ul21s,Drawings/CVAT/W-50-1-A-0114.pdf,W-50-1-A-0114.pdf,pdf,application/pdf,618886,2026-09-01T11:25:34Z,CVAT,CVAT,W-50-1-A0114,,CVAT_SOURCE_PDF,DEVELOPMENT,cvat/CVAT/W-50-1-A-0114.pdf,61e5d07b2e3a7136d6ff6c74735d6afce8dc359470a2e8ceb5468325027c59f0,"lokal kopia, samma namn och storlek",NO_ANNOTATIONS NO_TEXT_LAYER_FOR_TITLE_BLOCK,2_VERSIONS_BY_SIZE_x3
1DvklGXYY4RCN5AynlEbtg4PUh8bC0fwU,Drawings/CVAT/W-50-1-A-0134.pdf,W-50-1-A-0134.pdf,pdf,application/pdf,587133,2026-09-01T11:25:34Z,CVAT,CVAT,W-50-1-A0134,,CVAT_SOURCE_PDF,DEVELOPMENT,cvat/CVAT/W-50-1-A-0134.pdf,9b68e885ca816fd19369d66eb7758cf03fd6457d15b07e8a6342588b4bb7d412,"lokal kopia, samma namn och storlek",NO_ANNOTATIONS NO_TEXT_LAYER_FOR_TITLE_BLOCK,2_VERSIONS_BY_SIZE_x3
1nD3zgWcXuh8n6qj4QMP4VawH1zra0w6f,Drawings/CVAT/W-50-1-A-0213.pdf,W-50-1-A-0213.pdf,pdf,application/pdf,513872,2026-09-01T11:25:34Z,CVAT,CVAT,W-50-1-A0213,,CVAT_SOURCE_PDF,DEVELOPMENT,cvat/CVAT/W-50-1-A-0213.pdf,c5f7db233d2ab642ec2b04688499327695f31d57b314b76eaa67901e28035dc3,"lokal kopia, samma namn och storlek",NO_ANNOTATIONS NO_TEXT_LAYER_FOR_TITLE_BLOCK,2_VERSIONS_BY_SIZE_x3
1LS0rlXB5HfUJ679vaL0dgGXs8VLGOhId,Drawings/CVAT/W-50-1-A-0311.pdf,W-50-1-A-0311.pdf,pdf,application/pdf,505859,2026-09-01T11:25:34Z,CVAT,CVAT,W-50-1-A0311,,CVAT_SOURCE_PDF,DEVELOPMENT,cvat/CVAT/W-50-1-A-0311.pdf,a3ac91856f61c90545af74a8f6e9563a01b5b1971816643c8adbabbc424f97cc,"lokal kopia, samma namn och storlek",NO_ANNOTATIONS NO_TEXT_LAYER_FOR_TITLE_BLOCK,2_VERSIONS_BY_SIZE_x3
1FWKMGQ3j99FSZwP5RmqVUOwOHgyTv9aL,Drawings/CVAT/W-50-1-A-0123.pdf,W-50-1-A-0123.pdf,pdf,application/pdf,543289,2026-09-01T11:25:34Z,CVAT,CVAT,W-50-1-A0123,,CVAT_SOURCE_PDF,DEVELOPMENT,cvat/CVAT/W-50-1-A-0123.pdf,ae64e35d1490cdc10b2b4848a357693e91b0c169d72941c06a35a1678ceabfb7,"lokal kopia, samma namn och storlek",NO_ANNOTATIONS NO_TEXT_LAYER_FOR_TITLE_BLOCK,2_VERSIONS_BY_SIZE_x3
1yNEV5XutppvVOo0cJ5_f7mYglnhQJesx,Drawings/CVAT/W-50-1-A-0313.pdf,W-50-1-A-0313.pdf,pdf,application/pdf,433325,2026-09-01T11:25:34Z,CVAT,CVAT,W-50-1-A0313,,CVAT_SOURCE_PDF,DEVELOPMENT,cvat/CVAT/W-50-1-A-0313.pdf,5ecdb0e74bf5e73bac7658fa966be66a67043e5c09abf0d587969d63f6efe6dc,"lokal kopia, samma namn och storlek",NO_ANNOTATIONS NO_TEXT_LAYER_FOR_TITLE_BLOCK,2_VERSIONS_BY_SIZE_x3
1j0GSWaZR4Z-0lRKd_mTGSx_KzGEXR7cQ,Drawings/CVAT/W-50-1-A-0121.pdf,W-50-1-A-0121.pdf,pdf,application/pdf,537005,2026-09-01T11:25:34Z,CVAT,CVAT,W-50-1-A0121,,CVAT_SOURCE_PDF,DEVELOPMENT,cvat/CVAT/W-50-1-A-0121.pdf,f7c27df64d1eb788c6fcaf80cff86a7f851b8d9b9de4aec4b52443743d906e4e,"lokal kopia, samma namn och storlek",NO_ANNOTATIONS NO_TEXT_LAYER_FOR_TITLE_BLOCK,2_VERSIONS_BY_SIZE_x3
1NlkJ7iz3CCH2uj_NieISFa1b19wWvdu-,Drawings/CVAT/W-50-1-A-0112.pdf,W-50-1-A-0112.pdf,pdf,application/pdf,423884,2026-09-01T11:25:34Z,CVAT,CVAT,W-50-1-A0112,,CVAT_SOURCE_PDF,DEVELOPMENT,cvat/CVAT/W-50-1-A-0112.pdf,d1f1ab42ab978562a28afe3b5f25af8139ce2c1dd60ac3a83a2a31eec1ffe2f9,"lokal kopia, samma namn och storlek",NO_ANNOTATIONS NO_TEXT_LAYER_FOR_TITLE_BLOCK,2_VERSIONS_BY_SIZE_x3
1-SC92lnAqP74MpWHLrZioBxWeiHROdCN,Drawings/CVAT/W-50-1-A-0334.pdf,W-50-1-A-0334.pdf,pdf,application/pdf,457877,2026-09-01T11:25:34Z,CVAT,CVAT,W-50-1-A0334,,CVAT_SOURCE_PDF,DEVELOPMENT,cvat/CVAT/W-50-1-A-0334.pdf,017e9af5dcacad64a41a50d8c15c7983b3d6d436446b25100ce1c563f0904998,"lokal kopia, samma namn och storlek",NO_ANNOTATIONS NO_TEXT_LAYER_FOR_TITLE_BLOCK,2_VERSIONS_BY_SIZE_x3
1evEOWfrNFomUQTpTSuyUjP89iFiZ9h9S,Drawings/CVAT/V-50-1-A0222.pdf,V-50-1-A0222.pdf,pdf,application/pdf,338503,2026-09-01T11:25:34Z,CVAT,CVAT,V-50-1-A0222,,CVAT_SOURCE_PDF,DEVELOPMENT,cvat/CVAT/V-50-1-A0222.pdf,953421fbb3cd98f2e17a0d143370fff8d9cdebd40a67f81ab32551073c8d9405,"lokal kopia, samma namn och storlek",ANNOTATED(21) ENGINE_STRIPS_ANNOTS ID_IN_SHEET_TEXT,3_VERSIONS_BY_SIZE
1P-by8Gj7YtZRmJqktCHDSRUaKEsrIaEB,Drawings/CVAT/V-50-1-A0221.pdf,V-50-1-A0221.pdf,pdf,application/pdf,288737,2026-09-01T11:25:34Z,CVAT,CVAT,V-50-1-A0221,,CVAT_SOURCE_PDF,DEVELOPMENT,cvat/CVAT/V-50-1-A0221.pdf,8e20907d78dfce53c73c296e2148c9d9ddb0f9580eac835e99d7810ff8e1b2dd,"lokal kopia, samma namn och storlek",ANNOTATED(15) ENGINE_STRIPS_ANNOTS ID_IN_SHEET_TEXT,3_VERSIONS_BY_SIZE
17ym8RYi06fKOYDSSX1rBbaSI1T2uQf4m,Drawings/CVAT/W-50-1-A-0131.pdf,W-50-1-A-0131.pdf,pdf,application/pdf,608976,2026-09-01T11:25:34Z,CVAT,CVAT,W-50-1-A0131,,CVAT_SOURCE_PDF,DEVELOPMENT,styles/src/00 - skalstockar/W-50-1-A-0131.pdf,2a0ec2a4e5e53f6536f6d0e505ec36584879d038d8be01f86269afd1febd4c11,"lokal kopia, samma namn och storlek",NO_ANNOTATIONS NO_TEXT_LAYER_FOR_TITLE_BLOCK,2_VERSIONS_BY_SIZE_x5
1EiCXZRcyb8oaJAsu6C48JGbBWxJkJeM2,Drawings/CVAT/W-50-1-A-0133.pdf,W-50-1-A-0133.pdf,pdf,application/pdf,520611,2026-09-01T11:25:34Z,CVAT,CVAT,W-50-1-A0133,,CVAT_SOURCE_PDF,DEVELOPMENT,cvat/CVAT/W-50-1-A-0133.pdf,aae9ab15830c08ab379fe5f1e1580d1dbf1a88dcbcd227b1bc2066d004ce9688,"lokal kopia, samma namn och storlek",NO_ANNOTATIONS NO_TEXT_LAYER_FOR_TITLE_BLOCK,2_VERSIONS_BY_SIZE_x3
1kn3bpVs_casWHYJK228rn0ADHcxG9ynn,Drawings/CVAT/W-50-1-A-0222.pdf,W-50-1-A-0222.pdf,pdf,application/pdf,512580,2026-09-01T11:25:34Z,CVAT,CVAT,W-50-1-A0222,,CVAT_SOURCE_PDF,DEVELOPMENT,cvat/CVAT/W-50-1-A-0222.pdf,01b00dc107315d85460466e7f691a066215abb98f0e1cdee0908fd1cea50bc0c,"lokal kopia, samma namn och storlek",NO_ANNOTATIONS NO_TEXT_LAYER_FOR_TITLE_BLOCK,2_VERSIONS_BY_SIZE_x3
1TOnkF0r_RT7-N8by3Z-KAE2T2Rdn8huS,Drawings/CVAT/W-50-1-A-0331.pdf,W-50-1-A-0331.pdf,pdf,application/pdf,498022,2026-09-01T11:25:34Z,CVAT,CVAT,W-50-1-A0331,,CVAT_SOURCE_PDF,DEVELOPMENT,cvat/CVAT/W-50-1-A-0331.pdf,778dce0ea7cd10d2d8cf062c678371581ee65b6bf5cb3237018bd9922277d838,"lokal kopia, samma namn och storlek",NO_ANNOTATIONS NO_TEXT_LAYER_FOR_TITLE_BLOCK,2_VERSIONS_BY_SIZE_x3
1DyNATHb35wkHVn5mqGew0Sybo3pr_cmL,Drawings/CVAT/W-50-1-A-0332.pdf,W-50-1-A-0332.pdf,pdf,application/pdf,497120,2026-09-01T11:25:34Z,CVAT,CVAT,W-50-1-A0332,,CVAT_SOURCE_PDF,DEVELOPMENT,cvat/CVAT/W-50-1-A-0332.pdf,4df96cbd2b9ce5a1e02a4b2a72ec3c997b4a92fb0d6ce7e608cedea5e622a200,"lokal kopia, samma namn och storlek",NO_ANNOTATIONS NO_TEXT_LAYER_FOR_TITLE_BLOCK,2_VERSIONS_BY_SIZE_x3
1DKx-fHKIUxsI4O0k29ZMF7L0T4zT8ad-,Drawings/CVAT/W-50-1-A-0223.pdf,W-50-1-A-0223.pdf,pdf,application/pdf,452278,2026-09-01T11:25:34Z,CVAT,CVAT,W-50-1-A0223,,CVAT_SOURCE_PDF,DEVELOPMENT,cvat/CVAT/W-50-1-A-0223.pdf,4833417a403d2ee92b91d40cb57dfb9d476bd4085cb53faec397720a01a78aed,"lokal kopia, samma namn och storlek",NO_ANNOTATIONS NO_TEXT_LAYER_FOR_TITLE_BLOCK,2_VERSIONS_BY_SIZE_x3
16RmdpD0ZvW6QC9eOOx7aCKw-9Oo-sPQT,Drawings/CVAT/V-50-1-A0212.pdf,V-50-1-A0212.pdf,pdf,application/pdf,362887,2026-09-01T11:25:34Z,CVAT,CVAT,V-50-1-A0212,,CVAT_SOURCE_PDF,DEVELOPMENT,cvat/CVAT/V-50-1-A0212.pdf,f2297eb843879eae09744361481245537408c398c851ae208c0eb681ad764d60,"lokal kopia, samma namn och storlek",ANNOTATED(14) ENGINE_STRIPS_ANNOTS ID_IN_SHEET_TEXT,3_VERSIONS_BY_SIZE
1_OY1r7RartEOgkYmy5HrbysXkbhYWkmZ,Drawings/CVAT/V-50-1-A0211.pdf,V-50-1-A0211.pdf,pdf,application/pdf,287711,2026-09-01T11:25:34Z,CVAT,CVAT,V-50-1-A0211,,CVAT_SOURCE_PDF,DEVELOPMENT,cvat/CVAT/V-50-1-A0211.pdf,5a502cd9bfdcbe5f541e16e63421b92de5cb8d8a1ce7d4673fdb1a574a757ec9,"lokal kopia, samma namn och storlek",ANNOTATED(10) ENGINE_STRIPS_ANNOTS ID_IN_SHEET_TEXT,3_VERSIONS_BY_SIZE
1nuUwUBu49jLkfkogkQhlGBSSc3LtkLyN,Drawings/CVAT/W-50-1-A-0021.pdf,W-50-1-A-0021.pdf,pdf,application/pdf,303499,2026-09-01T11:25:34Z,CVAT,CVAT,W-50-1-A0021,,CVAT_SOURCE_PDF,DEVELOPMENT,cvat/CVAT/W-50-1-A-0021.pdf,3f245a29bf30e8457758d66754bf5b0cf384b1ee2ed895e9ced6678ae8672e4d,"lokal kopia, samma namn och storlek",NO_ANNOTATIONS NO_TEXT_LAYER_FOR_TITLE_BLOCK,3_VERSIONS_BY_SIZE_x3
1UiFqEvw6SzxE62HbjahNZ6quXGb_Iwdk,Drawings/CVAT/W-50-1-A-0023.pdf,W-50-1-A-0023.pdf,pdf,application/pdf,296636,2026-09-01T11:25:34Z,CVAT,CVAT,W-50-1-A0023,,CVAT_SOURCE_PDF,DEVELOPMENT,cvat/CVAT/W-50-1-A-0023.pdf,19a08f7c6753a5d221dceef66b9b3a3e83ebd077bbc1eb4c05cd28873c41f68d,"lokal kopia, samma namn och storlek",NO_ANNOTATIONS NO_TEXT_LAYER_FOR_TITLE_BLOCK,2_VERSIONS_BY_SIZE_x3
1ajWCdntJDmwi1can7FnvMV_PVeFuUOaS,Drawings/CVAT/W-50-1-A-0022.pdf,W-50-1-A-0022.pdf,pdf,application/pdf,295865,2026-09-01T11:25:34Z,CVAT,CVAT,W-50-1-A0022,,CVAT_SOURCE_PDF,DEVELOPMENT,cvat/CVAT/W-50-1-A-0022.pdf,d938b6b23232e40ec68024198bb109da9e987eb40e5f1b762e65ca6c60133022,"lokal kopia, samma namn och storlek",NO_ANNOTATIONS NO_TEXT_LAYER_FOR_TITLE_BLOCK,3_VERSIONS_BY_SIZE_x3
1uULqc2Ww5Ju_5KUAkR3u_Wp48q0lJcQ2,Drawings/CVAT/W-50-1-A-0234.pdf,W-50-1-A-0234.pdf,pdf,application/pdf,501278,2026-09-01T11:25:34Z,CVAT,CVAT,W-50-1-A0234,,CVAT_SOURCE_PDF,DEVELOPMENT,cvat/CVAT/W-50-1-A-0234.pdf,2339a7bafa1ae83aa43a704180834cdce2f60e47c92f395a84f3545ceb12703b,"lokal kopia, samma namn och storlek",NO_ANNOTATIONS NO_TEXT_LAYER_FOR_TITLE_BLOCK,2_VERSIONS_BY_SIZE_x3
1plXuOHR93arNXrqZ6OgAZ-mlvCuKiXGq,Drawings/CVAT/W-50-1-A-0231.pdf,W-50-1-A-0231.pdf,pdf,application/pdf,587492,2026-09-01T11:25:34Z,CVAT,CVAT,W-50-1-A0231,,CVAT_SOURCE_PDF,DEVELOPMENT,cvat/CVAT/W-50-1-A-0231.pdf,774b89b20c69ec0a69fdb8f42d881818dda2edf834fd29bd0cf4ef39e6608036,"lokal kopia, samma namn och storlek",NO_ANNOTATIONS NO_TEXT_LAYER_FOR_TITLE_BLOCK,2_VERSIONS_BY_SIZE_x3
1kR1D47LVK8fV50SWqaGlw51iY83oxWUz,Drawings/CVAT/W-50-1-A-0232.pdf,W-50-1-A-0232.pdf,pdf,application/pdf,634496,2026-09-01T11:25:34Z,CVAT,CVAT,W-50-1-A0232,,CVAT_SOURCE_PDF,DEVELOPMENT,cvat/CVAT/W-50-1-A-0232.pdf,1ac13be32cf0fc8d4ef90a8193fd0d3d5d8a87cdfad7fd7648819239512afcdb,"lokal kopia, samma namn och storlek",NO_ANNOTATIONS NO_TEXT_LAYER_FOR_TITLE_BLOCK,2_VERSIONS_BY_SIZE_x3
126VLbHjCbxIbfnJ07M8ZJ3E2Z302V_NY,Drawings/CVAT/V-50-1-A0312.pdf,V-50-1-A0312.pdf,pdf,application/pdf,339146,2026-09-01T11:25:34Z,CVAT,CVAT,V-50-1-A0312,,CVAT_SOURCE_PDF,DEVELOPMENT,cvat/CVAT/V-50-1-A0312.pdf,e60dd6b528b200efb83cde95b6189d9ee7274d714c881576f391aa0fcc89024e,"lokal kopia, samma namn och storlek",ANNOTATED(14) ENGINE_STRIPS_ANNOTS ID_IN_SHEET_TEXT,3_VERSIONS_BY_SIZE
19rlMUuga7fQMVzxGQNc3W2Ja4W1H7YEn,Drawings/CVAT/V-50-1-A0112.pdf,V-50-1-A0112.pdf,pdf,application/pdf,367437,2026-09-01T11:25:34Z,CVAT,CVAT,V-50-1-A0112,,CVAT_SOURCE_PDF,DEVELOPMENT,cvat/CVAT/V-50-1-A0112.pdf,26c3d08e0b2822b0f33d05086319d693fff84705b9fe6c88351673b361a821d9,"lokal kopia, samma namn och storlek",ANNOTATED(17) ENGINE_STRIPS_ANNOTS ID_IN_SHEET_TEXT,3_VERSIONS_BY_SIZE
1Qv9oPrOw4k0LIElYCjzGUDx6ueIt5kA5,Drawings/CVAT/V-50-1-A0111.pdf,V-50-1-A0111.pdf,pdf,application/pdf,317168,2026-09-01T11:25:34Z,CVAT,CVAT,V-50-1-A0111,,CVAT_SOURCE_PDF,DEVELOPMENT,cvat/CVAT/V-50-1-A0111.pdf,4918c9213d4755ac4faf8dda4cd6d421a893eac51d9fae743835a8ed3789c1fb,"lokal kopia, samma namn och storlek",ANNOTATED(19) ENGINE_STRIPS_ANNOTS ID_IN_SHEET_TEXT,3_VERSIONS_BY_SIZE
1E2Tmbs4ZywAH4H_lLzRtfm07CuaMGZV_,Drawings/CVAT/W-50-1-A-0031.pdf,W-50-1-A-0031.pdf,pdf,application/pdf,307125,2026-09-01T11:25:34Z,CVAT,CVAT,W-50-1-A0031,,CVAT_SOURCE_PDF,DEVELOPMENT,cvat/CVAT/W-50-1-A-0031.pdf,2e8196ba551e1e9d9f807b4464606ccb951370f6aa5696274f2b7eba0a08441a,"lokal kopia, samma namn och storlek",NO_ANNOTATIONS NO_TEXT_LAYER_FOR_TITLE_BLOCK,2_VERSIONS_BY_SIZE_x3
1KY42_kzBZ6T9RlEMh2M42fkLCKe0mD0D,Drawings/CVAT/V-50-1-A0311.pdf,V-50-1-A0311.pdf,pdf,application/pdf,289045,2026-09-01T11:25:34Z,CVAT,CVAT,V-50-1-A0311,,CVAT_SOURCE_PDF,DEVELOPMENT,cvat/CVAT/V-50-1-A0311.pdf,d56a1823d6c51bbf9920a13695030555477782f02cf85ef125d1d7438a6dfab4,"lokal kopia, samma namn och storlek",ANNOTATED(11) ENGINE_STRIPS_ANNOTS ID_IN_SHEET_TEXT,3_VERSIONS_BY_SIZE
1ZD-kULK8Ecs-9HyZqbF70Ua-D_s_OSfo,Drawings/CVAT/W-50-1-A-0032.pdf,W-50-1-A-0032.pdf,pdf,application/pdf,278267,2026-09-01T11:25:34Z,CVAT,CVAT,W-50-1-A0032,,CVAT_SOURCE_PDF,DEVELOPMENT,cvat/CVAT/W-50-1-A-0032.pdf,6a1bd88d6404651217ac1428b35651c21268dd3dc574243dd8052ab9b37a575e,"lokal kopia, samma namn och storlek",NO_ANNOTATIONS NO_TEXT_LAYER_FOR_TITLE_BLOCK,2_VERSIONS_BY_SIZE_x3
1srbxxrARsfSuu3OtmAKv2CB3CYRglpGa,Drawings/CVAT/W-50-1-A-0014.pdf,W-50-1-A-0014.pdf,pdf,application/pdf,312115,2026-09-01T10:22:12Z,CVAT,CVAT,W-50-1-A0014,,CVAT_SOURCE_PDF,DEVELOPMENT,cvat/CVAT/W-50-1-A-0014.pdf,d0242e5f34c3be1799be58a0800239838fb2474ea36b59560c63974c6600760e,"lokal kopia, samma namn och storlek",NO_ANNOTATIONS NO_TEXT_LAYER_FOR_TITLE_BLOCK,2_VERSIONS_BY_SIZE_x3
1u1iJNJMUEfOJfaaa5RXtZ3nA3hxDD8O6,Drawings/CVAT/W-50-1-A-0012.pdf,W-50-1-A-0012.pdf,pdf,application/pdf,298689,2026-09-01T10:22:14Z,CVAT,CVAT,W-50-1-A0012,,CVAT_SOURCE_PDF,DEVELOPMENT,cvat/CVAT/W-50-1-A-0012.pdf,e74bfb1766528bd5567321e682e147c9acba8ef87e07dc1c5c33fa87fc9f9b41,"lokal kopia, samma namn och storlek",NO_ANNOTATIONS NO_TEXT_LAYER_FOR_TITLE_BLOCK,4_VERSIONS_BY_SIZE
1AQf-HAmah-Yez2iCHiohJh_aY2HAfkiQ,Drawings/CVAT/W-50-1-A-0011.pdf,W-50-1-A-0011.pdf,pdf,application/pdf,466665,2026-09-01T10:22:12Z,CVAT,CVAT,W-50-1-A0011,,CVAT_SOURCE_PDF,DEVELOPMENT,cvat/CVAT/W-50-1-A-0011.pdf,c2884f3007f3764a5f566c57264acf05c830dc892d6f5087029cff745492ab5f,"lokal kopia, samma namn och storlek",NO_ANNOTATIONS NO_TEXT_LAYER_FOR_TITLE_BLOCK,3_VERSIONS_BY_SIZE_x3
1_n9fw3hWvN3ZksKvOExDc8YzReiEyaxp,Drawings/CVAT/W-50-1-A-0111.pdf,W-50-1-A-0111.pdf,pdf,application/pdf,798712,2026-09-01T10:22:12Z,CVAT,CVAT,W-50-1-A0111,,CVAT_SOURCE_PDF,DEVELOPMENT,cvat/CVAT/W-50-1-A-0111.pdf,9e825bc058e304541f4d4f9696d2c9ebc080ac742fd2529335d6a182b346febe,"lokal kopia, samma namn och storlek",NO_ANNOTATIONS NO_TEXT_LAYER_FOR_TITLE_BLOCK,2_VERSIONS_BY_SIZE_x3
1JMOdFQpi_rKtOKiX2rLK3CM8garJ2ogq,Drawings/CVAT/W-50-1-A-0122.pdf,W-50-1-A-0122.pdf,pdf,application/pdf,592450,2026-09-01T10:22:12Z,CVAT,CVAT,W-50-1-A0122,,CVAT_SOURCE_PDF,DEVELOPMENT,cvat/CVAT/W-50-1-A-0122.pdf,7e34264b8725fd9f56c3ca5cbb3fdb28a7a8266caacc0dcdf3dbc7ed6aee4a74,"lokal kopia, samma namn och storlek",NO_ANNOTATIONS NO_TEXT_LAYER_FOR_TITLE_BLOCK,2_VERSIONS_BY_SIZE_x3
1OJny8AJ5L_3H_p0UnbraN-uNxPmm9sct,Drawings/CVAT/W-50-1-A-0132.pdf,W-50-1-A-0132.pdf,pdf,application/pdf,649855,2026-09-01T10:22:12Z,CVAT,CVAT,W-50-1-A0132,,CVAT_SOURCE_PDF,DEVELOPMENT,cvat/CVAT/W-50-1-A-0132.pdf,f0e1619a4557c6c00ea2cb9d9b8c1d27dc8a594739989871e0496e882f77e3e4,"lokal kopia, samma namn och storlek",NO_ANNOTATIONS NO_TEXT_LAYER_FOR_TITLE_BLOCK,2_VERSIONS_BY_SIZE_x3
12LmW4UtmUhr4FBk6tcKCEqMbs8dSxo47,Drawings/CVAT/W-50-1-A-0124.pdf,W-50-1-A-0124.pdf,pdf,application/pdf,599067,2026-09-01T10:22:12Z,CVAT,CVAT,W-50-1-A0124,,CVAT_SOURCE_PDF,DEVELOPMENT,cvat/CVAT/W-50-1-A-0124.pdf,799af38a8835ae86c8c600268ebabee20d7f13ff92e40823f4e9f275f828dfa8,"lokal kopia, samma namn och storlek",NO_ANNOTATIONS NO_TEXT_LAYER_FOR_TITLE_BLOCK,2_VERSIONS_BY_SIZE_x3
1M_qlDLOJLC2SZm2eK_ipqr5-bqMJpLag,Drawings/CVAT/W-50-1-A-0333.pdf,W-50-1-A-0333.pdf,pdf,application/pdf,504403,2026-09-01T10:22:12Z,CVAT,CVAT,W-50-1-A0333,,CVAT_SOURCE_PDF,DEVELOPMENT,cvat/CVAT/W-50-1-A-0333.pdf,8a335485cb82d501dbc452bee7d0ab6d0e7342d510536eae869242506aec456b,"lokal kopia, samma namn och storlek",NO_ANNOTATIONS NO_TEXT_LAYER_FOR_TITLE_BLOCK,2_VERSIONS_BY_SIZE_x3
16PugjKyB3GLV09Pb5jtfbUkfkbuMmuyL,Drawings/CVAT/W-50-1-A-0221.pdf,W-50-1-A-0221.pdf,pdf,application/pdf,507764,2026-09-01T10:22:12Z,CVAT,CVAT,W-50-1-A0221,,CVAT_SOURCE_PDF,DEVELOPMENT,cvat/CVAT/W-50-1-A-0221.pdf,efc2337d6367730566b925e104beb77899d98512d2b590680578f792b3667a16,"lokal kopia, samma namn och storlek",NO_ANNOTATIONS NO_TEXT_LAYER_FOR_TITLE_BLOCK,2_VERSIONS_BY_SIZE_x3
16RpGPcrxyC8549l7DHOQUcRfqRzIdhR1,Drawings/CVAT/W-50-1-A-0034.pdf,W-50-1-A-0034.pdf,pdf,application/pdf,297064,2026-09-01T10:22:12Z,CVAT,CVAT,W-50-1-A0034,,CVAT_SOURCE_PDF,DEVELOPMENT,cvat/CVAT/W-50-1-A-0034.pdf,d58e8dc68fc0605bca859c8f2e5765e6e5f617892adf9fb52999fba91ee854f6,"lokal kopia, samma namn och storlek",NO_ANNOTATIONS NO_TEXT_LAYER_FOR_TITLE_BLOCK,2_VERSIONS_BY_SIZE_x3
11rwZTZyKZ79E5mC_cKgwJ6J-UNQAmbl7,Drawings/CVAT/W-50-1-A-0224.pdf,W-50-1-A-0224.pdf,pdf,application/pdf,555539,2026-09-01T10:22:12Z,CVAT,CVAT,W-50-1-A0224,,CVAT_SOURCE_PDF,DEVELOPMENT,cvat/CVAT/W-50-1-A-0224.pdf,fc3379b5ecd292eea6d9db0c0e59409a293f736563b66183b239de368ccfe1fd,"lokal kopia, samma namn och storlek",NO_ANNOTATIONS NO_TEXT_LAYER_FOR_TITLE_BLOCK,2_VERSIONS_BY_SIZE_x3
101MBT1SU0Aqg90HTGrzTasBZLEGlaYiD,Drawings/CVAT/W-50-1-A-0233.pdf,W-50-1-A-0233.pdf,pdf,application/pdf,506428,2026-09-01T10:22:12Z,CVAT,CVAT,W-50-1-A0233,,CVAT_SOURCE_PDF,DEVELOPMENT,cvat/CVAT/W-50-1-A-0233.pdf,8b675e76163073e5bf636d6d70414c28c0f1d397820fb01173b711facebb2715,"lokal kopia, samma namn och storlek",NO_ANNOTATIONS NO_TEXT_LAYER_FOR_TITLE_BLOCK,2_VERSIONS_BY_SIZE_x3
1RRv8wbbNtjm5tT0lfV4sNxHQAFPbMHVX,Drawings/CVAT/W-50-1-A-0024.pdf,W-50-1-A-0024.pdf,pdf,application/pdf,310332,2026-09-01T10:22:12Z,CVAT,CVAT,W-50-1-A0024,,CVAT_SOURCE_PDF,DEVELOPMENT,cvat/CVAT/W-50-1-A-0024.pdf,f52aae17d88a11c8bcada7883f382a2e8457a707764373d7c06b1c67a07b90b8,"lokal kopia, samma namn och storlek",NO_ANNOTATIONS NO_TEXT_LAYER_FOR_TITLE_BLOCK,3_VERSIONS_BY_SIZE_x3
1CMagtfLs8xW4lB2k7SzGQlHpX0D874W5,Drawings/CVAT/W-50-1-A-0033.pdf,W-50-1-A-0033.pdf,pdf,application/pdf,263480,2026-09-01T10:22:12Z,CVAT,CVAT,W-50-1-A0033,,CVAT_SOURCE_PDF,DEVELOPMENT,cvat/CVAT/W-50-1-A-0033.pdf,6d3727568126772ca421223bc137b5b3aa2f76d43d943d75d1a4db1ede6f4a53,"lokal kopia, samma namn och storlek",NO_ANNOTATIONS NO_TEXT_LAYER_FOR_TITLE_BLOCK,3_VERSIONS_BY_SIZE_x3
1RnqgQWgzl8fEM_CPGySxd8rMmQf04HEx,Drawings/Scales/V-50-1-A0122.pdf,V-50-1-A0122.pdf,pdf,application/pdf,525332,2026-08-17T04:55:20Z,Scales,Scales,V-50-1-A0122,,SCALE_STUDY_PDF,DEVELOPMENT,styles/z/2/V-50-1-A0122.pdf,d064d3b5dc3d0fe48ba7e69b641b5084b1e714a150fd7f731bad93f03eda6207,"lokal kopia, samma namn och storlek",ANNOTATED(30) ENGINE_STRIPS_ANNOTS ID_IN_SHEET_TEXT,3_VERSIONS_BY_SIZE_x5
1TqVMeF2XAVWLLE5H8n4LBfpqr6Fmlxyx,Drawings/Scales/3.pdf,3.pdf,pdf,application/pdf,171729,2026-08-17T04:57:32Z,Scales,Scales,,,SCALE_STUDY_PDF,DEVELOPMENT,styles/z/3/3.pdf,2d0718da9f92395fe25a9628129ed43bcb0b314a63cd4b88f9e13ca0ac066989,"lokal kopia, samma namn och storlek",NO_ANNOTATIONS,3_VERSIONS_BY_SIZE_x2
1rnbYANiYx1eoqPxbOvfCjgo_9SRmZojk,Drawings/Scales/4.pdf,4.pdf,pdf,application/pdf,307153,2026-08-17T04:59:42Z,Scales,Scales,,,SCALE_STUDY_PDF,DEVELOPMENT,styles/z/5/4.pdf,ee2a88e43882e9e2f25ae147b5fcc5220ae34f577bef33f4df2c8105a16f5777,"lokal kopia, samma namn och storlek",NO_ANNOTATIONS,2_VERSIONS_BY_SIZE_x2
1ku5vri2xHoPHX6SfLaVbosNmWUOPaXQS,Drawings/Scales/9.pdf,9.pdf,pdf,application/pdf,287919,2026-08-17T05:03:10Z,Scales,Scales,,,SCALE_STUDY_PDF,DEVELOPMENT,styles/z/9/9.pdf,2023baa9557700517b6187341f8850a6370e9a5033c361d6680c6ca4382734a7,"lokal kopia, samma namn och storlek",NO_ANNOTATIONS,4_VERSIONS_BY_SIZE_x2
11XM0cKUj-Ibas116BEQCg326QQSngiHJ,Drawings/Scales/22.pdf,22.pdf,pdf,application/pdf,287395,2026-08-17T04:58:30Z,Scales,Scales,,,SCALE_STUDY_PDF,DEVELOPMENT,styles/z/4/22.pdf,aed43843fb9c3d8c2d01734a20a03043d8866fdf93fc39c827677890f6152c45,"lokal kopia, samma namn och storlek",NO_ANNOTATIONS,2_VERSIONS_BY_SIZE_x2
1gMZ1l26U9W4ezDaueT6MozYm7i_fwF6d,Drawings/Scales/W-50-1-A-0131.pdf,W-50-1-A-0131.pdf,pdf,application/pdf,608976,2026-08-17T04:54:18Z,Scales,Scales,W-50-1-A0131,,SCALE_STUDY_PDF,DEVELOPMENT,styles/src/00 - skalstockar/W-50-1-A-0131.pdf,2a0ec2a4e5e53f6536f6d0e505ec36584879d038d8be01f86269afd1febd4c11,"lokal kopia, samma namn och storlek",NO_ANNOTATIONS NO_TEXT_LAYER_FOR_TITLE_BLOCK,2_VERSIONS_BY_SIZE_x5
1RqGJ-28YyFZw0nXPpu39zr495GxMiOrv,Drawings/Video drawings/1760274_1.pdf,1760274_1.pdf,pdf,application/pdf,497688,2026-08-02T23:13:40Z,Video drawings,Video drawings,1760274_1,,VIDEO_DRAWING_PDF,DEVELOPMENT,styles/z/13/1760274_1.pdf,a155562a6d8e83a54ee0cb84867240424cd25a20aaa26f3b5a8a4175687d13bb,"lokal kopia, samma namn och storlek",NO_ANNOTATIONS ID_NOT_IN_SHEET_TEXT,IDENTICAL_IN_3_PLACES
1doyXo--Vi_grVdTpVJAYnAOqrZtK4I2a,Drawings/Video drawings/1760294_1.pdf,1760294_1.pdf,pdf,application/pdf,357229,2026-08-02T23:13:40Z,Video drawings,Video drawings,1760294_1,,VIDEO_DRAWING_PDF,DEVELOPMENT,styles/z/13/1760294_1.pdf,5a710052739fa5c6ce84ee368bf80ca9f0537d67dfb3e819d7ec53fc3f348fc7,"lokal kopia, samma namn och storlek",NO_ANNOTATIONS ID_NOT_IN_SHEET_TEXT,IDENTICAL_IN_3_PLACES
1shR7j-QSLWpICE6pp7DIhZFde25SISQo,Drawings/Video drawings/1760292_1.pdf,1760292_1.pdf,pdf,application/pdf,374427,2026-08-02T23:13:40Z,Video drawings,Video drawings,1760292_1,,VIDEO_DRAWING_PDF,DEVELOPMENT,styles/z/13/1760292_1.pdf,725ed0099b68a3efca4851fd33d728b954449256a159106b09d96a64a1e0b384,"lokal kopia, samma namn och storlek",NO_ANNOTATIONS ID_NOT_IN_SHEET_TEXT,IDENTICAL_IN_3_PLACES
1ATscC4yH1aN-1Of6i4enxDaJazQURTvM,Drawings/Video drawings/1760290_1.pdf,1760290_1.pdf,pdf,application/pdf,387003,2026-08-02T23:13:40Z,Video drawings,Video drawings,1760290_1,,VIDEO_DRAWING_PDF,DEVELOPMENT,styles/z/13/1760290_1.pdf,ddaede21558a906c5f423cb0f8f578855e765575153082f62ad3de9c8172e50c,"lokal kopia, samma namn och storlek",NO_ANNOTATIONS ID_NOT_IN_SHEET_TEXT,IDENTICAL_IN_3_PLACES
1Wz5_lToqwzhoRakPJJ0RfrBAU5OOHtJD,Drawings/Video drawings/1760296_1.pdf,1760296_1.pdf,pdf,application/pdf,337961,2026-08-02T23:13:40Z,Video drawings,Video drawings,1760296_1,,VIDEO_DRAWING_PDF,DEVELOPMENT,styles/z/13/1760296_1.pdf,d4d523708cdbd4aba58d4ed53667331e019a5ec003fa1bc19f4baf6970ec9c5b,"lokal kopia, samma namn och storlek",NO_ANNOTATIONS ID_NOT_IN_SHEET_TEXT,IDENTICAL_IN_3_PLACES
16G-dZfswMkSjdwVJkClom4GQnFvrPZRU,Drawings/Video drawings/1760289_1.pdf,1760289_1.pdf,pdf,application/pdf,290322,2026-08-02T23:13:40Z,Video drawings,Video drawings,1760289_1,,VIDEO_DRAWING_PDF,DEVELOPMENT,styles/z/13/1760289_1.pdf,200ac5ab4a50bf5768e932f0f3fc264676f70e68e4391ea355e21598561b6f87,"lokal kopia, samma namn och storlek",NO_ANNOTATIONS ID_NOT_IN_SHEET_TEXT,IDENTICAL_IN_3_PLACES
166OdJJlZh_CqeC_L3KoilESTMSsTQJtI,Drawings/Video drawings/1760308_1.pdf,1760308_1.pdf,pdf,application/pdf,286432,2026-08-02T23:14:00Z,Video drawings,Video drawings,1760308_1,,VIDEO_DRAWING_PDF,DEVELOPMENT,styles/z/13/1760308_1.pdf,8af743c8a1e1779611f93ff3a5b7d6e611f37188db9a12155a5721180dd927e3,"lokal kopia, samma namn och storlek",NO_ANNOTATIONS ID_NOT_IN_SHEET_TEXT,IDENTICAL_IN_3_PLACES
1HjwaYlv_U7clFIYv89yx_ojYkOjKVnO_,Drawings/Video drawings/1760317_1.pdf,1760317_1.pdf,pdf,application/pdf,239741,2026-08-02T23:14:00Z,Video drawings,Video drawings,1760317_1,,VIDEO_DRAWING_PDF,DEVELOPMENT,styles/z/13/1760317_1.pdf,fa2fd7e8995a3bc122bbf7f9d5d156308fed45ccb003894a53fd8888ba53a55b,"lokal kopia, samma namn och storlek",NO_ANNOTATIONS ID_NOT_IN_SHEET_TEXT,IDENTICAL_IN_3_PLACES
1U5POulXGocIZzjYGCUfr38u8bpOO2SMl,Drawings/Video drawings/1760313_1.pdf,1760313_1.pdf,pdf,application/pdf,254850,2026-08-02T23:14:00Z,Video drawings,Video drawings,1760313_1,,VIDEO_DRAWING_PDF,DEVELOPMENT,styles/z/13/1760313_1.pdf,82f92c317fbb38c294977e02b55d41ed3220c6e982b1f508d464e55b7047b7ed,"lokal kopia, samma namn och storlek",NO_ANNOTATIONS ID_NOT_IN_SHEET_TEXT,IDENTICAL_IN_3_PLACES
1ED9cIKo0VhMIxjNZzYQHN2k1IFY7Qefy,Drawings/Video drawings/1760311_1.pdf,1760311_1.pdf,pdf,application/pdf,238211,2026-08-02T23:14:00Z,Video drawings,Video drawings,1760311_1,,VIDEO_DRAWING_PDF,DEVELOPMENT,styles/z/13/1760311_1.pdf,5b4412bfa76706f0bb059775ec65f67066da52344a24d4d89dad99fdd23a7dd1,"lokal kopia, samma namn och storlek",NO_ANNOTATIONS ID_NOT_IN_SHEET_TEXT,IDENTICAL_IN_3_PLACES
1UHIjeAgMWwRFMW63CQyMySskPxV5YgQu,Drawings/Video drawings/1760269_1.pdf,1760269_1.pdf,pdf,application/pdf,203120,2026-08-02T23:13:40Z,Video drawings,Video drawings,1760269_1,,VIDEO_DRAWING_PDF,DEVELOPMENT,styles/z/13/1760269_1.pdf,dced7a1381d1664f40edc35dacdc99b855337497277f1cf0aa40d5678bf56952,"lokal kopia, samma namn och storlek",NO_ANNOTATIONS ID_NOT_IN_SHEET_TEXT,IDENTICAL_IN_3_PLACES
1_qJXIpq03Lh0X-yHWidFL9_bh0jyOGbO,Drawings/Video drawings/1760270_1.pdf,1760270_1.pdf,pdf,application/pdf,160175,2026-08-02T23:13:40Z,Video drawings,Video drawings,1760270_1,,VIDEO_DRAWING_PDF,DEVELOPMENT,styles/z/13/1760270_1.pdf,3973d319a46bd02fa4aba09ad1fea68ae85fe45087ab820b8362059081a45cfe,"lokal kopia, samma namn och storlek",NO_ANNOTATIONS ID_NOT_IN_SHEET_TEXT,IDENTICAL_IN_3_PLACES
1gvk6TZCZLrhKHzXRMWifeRO8RTpi6g0s,Drawings/Video drawings/1760272_1.pdf,1760272_1.pdf,pdf,application/pdf,136868,2026-08-02T23:13:40Z,Video drawings,Video drawings,1760272_1,,VIDEO_DRAWING_PDF,DEVELOPMENT,styles/z/13/1760272_1.pdf,cef7cbfb162d2a91bc12f475bda2f9c36f007ab82cd478854c4e5b8a5be4394d,"lokal kopia, samma namn och storlek",NO_ANNOTATIONS ID_NOT_IN_SHEET_TEXT,IDENTICAL_IN_3_PLACES
1HZvyN_K9stbidw_Gip19bo_JP8ksxmiI,Drawings/Video drawings/1760315_1.pdf,1760315_1.pdf,pdf,application/pdf,134692,2026-08-02T23:14:00Z,Video drawings,Video drawings,1760315_1,,VIDEO_DRAWING_PDF,DEVELOPMENT,styles/z/13/1760315_1.pdf,09add2d08fd422983c86d9670ca0a6093d7386ccf92aba2d0502dbe7458732e5,"lokal kopia, samma namn och storlek",NO_ANNOTATIONS ID_NOT_IN_SHEET_TEXT,IDENTICAL_IN_3_PLACES
1By75hTyJIOmvqZs6AYhw8DlcjQkSK8px,Drawings/Video drawings/1760309_1.pdf,1760309_1.pdf,pdf,application/pdf,406837,2026-08-02T23:14:00Z,Video drawings,Video drawings,1760309_1,,VIDEO_DRAWING_PDF,DEVELOPMENT,styles/z/13/1760309_1.pdf,4870256bfbdb4dae19b0af20dfbfeb5b1a523a391c03fe659f03bdfc50bc7f3c,"lokal kopia, samma namn och storlek",NO_ANNOTATIONS ID_NOT_IN_SHEET_TEXT,IDENTICAL_IN_3_PLACES
1mFhGrg54PuG5NImmtfa5TyFblKSdkLlg,Drawings/Video drawings/1760291_1.pdf,1760291_1.pdf,pdf,application/pdf,476296,2026-08-02T23:13:40Z,Video drawings,Video drawings,1760291_1,,VIDEO_DRAWING_PDF,DEVELOPMENT,styles/z/13/1760291_1.pdf,22a95922ee44f850f163a69e5e6749aee59217fa31653793e5ee08ae13375b7d,"lokal kopia, samma namn och storlek",NO_ANNOTATIONS ID_NOT_IN_SHEET_TEXT,IDENTICAL_IN_3_PLACES
1Lncl8BOI1sKC0jIHd53ZpAPoHmE44lyJ,Drawings/Video drawings/1760297_1.pdf,1760297_1.pdf,pdf,application/pdf,429359,2026-08-02T23:13:40Z,Video drawings,Video drawings,1760297_1,,VIDEO_DRAWING_PDF,DEVELOPMENT,styles/z/13/1760297_1.pdf,c1a7c168c8ff6c9bd58d2177b708e8fdcdfa833cca0a116450cfee0171974a95,"lokal kopia, samma namn och storlek",NO_ANNOTATIONS ID_NOT_IN_SHEET_TEXT,IDENTICAL_IN_3_PLACES
165Ni2478ocsioiFF-DgjzUSea4VYTEMV,Drawings/Video drawings/1760288_1.pdf,1760288_1.pdf,pdf,application/pdf,383322,2026-08-02T23:13:40Z,Video drawings,Video drawings,1760288_1,,VIDEO_DRAWING_PDF,DEVELOPMENT,styles/z/13/1760288_1.pdf,3ef61c851cdf069d3a3f49bb0796bfdffd61be99faa40e679e78ba31fbe7812d,"lokal kopia, samma namn och storlek",NO_ANNOTATIONS ID_NOT_IN_SHEET_TEXT,IDENTICAL_IN_3_PLACES
17YwcmKKS-ZO8ip4Ip5hGWxh5V3zX6cHT,Drawings/Video drawings/1760310_1.pdf,1760310_1.pdf,pdf,application/pdf,290955,2026-08-02T23:14:00Z,Video drawings,Video drawings,1760310_1,,VIDEO_DRAWING_PDF,DEVELOPMENT,styles/z/13/1760310_1.pdf,60974e00f3cafafb8b8b30043b00a1d7396bb166dd3e78ea7ba212df491b5df2,"lokal kopia, samma namn och storlek",NO_ANNOTATIONS ID_NOT_IN_SHEET_TEXT,IDENTICAL_IN_3_PLACES
1KivscyRfNd6xndpOYyu6bDFbuxHOnNqR,Drawings/Video drawings/1760273_1.pdf,1760273_1.pdf,pdf,application/pdf,319681,2026-08-02T23:13:40Z,Video drawings,Video drawings,1760273_1,,VIDEO_DRAWING_PDF,DEVELOPMENT,styles/z/13/1760273_1.pdf,f0369faa5a9a79c5cc869606c9553364cdfe069c7de7731d532ce6afd1fc67d3,"lokal kopia, samma namn och storlek",NO_ANNOTATIONS ID_NOT_IN_SHEET_TEXT,IDENTICAL_IN_3_PLACES
1XD-wL79ZsqG9f-WKOkFNEtqKcPF-80Xt,Drawings/Video drawings/1760312_1.pdf,1760312_1.pdf,pdf,application/pdf,277232,2026-08-02T23:14:00Z,Video drawings,Video drawings,1760312_1,,VIDEO_DRAWING_PDF,DEVELOPMENT,styles/z/13/1760312_1.pdf,df21f6ba75b12336b383f8148879ced592440449d0452856685380bb298bfae3,"lokal kopia, samma namn och storlek",NO_ANNOTATIONS ID_NOT_IN_SHEET_TEXT,IDENTICAL_IN_3_PLACES
1XOtwmMfP8YHPBExdfnum58kHXnT5_3dx,Drawings/Video drawings/1760295_1.pdf,1760295_1.pdf,pdf,application/pdf,266035,2026-08-02T23:13:40Z,Video drawings,Video drawings,1760295_1,,VIDEO_DRAWING_PDF,DEVELOPMENT,styles/z/13/1760295_1.pdf,ca9081e7a5e32a26c573b32cf112e8ffe5ce05bfe619711524070a7732581fac,"lokal kopia, samma namn och storlek",NO_ANNOTATIONS ID_NOT_IN_SHEET_TEXT,IDENTICAL_IN_3_PLACES
1xexwo3nMoowm9sZ9mBkIlq6NB39onSsm,Drawings/Video drawings/1760293_1.pdf,1760293_1.pdf,pdf,application/pdf,262730,2026-08-02T23:13:40Z,Video drawings,Video drawings,1760293_1,,VIDEO_DRAWING_PDF,DEVELOPMENT,styles/z/13/1760293_1.pdf,e95236a50eb3d23b84120d61de1262072f301fac4c3a36a810b7953bfe839fd1,"lokal kopia, samma namn och storlek",NO_ANNOTATIONS ID_NOT_IN_SHEET_TEXT,IDENTICAL_IN_3_PLACES
1ScPo8y04ijphsTi7s4kQjFAFrAPMPyDP,Drawings/Video drawings/1760275_1.pdf,1760275_1.pdf,pdf,application/pdf,269801,2026-08-02T23:13:40Z,Video drawings,Video drawings,1760275_1,,VIDEO_DRAWING_PDF,DEVELOPMENT,styles/z/13/1760275_1.pdf,e0048546fe5b89b94440c7c2a88c4f86ba7158585477218fc3422a2e44b89be9,"lokal kopia, samma namn och storlek",NO_ANNOTATIONS ID_NOT_IN_SHEET_TEXT,IDENTICAL_IN_3_PLACES
1jZBkI1L_g9YJzktjiChJp-TQ-MK4qlc_,Drawings/Video drawings/1760276_1.pdf,1760276_1.pdf,pdf,application/pdf,251314,2026-08-02T23:13:40Z,Video drawings,Video drawings,1760276_1,,VIDEO_DRAWING_PDF,DEVELOPMENT,styles/z/13/1760276_1.pdf,e69471766087014e7051660eef4c25770fde7707e5bac96b8523a153e1fd1493,"lokal kopia, samma namn och storlek",NO_ANNOTATIONS ID_NOT_IN_SHEET_TEXT,IDENTICAL_IN_3_PLACES
1ad7rCySFfe-ugazn0OnGSpFHAqOw4xhl,Drawings/Video drawings/1760277_1.pdf,1760277_1.pdf,pdf,application/pdf,200144,2026-08-02T23:13:40Z,Video drawings,Video drawings,1760277_1,,VIDEO_DRAWING_PDF,DEVELOPMENT,styles/z/13/1760277_1.pdf,6637314788c2c1a1f56797ab5987aff609ad5d7568b1aee7a1468962bf07856e,"lokal kopia, samma namn och storlek",NO_ANNOTATIONS ID_NOT_IN_SHEET_TEXT,IDENTICAL_IN_3_PLACES
1k-kTwh1yg0ms3keObCikP9tlEG8FA48H,Drawings/Video drawings/1760314_1.pdf,1760314_1.pdf,pdf,application/pdf,162115,2026-08-02T23:14:00Z,Video drawings,Video drawings,1760314_1,,VIDEO_DRAWING_PDF,DEVELOPMENT,styles/z/13/1760314_1.pdf,f29934d912bbaa8988e7793cc12c0a8596dfb46865d1983095e5cfd74de8ed71,"lokal kopia, samma namn och storlek",NO_ANNOTATIONS ID_NOT_IN_SHEET_TEXT,IDENTICAL_IN_3_PLACES
1KlbNR6XXzYGe52Ud5VWIhDtTCjZnBElI,Drawings/Video drawings/1760316_1.pdf,1760316_1.pdf,pdf,application/pdf,154657,2026-08-02T23:14:00Z,Video drawings,Video drawings,1760316_1,,VIDEO_DRAWING_PDF,DEVELOPMENT,styles/z/13/1760316_1.pdf,6229fd5fc3ebe099c29b0fe3d2991f7e3f2cd8ef75824e0cb67c90543c0452fb,"lokal kopia, samma namn och storlek",NO_ANNOTATIONS ID_NOT_IN_SHEET_TEXT,IDENTICAL_IN_3_PLACES
1TqmZNG-0axcoxyFgAACMUOcUT2MTfEBz,Drawings/Video drawings/1760271_1.pdf,1760271_1.pdf,pdf,application/pdf,155417,2026-08-02T23:13:40Z,Video drawings,Video drawings,1760271_1,,VIDEO_DRAWING_PDF,DEVELOPMENT,styles/z/13/1760271_1.pdf,5d89c252738295f8ef9a1313d9d50dcafd4d91c694d851f39d39b419a76b4c31,"lokal kopia, samma namn och storlek",NO_ANNOTATIONS ID_NOT_IN_SHEET_TEXT,IDENTICAL_IN_3_PLACES
19s9KTqw-BUNEMybg0mtUcWnn4H-TuAsX,Drawings/Video drawings/1760268_1.pdf,1760268_1.pdf,pdf,application/pdf,160529,2026-08-02T23:13:40Z,Video drawings,Video drawings,1760268_1,,VIDEO_DRAWING_PDF,DEVELOPMENT,styles/z/13/1760268_1.pdf,57d9a9cbb3b239531024e0d2f63dbd49eb2db0da5014cbde61b517558ad707bf,"lokal kopia, samma namn och storlek",NO_ANNOTATIONS ID_NOT_IN_SHEET_TEXT,IDENTICAL_IN_3_PLACES
1bXuS-vsC_uO2bvRB4jX07lN5a49e6beZ,Drawings/Video drawings/1760282_1.pdf,1760282_1.pdf,pdf,application/pdf,475575,2026-08-02T23:13:40Z,Video drawings,Video drawings,1760282_1,,VIDEO_DRAWING_PDF,DEVELOPMENT,styles/z/13/1760282_1.pdf,004f4f6c22af393db6b26e179285fb27c063809876149b9d7c3de70247e9e786,"lokal kopia, samma namn och storlek",NO_ANNOTATIONS ID_NOT_IN_SHEET_TEXT,IDENTICAL_IN_3_PLACES
1ORiC6ztmmaU4x92N8prVEdV1yGUFz3bo,Drawings/Video drawings/1760279_1.pdf,1760279_1.pdf,pdf,application/pdf,454408,2026-08-02T23:13:40Z,Video drawings,Video drawings,1760279_1,,VIDEO_DRAWING_PDF,DEVELOPMENT,styles/z/13/1760279_1.pdf,fa21c4b46b4a4774f6396cbc6a37796cc9ec63e0c610a6e95e5e678b7bd72598,"lokal kopia, samma namn och storlek",NO_ANNOTATIONS ID_NOT_IN_SHEET_TEXT,IDENTICAL_IN_4_PLACES
1DB1FPC9HIUBAdOq0OByFjVhG4Lj-fmhu,Drawings/Video drawings/1760285_1.pdf,1760285_1.pdf,pdf,application/pdf,485699,2026-08-02T23:13:40Z,Video drawings,Video drawings,1760285_1,,VIDEO_DRAWING_PDF,DEVELOPMENT,styles/z/13/1760285_1.pdf,133f689dce6fe4274a1f1edc23e2a608262f06d5cb7935077aa89064134d27f8,"lokal kopia, samma namn och storlek",NO_ANNOTATIONS ID_NOT_IN_SHEET_TEXT,IDENTICAL_IN_3_PLACES
1xHuZZCADhRHnXGF42yNgxOPE60-mTMZ1,Drawings/Video drawings/1760303_1.pdf,1760303_1.pdf,pdf,application/pdf,426959,2026-08-02T23:14:00Z,Video drawings,Video drawings,1760303_1,,VIDEO_DRAWING_PDF,DEVELOPMENT,styles/z/13/1760303_1.pdf,94e654341c281e4544eae04cf380ef8ef288542d649ca7606bfea576e3293f67,"lokal kopia, samma namn och storlek",NO_ANNOTATIONS ID_NOT_IN_SHEET_TEXT,IDENTICAL_IN_3_PLACES
1QNONiFV4a4QT7JYGXk1hV0_fywRmliFu,Drawings/Video drawings/1760305_1.pdf,1760305_1.pdf,pdf,application/pdf,244439,2026-08-02T23:14:00Z,Video drawings,Video drawings,1760305_1,,VIDEO_DRAWING_PDF,DEVELOPMENT,styles/z/13/1760305_1.pdf,37f134aed25a6e63520e5080af370fef3beefda10beab6db1e0e799ad72c127c,"lokal kopia, samma namn och storlek",NO_ANNOTATIONS ID_NOT_IN_SHEET_TEXT,IDENTICAL_IN_3_PLACES
19LaUJIzSr7EFtJBvGJfacHwZE8TeqOJd,Drawings/Video drawings/1760284_1.pdf,1760284_1.pdf,pdf,application/pdf,370741,2026-08-02T23:13:40Z,Video drawings,Video drawings,1760284_1,,VIDEO_DRAWING_PDF,DEVELOPMENT,styles/z/13/1760284_1.pdf,55a66130e809daffd531eefef6af2227e0487aa6bc19cc4253407493c6fcec20,"lokal kopia, samma namn och storlek",NO_ANNOTATIONS ID_NOT_IN_SHEET_TEXT,IDENTICAL_IN_3_PLACES
1iknXilMEhzj_y9BXyD5vG2FF8ZqONHYt,Drawings/Video drawings/1760306_1.pdf,1760306_1.pdf,pdf,application/pdf,346879,2026-08-02T23:14:00Z,Video drawings,Video drawings,1760306_1,,VIDEO_DRAWING_PDF,DEVELOPMENT,styles/z/13/1760306_1.pdf,1748198f0b7fb4793da94118de93a047783f4818e2394a2408e1a658e0c5eb5d,"lokal kopia, samma namn och storlek",NO_ANNOTATIONS ID_NOT_IN_SHEET_TEXT,IDENTICAL_IN_3_PLACES
1LR6YI6STTPjy4JhhDcIfsAJh3W_PGZM6,Drawings/Video drawings/1760286_1.pdf,1760286_1.pdf,pdf,application/pdf,356422,2026-08-02T23:13:40Z,Video drawings,Video drawings,1760286_1,,VIDEO_DRAWING_PDF,DEVELOPMENT,styles/z/13/1760286_1.pdf,bf0ee1043d63100b887278e4f2f1eca1e3617a91087b9fe4f5f452080ec6a76d,"lokal kopia, samma namn och storlek",NO_ANNOTATIONS ID_NOT_IN_SHEET_TEXT,IDENTICAL_IN_3_PLACES
1mKm_iERwzKoQEZwcQoSoVc0ppuPFk0zb,Drawings/Video drawings/1760280_1.pdf,1760280_1.pdf,pdf,application/pdf,361702,2026-08-02T23:13:40Z,Video drawings,Video drawings,1760280_1,,VIDEO_DRAWING_PDF,DEVELOPMENT,styles/z/13/1760280_1.pdf,8f92345c66237647d8d8538db6dbf70d7f49ef12732924d1d5607f771f82f9ee,"lokal kopia, samma namn och storlek",NO_ANNOTATIONS ID_NOT_IN_SHEET_TEXT,IDENTICAL_IN_3_PLACES
19_NU2UV3ownOtzc1ZiKMcpeTaJZsrgcH,Drawings/Video drawings/1760304_1.pdf,1760304_1.pdf,pdf,application/pdf,304326,2026-08-02T23:14:00Z,Video drawings,Video drawings,1760304_1,,VIDEO_DRAWING_PDF,DEVELOPMENT,styles/z/13/1760304_1.pdf,c76dfec98e040425308fead8944b57e620ea4bd075a74c5a89a596f52c4596eb,"lokal kopia, samma namn och storlek",NO_ANNOTATIONS ID_NOT_IN_SHEET_TEXT,IDENTICAL_IN_3_PLACES
1TEYDBq_DfWgY1o9mwhd7LCgoXuMeU-by,Drawings/Video drawings/1760278_1.pdf,1760278_1.pdf,pdf,application/pdf,326720,2026-08-02T23:13:40Z,Video drawings,Video drawings,1760278_1,,VIDEO_DRAWING_PDF,DEVELOPMENT,styles/z/13/1760278_1.pdf,1f5793b6a01dd9a33ba063dfee53956fcfd59e525f04a888484957ebe2550b3e,"lokal kopia, samma namn och storlek",NO_ANNOTATIONS ID_NOT_IN_SHEET_TEXT,IDENTICAL_IN_3_PLACES
1sEdXCXNs14ggzCBSioxEns76B30TbGV1,Drawings/Video drawings/1760301_1.pdf,1760301_1.pdf,pdf,application/pdf,266427,2026-08-02T23:14:00Z,Video drawings,Video drawings,1760301_1,,VIDEO_DRAWING_PDF,DEVELOPMENT,styles/z/13/1760301_1.pdf,f31c319b61e1a0860b3c37c37b7a2583c56e1df60056fa70d80f5987020ba527,"lokal kopia, samma namn och storlek",NO_ANNOTATIONS ID_NOT_IN_SHEET_TEXT,IDENTICAL_IN_3_PLACES
15ria_hfCEWeqUNXw6b6qDnSH8CkrnsdB,Drawings/Video drawings/1760287_1.pdf,1760287_1.pdf,pdf,application/pdf,279080,2026-08-02T23:13:40Z,Video drawings,Video drawings,1760287_1,,VIDEO_DRAWING_PDF,DEVELOPMENT,styles/z/13/1760287_1.pdf,89f3305950da43607e07b8c68dff9774ec3c55e57c4f5070eafefe00ba93004c,"lokal kopia, samma namn och storlek",NO_ANNOTATIONS ID_NOT_IN_SHEET_TEXT,IDENTICAL_IN_3_PLACES
1ZSFinD_joZ8plIybWl2K5-IyAPehnyEs,Drawings/Video drawings/1760299_1.pdf,1760299_1.pdf,pdf,application/pdf,256395,2026-08-02T23:14:00Z,Video drawings,Video drawings,1760299_1,,VIDEO_DRAWING_PDF,DEVELOPMENT,styles/z/13/1760299_1.pdf,11dc663c7133ca8a9a0c47ea2f1e33443c1ac1bc894641ebf2811ff0e66852b0,"lokal kopia, samma namn och storlek",NO_ANNOTATIONS ID_NOT_IN_SHEET_TEXT,IDENTICAL_IN_3_PLACES
1g9vZrDzxTc_G_57ox8zCjbIOSyA9hBtW,Drawings/Video drawings/1760307_1.pdf,1760307_1.pdf,pdf,application/pdf,247291,2026-08-02T23:14:00Z,Video drawings,Video drawings,1760307_1,,VIDEO_DRAWING_PDF,DEVELOPMENT,styles/z/13/1760307_1.pdf,9b742393d1714d9db3367cfc5d3a553e5f9a1561c2909ef9187d3c7ddb832768,"lokal kopia, samma namn och storlek",NO_ANNOTATIONS ID_NOT_IN_SHEET_TEXT,IDENTICAL_IN_3_PLACES
1G7_YdVJoNRxW2pxQ7ZlyuTUH6lSdwScD,Drawings/Video drawings/1760318_1.pdf,1760318_1.pdf,pdf,application/pdf,193374,2026-08-02T23:14:00Z,Video drawings,Video drawings,1760318_1,,VIDEO_DRAWING_PDF,DEVELOPMENT,styles/src/12 - video drawings/1760318_1.pdf,dcedac375d5a19abd924006d8cf577812ff5395b0cb73d44db39b3011813aef3,"lokal kopia, samma namn och storlek",NO_ANNOTATIONS ID_NOT_IN_SHEET_TEXT,UNIQUE
1MBvu_Vjwh-Owm777iOR6z6NWseLQEpC3,Drawings/Video drawings/1760281_1.pdf,1760281_1.pdf,pdf,application/pdf,385572,2026-08-02T23:13:40Z,Video drawings,Video drawings,1760281_1,,VIDEO_DRAWING_PDF,DEVELOPMENT,styles/z/13/1760281_1.pdf,1eaa47b76e5dd22cd429498c653928e120df63619bfe1dbd26587b9c60ebc279,"lokal kopia, samma namn och storlek",NO_ANNOTATIONS ID_NOT_IN_SHEET_TEXT,IDENTICAL_IN_3_PLACES
164rQeIeJBGdQ-S_z_Nt_2d8qP1dSfwql,Drawings/Video drawings/1760300_1.pdf,1760300_1.pdf,pdf,application/pdf,356989,2026-08-02T23:14:00Z,Video drawings,Video drawings,1760300_1,,VIDEO_DRAWING_PDF,DEVELOPMENT,styles/z/13/1760300_1.pdf,23cccc6742fbbc6268e1ba1a5ad44a064fceb0bf9026bf957c965c1b3b3dacf4,"lokal kopia, samma namn och storlek",NO_ANNOTATIONS ID_NOT_IN_SHEET_TEXT,IDENTICAL_IN_3_PLACES
142dAw17G3_spqDmEBJuKWNrpy_6lVOxM,Drawings/Video drawings/1760283_1.pdf,1760283_1.pdf,pdf,application/pdf,380312,2026-08-02T23:13:40Z,Video drawings,Video drawings,1760283_1,,VIDEO_DRAWING_PDF,DEVELOPMENT,styles/z/13/1760283_1.pdf,a7ad26b02f9be35e0baf38ae2f83382b4302f12155e8b982fc125675c080396d,"lokal kopia, samma namn och storlek",NO_ANNOTATIONS ID_NOT_IN_SHEET_TEXT,IDENTICAL_IN_3_PLACES
1qUlv0f8q_lbChndPG4LtbkDJADW6Jelc,Drawings/Video drawings/1760302_1.pdf,1760302_1.pdf,pdf,application/pdf,323827,2026-08-02T23:14:00Z,Video drawings,Video drawings,1760302_1,,VIDEO_DRAWING_PDF,DEVELOPMENT,styles/z/13/1760302_1.pdf,90dae64cc6e63206ab23b21108790bea844e6d7e652cbe724ae938dc502bbf74,"lokal kopia, samma namn och storlek",NO_ANNOTATIONS ID_NOT_IN_SHEET_TEXT,IDENTICAL_IN_3_PLACES
1aXRDFcQGHXMoJdAV1xLF1ACwktC7p7-Y,Drawings/Video drawings/1760298_1.pdf,1760298_1.pdf,pdf,application/pdf,319611,2026-08-02T23:14:00Z,Video drawings,Video drawings,1760298_1,,VIDEO_DRAWING_PDF,DEVELOPMENT,styles/z/13/1760298_1.pdf,286181fc9d7024566e8acfc0b26dc61149e77953bb43f20ec659abf311e6f8d1,"lokal kopia, samma namn och storlek",NO_ANNOTATIONS ID_NOT_IN_SHEET_TEXT,IDENTICAL_IN_3_PLACES
1vZFUWB5wcipbzbc4lVvCodiqnBIiXPHN,Drawings/Test drawings/DEMO/Icon_,Icon_,,application/octet-stream,0,2026-07-15T12:49:00Z,Test drawings/DEMO,Test drawings,,,SYSTEM_FILE,,,,ej hämtad,,0_VERSIONS_BY_SIZE
1TfGOR9_hkkgjT9-kdhUE0ZNCg_QPAO86,Drawings/Test drawings/DEMO test/Icon_,Icon_,,application/octet-stream,0,2026-07-15T12:49:00Z,Test drawings/DEMO test,Test drawings,,,SYSTEM_FILE,,,,ej hämtad,,0_VERSIONS_BY_SIZE
1SugiI52n4G0V0ehRj3APsDtoz7ZiEg8W,Drawings/Test drawings/duzo-blisko.pdf,duzo-blisko.pdf,pdf,application/pdf,571298,2026-05-29T19:33:02Z,Test drawings,Test drawings,,,TEST_DRAWING,DEVELOPMENT,styles/test/duzo-blisko.pdf,650757eb833465a1d57c6925850aa1c3476fee5677a588271eee3212223be992,"lokal kopia, samma namn och storlek",NO_ANNOTATIONS,UNIQUE
1_E1JO903MtLNTodxc9lxxBO9vr4qibSW,Drawings/Test drawings/W-50-1-A-0022.pdf,W-50-1-A-0022.pdf,pdf,application/pdf,302352,2026-05-29T12:41:14Z,Test drawings,Test drawings,W-50-1-A0022,,TEST_DRAWING,DEVELOPMENT,styles/test/W-50-1-A-0022.pdf,9c14aa6e039b8000f67e3c4d5a33db58556feb11f4fc9013fbf61bc6f0df3f19,"lokal kopia, samma namn och storlek",NO_ANNOTATIONS NO_TEXT_LAYER_FOR_TITLE_BLOCK,3_VERSIONS_BY_SIZE
1Hs8E9_yVbnL8eixtZEEAAgT6cv0zPRj7,Drawings/Scales/R9UHA10-CLB001-004.pdf,R9UHA10-CLB001-004.pdf,pdf,application/pdf,334627,2026-04-28T04:12:38Z,Scales,Scales,R9UHA10-CLB001-004,,SCALE_STUDY_PDF,DEVELOPMENT,styles/src/00 - skalstockar/R9UHA10-CLB001-004.pdf,07b1d5f29d9124da2cbacc8af593b49d11042baaea93dd915e239ee1c2ccbe9f,"lokal kopia, samma namn och storlek",ANNOTATED(69) ENGINE_STRIPS_ANNOTS ID_NOT_IN_SHEET_TEXT,IDENTICAL_IN_4_PLACES
1-HLT30TOUQPtojz0Y-je_gejL4Ku-IJT,Drawings/Test drawings/DEMO/W-50-1-A-0013.pdf,W-50-1-A-0013.pdf,pdf,application/pdf,343744,2026-04-19T01:00:24Z,Test drawings/DEMO,Test drawings,W-50-1-A0013,,TEST_DRAWING,DEVELOPMENT,styles/test/W-50-1-AAA-0013.pdf,6172311b12cdbbb427de84dc4b1fca44eca57cf4e0fb70ce2e33d08394a605dd,"lokal kopia, samma storlek och typ",NO_ANNOTATIONS NO_TEXT_LAYER_FOR_TITLE_BLOCK,3_VERSIONS_BY_SIZE
1O1R_2oA6bo3VpOTxWop0kyUxZVB81xhr,Drawings/Test drawings/DEMO test/W-50-1-ADD-0024.pdf,W-50-1-ADD-0024.pdf,pdf,application/pdf,316689,2026-04-19T01:04:22Z,Test drawings/DEMO test,Test drawings,W-50-1-ADD0024,,TEST_DRAWING,DEVELOPMENT,styles/test/W-50-1-ADD-0024.pdf,48b3b912e13f6b8e6b8ddafb5f0c0c234874c1f180f7b6e9aefca2666e855bff,"lokal kopia, samma namn och storlek",NO_ANNOTATIONS NO_TEXT_LAYER_FOR_TITLE_BLOCK,UNIQUE
1saY-p1flo7dlWG5mory-XIaS1vF_aA6C,Drawings/Test drawings/DEMO/W-50-1-A-0024.pdf,W-50-1-A-0024.pdf,pdf,application/pdf,316689,2026-04-19T01:04:22Z,Test drawings/DEMO,Test drawings,W-50-1-A0024,,TEST_DRAWING,DEVELOPMENT,styles/test/W-50-1-ADD-0024.pdf,48b3b912e13f6b8e6b8ddafb5f0c0c234874c1f180f7b6e9aefca2666e855bff,"lokal kopia, samma storlek och typ",NO_ANNOTATIONS NO_TEXT_LAYER_FOR_TITLE_BLOCK,3_VERSIONS_BY_SIZE
1BQXHcvxOy5BFvuO3LeMJvuW_8tGqXTJv,Drawings/Test drawings/DEMO/W-50-1-A-0033.pdf,W-50-1-A-0033.pdf,pdf,application/pdf,269582,2026-04-19T01:07:04Z,Test drawings/DEMO,Test drawings,W-50-1-A0033,,TEST_DRAWING,DEVELOPMENT,styles/test/W-50-1-ASD-0033.pdf,a76f4b0a1d458a9d1c56c0fbc371da65e56775ac00f7ff7a5cdb5aefbb8eec57,"lokal kopia, samma storlek och typ",NO_ANNOTATIONS NO_TEXT_LAYER_FOR_TITLE_BLOCK,3_VERSIONS_BY_SIZE
1CtbdvWeUs_362VsQyhl76XJHlOjaCJxI,Drawings/Test drawings/DEMO test/W-50-1-AAA-0013.pdf,W-50-1-AAA-0013.pdf,pdf,application/pdf,343744,2026-04-19T01:00:24Z,Test drawings/DEMO test,Test drawings,W-50-1-AAA0013,,TEST_DRAWING,DEVELOPMENT,styles/test/W-50-1-AAA-0013.pdf,6172311b12cdbbb427de84dc4b1fca44eca57cf4e0fb70ce2e33d08394a605dd,"lokal kopia, samma namn och storlek",NO_ANNOTATIONS NO_TEXT_LAYER_FOR_TITLE_BLOCK,UNIQUE
1TNrMsQTHNRiav07SHFbqoK5jYLXVZvxF,Drawings/Test drawings/DEMO test/W-50-1-ASD-0033.pdf,W-50-1-ASD-0033.pdf,pdf,application/pdf,269582,2026-04-19T01:07:04Z,Test drawings/DEMO test,Test drawings,W-50-1-ASD0033,,TEST_DRAWING,DEVELOPMENT,styles/test/W-50-1-ASD-0033.pdf,a76f4b0a1d458a9d1c56c0fbc371da65e56775ac00f7ff7a5cdb5aefbb8eec57,"lokal kopia, samma namn och storlek",NO_ANNOTATIONS NO_TEXT_LAYER_FOR_TITLE_BLOCK,UNIQUE
1VTYwi_FFZYJsE-fifQqyE6eoU4jHftqz,Drawings/Test drawings/DEMO/W-50-1-A-0011.pdf,W-50-1-A-0011.pdf,pdf,application/pdf,655190,2026-04-17T00:49:20Z,Test drawings/DEMO,Test drawings,W-50-1-A0011,,TEST_DRAWING,DEVELOPMENT,styles/test/W-50-1-AAA-0011.pdf,3badf92ec89791b05b7bc8142132c7d49b44f66587fd485e1a0a471a61b05d80,"lokal kopia, samma storlek och typ",ANNOTATED(1) ENGINE_STRIPS_ANNOTS NO_TEXT_LAYER_FOR_TITLE_BLOCK,3_VERSIONS_BY_SIZE
1janA425zr_GeZnP-NRIZKsCd2JzncbVt,Drawings/Test drawings/DEMO test/W-50-1-AAA-0011.pdf,W-50-1-AAA-0011.pdf,pdf,application/pdf,655190,2026-04-17T00:49:20Z,Test drawings/DEMO test,Test drawings,W-50-1-AAA0011,,TEST_DRAWING,DEVELOPMENT,styles/test/W-50-1-AAA-0011.pdf,3badf92ec89791b05b7bc8142132c7d49b44f66587fd485e1a0a471a61b05d80,"lokal kopia, samma namn och storlek",ANNOTATED(1) ENGINE_STRIPS_ANNOTS NO_TEXT_LAYER_FOR_TITLE_BLOCK,UNIQUE
1IpJwK1AS_Mt0IdCzqKLnwLkAiBAn_VY5,Drawings/Test drawings/duzy.pdf,duzy.pdf,pdf,application/pdf,655190,2026-04-17T00:49:20Z,Test drawings,Test drawings,,,TEST_DRAWING,DEVELOPMENT,styles/test/W-50-1-AAA-0011.pdf,3badf92ec89791b05b7bc8142132c7d49b44f66587fd485e1a0a471a61b05d80,"lokal kopia, samma storlek och typ",ANNOTATED(1) ENGINE_STRIPS_ANNOTS,UNIQUE
18DyDFscpWsHLTu7i60H0vPc7cVHFxEIV,Drawings/Test drawings/DEMO/W-50-1-A-0021.pdf,W-50-1-A-0021.pdf,pdf,application/pdf,309839,2026-01-17T09:38:00Z,Test drawings/DEMO,Test drawings,W-50-1-A0021,,TEST_DRAWING,DEVELOPMENT,styles/test/W-50-1-AEE-0021.pdf,3f07b64bb5ae406ae5604f46b6fcbc29e654f5bca8a5d7f0a73fb68fe6a7d69c,"lokal kopia, samma storlek och typ",NO_ANNOTATIONS NO_TEXT_LAYER_FOR_TITLE_BLOCK,3_VERSIONS_BY_SIZE
1biU4xMqc6B-CfOxld38sRKR25Bo46pVN,Drawings/Test drawings/DEMO test/W-50-1-AEE-0021.pdf,W-50-1-AEE-0021.pdf,pdf,application/pdf,309839,2026-01-17T09:38:00Z,Test drawings/DEMO test,Test drawings,W-50-1-AEE0021,,TEST_DRAWING,DEVELOPMENT,styles/test/W-50-1-AEE-0021.pdf,3f07b64bb5ae406ae5604f46b6fcbc29e654f5bca8a5d7f0a73fb68fe6a7d69c,"lokal kopia, samma namn och storlek",NO_ANNOTATIONS NO_TEXT_LAYER_FOR_TITLE_BLOCK,UNIQUE
1Yojl27-QuiFlQGs312NdcRHNNvo_OnKv,Drawings/Test drawings/W-567533-1-A-3207.pdf,W-567533-1-A-3207.pdf,pdf,application/pdf,309839,2026-01-17T09:38:00Z,Test drawings,Test drawings,W-56-7-0533,,TEST_DRAWING,DEVELOPMENT,styles/test/W-50-1-AEE-0021.pdf,3f07b64bb5ae406ae5604f46b6fcbc29e654f5bca8a5d7f0a73fb68fe6a7d69c,"lokal kopia, samma storlek och typ",NO_ANNOTATIONS NO_TEXT_LAYER_FOR_TITLE_BLOCK,UNIQUE
1rbT-LiH7nsiwoSfINWs3PfzoQD8F85Kv,Drawings/Bluebeam - set 1/clear,clear,,application/vnd.google-apps.folder,0,2026-09-10T22:02:13.141Z,Bluebeam - set 1,Bluebeam - set 1,,,FOLDER,,,,ej hämtad,,0_VERSIONS_BY_SIZE
1PRPde66X9hXLyIOoT4efsx0aNKSRMnmy,Drawings/Bluebeam - set 1/.DS_Store,.DS_Store,,application/octet-stream,6148,2026-09-05T06:38:32Z,Bluebeam - set 1,Bluebeam - set 1,,,SYSTEM_FILE,,,,ej hämtad,,0_VERSIONS_BY_SIZE
1cKC071hGGvHLJ3-VmmC2Tg5YKNEnEnTY,Drawings/Bluebeam - set 1/W-50-1-A-0011.pdf,W-50-1-A-0011.pdf,pdf,application/pdf,4082952,2026-09-01T02:14:50Z,Bluebeam - set 1,Bluebeam - set 1,W-50-1-A0011,,MARKED_REFERENCE_CANDIDATE,VALIDATION,,,ej hämtad,,3_VERSIONS_BY_SIZE
1T0twyyJlOJGtjjHcYhroTeVIE_4wa4oL,Drawings/Bluebeam - set 1/clear/Icon_,Icon_,,application/octet-stream,0,2026-07-15T12:49:00Z,Bluebeam - set 1/clear,Bluebeam - set 1,,,SYSTEM_FILE,,,,ej hämtad,,0_VERSIONS_BY_SIZE
1j2z6Fits7puSQ3s_Pb6DyoWg2UkLYege,Drawings/Bluebeam - set 1/Icon_,Icon_,,application/octet-stream,0,2026-07-15T12:49:00Z,Bluebeam - set 1,Bluebeam - set 1,,,SYSTEM_FILE,,,,ej hämtad,,0_VERSIONS_BY_SIZE
1t6hvtQMEQASGwscuClck7Nm3V-H55WUC,Drawings/Bluebeam - set 1/W-50-1-A-0022.pdf,W-50-1-A-0022.pdf,pdf,application/pdf,475254,2026-05-29T12:36:08Z,Bluebeam - set 1,Bluebeam - set 1,W-50-1-A0022,,MARKED_REFERENCE_CANDIDATE,VALIDATION,,,ej hämtad,,3_VERSIONS_BY_SIZE
1qN53tA4e2QoZcmzbaH2M68L1XEPf40Mr,Drawings/Bluebeam - set 1/W-50-1-A-0011 - clean.pdf,W-50-1-A-0011 - clean.pdf,pdf,application/pdf,655190,2026-04-17T00:49:20Z,Bluebeam - set 1,Bluebeam - set 1,W-50-1-A0011,,CLEAN_ORIGINAL_CANDIDATE,DEVELOPMENT,styles/test/W-50-1-AAA-0011.pdf,3badf92ec89791b05b7bc8142132c7d49b44f66587fd485e1a0a471a61b05d80,"lokal kopia, samma storlek och typ",ANNOTATED(1) ENGINE_STRIPS_ANNOTS NO_TEXT_LAYER_FOR_TITLE_BLOCK,UNIQUE
1B3I-b6dRbB1YQd5MZizwHMXtx4PJNmKT,Drawings/Bluebeam - set 1/W-50-1-A-0133_processed.xlsx,W-50-1-A-0133_processed.xlsx,xlsx,application/vnd.openxmlformats-officedocument.spreadsheetml.sheet,5545,2025-10-19T10:32:44Z,Bluebeam - set 1,Bluebeam - set 1,W-50-1-A0133,,PROCESSED_XLSX,GENERATED_ARTIFACT,,,ej hämtad,,UNIQUE
1aTlYQzxK-FBmG6sA1JM9ZAsTiNezyD5p,Drawings/Bluebeam - set 1/W-50-1-A-0022_processed.xlsx,W-50-1-A-0022_processed.xlsx,xlsx,application/vnd.openxmlformats-officedocument.spreadsheetml.sheet,5066,2025-10-19T10:32:44Z,Bluebeam - set 1,Bluebeam - set 1,W-50-1-A0022,,PROCESSED_XLSX,GENERATED_ARTIFACT,,,ej hämtad,,UNIQUE
1_ROuqPmhZuTVUqsOWNeBRikhkZmHm75d,Drawings/Bluebeam - set 1/W-50-1-A-0121_processed.xlsx,W-50-1-A-0121_processed.xlsx,xlsx,application/vnd.openxmlformats-officedocument.spreadsheetml.sheet,5477,2025-10-19T10:32:44Z,Bluebeam - set 1,Bluebeam - set 1,W-50-1-A0121,,PROCESSED_XLSX,GENERATED_ARTIFACT,,,ej hämtad,,UNIQUE
1i88olIwgg_wTqw2ad5vuMjLxr7fKJEij,Drawings/Bluebeam - set 1/W-50-1-A-0024_processed.xlsx,W-50-1-A-0024_processed.xlsx,xlsx,application/vnd.openxmlformats-officedocument.spreadsheetml.sheet,5085,2025-10-19T10:32:44Z,Bluebeam - set 1,Bluebeam - set 1,W-50-1-A0024,,PROCESSED_XLSX,GENERATED_ARTIFACT,,,ej hämtad,,UNIQUE
1QNLsmaj0Y0VkSnpacOBmkyPtJTV7zdJi,Drawings/Bluebeam - set 1/W-50-1-A-0021_processed.xlsx,W-50-1-A-0021_processed.xlsx,xlsx,application/vnd.openxmlformats-officedocument.spreadsheetml.sheet,5069,2025-10-19T10:32:44Z,Bluebeam - set 1,Bluebeam - set 1,W-50-1-A0021,,PROCESSED_XLSX,GENERATED_ARTIFACT,,,ej hämtad,,UNIQUE
1T6YPeUDwtmvO0wgSKsy67MtEkrUSTIQi,Drawings/Bluebeam - set 1/W-50-1-A-0132_processed.xlsx,W-50-1-A-0132_processed.xlsx,xlsx,application/vnd.openxmlformats-officedocument.spreadsheetml.sheet,5568,2025-10-19T10:32:44Z,Bluebeam - set 1,Bluebeam - set 1,W-50-1-A0132,,PROCESSED_XLSX,GENERATED_ARTIFACT,,,ej hämtad,,UNIQUE
1Dh8jS1wgoXMnLCHD-lgqjhR3SmojcS0B,Drawings/Bluebeam - set 1/W-50-1-A-0031_processed.xlsx,W-50-1-A-0031_processed.xlsx,xlsx,application/vnd.openxmlformats-officedocument.spreadsheetml.sheet,5042,2025-10-19T10:32:44Z,Bluebeam - set 1,Bluebeam - set 1,W-50-1-A0031,,PROCESSED_XLSX,GENERATED_ARTIFACT,,,ej hämtad,,UNIQUE
1KhsDn4-CJ9Feo-bhibGCvTljfBExyz09,Drawings/Bluebeam - set 1/W-50-1-A-0122_processed.xlsx,W-50-1-A-0122_processed.xlsx,xlsx,application/vnd.openxmlformats-officedocument.spreadsheetml.sheet,5510,2025-10-19T10:32:44Z,Bluebeam - set 1,Bluebeam - set 1,W-50-1-A0122,,PROCESSED_XLSX,GENERATED_ARTIFACT,,,ej hämtad,,UNIQUE
1C2R4Ui3YeuyJybd3Yaz7k3Vcg3sXuZK3,Drawings/Bluebeam - set 1/W-50-1-A-0034_processed.xlsx,W-50-1-A-0034_processed.xlsx,xlsx,application/vnd.openxmlformats-officedocument.spreadsheetml.sheet,5032,2025-10-19T10:32:44Z,Bluebeam - set 1,Bluebeam - set 1,W-50-1-A0034,,PROCESSED_XLSX,GENERATED_ARTIFACT,,,ej hämtad,,UNIQUE
1bhmFwzKnGzUi3_nIuz_IclYTfuIvBXop,Drawings/Bluebeam - set 1/W-50-1-A-0023_processed.xlsx,W-50-1-A-0023_processed.xlsx,xlsx,application/vnd.openxmlformats-officedocument.spreadsheetml.sheet,5045,2025-10-19T10:32:44Z,Bluebeam - set 1,Bluebeam - set 1,W-50-1-A0023,,PROCESSED_XLSX,GENERATED_ARTIFACT,,,ej hämtad,,UNIQUE
1o3uEttdIIE6Tg0S-aKoVED7WXU3m_kmT,Drawings/Bluebeam - set 1/W-50-1-A-0033_processed.xlsx,W-50-1-A-0033_processed.xlsx,xlsx,application/vnd.openxmlformats-officedocument.spreadsheetml.sheet,5083,2025-10-19T10:32:44Z,Bluebeam - set 1,Bluebeam - set 1,W-50-1-A0033,,PROCESSED_XLSX,GENERATED_ARTIFACT,,,ej hämtad,,UNIQUE
1gLs1m-RgxYe-6_bVuD1fs3IWu-xiFHtU,Drawings/Bluebeam - set 1/W-50-1-A-0014_processed.xlsx,W-50-1-A-0014_processed.xlsx,xlsx,application/vnd.openxmlformats-officedocument.spreadsheetml.sheet,5073,2025-10-19T10:32:44Z,Bluebeam - set 1,Bluebeam - set 1,W-50-1-A0014,,PROCESSED_XLSX,GENERATED_ARTIFACT,,,ej hämtad,,UNIQUE
1CjWdJzE-GXYwuORH0_lfjsMi6jLZWkRr,Drawings/Bluebeam - set 1/W-50-1-A-0032_processed.xlsx,W-50-1-A-0032_processed.xlsx,xlsx,application/vnd.openxmlformats-officedocument.spreadsheetml.sheet,5069,2025-10-19T10:32:44Z,Bluebeam - set 1,Bluebeam - set 1,W-50-1-A0032,,PROCESSED_XLSX,GENERATED_ARTIFACT,,,ej hämtad,,UNIQUE
11oPyhDopes-dK-IMWJ3e2lIM_v1QjSBg,Drawings/Bluebeam - set 1/W-50-1-A-0131_processed.xlsx,W-50-1-A-0131_processed.xlsx,xlsx,application/vnd.openxmlformats-officedocument.spreadsheetml.sheet,5488,2025-10-19T10:32:44Z,Bluebeam - set 1,Bluebeam - set 1,W-50-1-A0131,,PROCESSED_XLSX,GENERATED_ARTIFACT,,,ej hämtad,,UNIQUE
1dMgH1Dc-_WnySkMnE_xYJ9R2URphyc33,Drawings/Bluebeam - set 1/W-50-1-A-0124_processed.xlsx,W-50-1-A-0124_processed.xlsx,xlsx,application/vnd.openxmlformats-officedocument.spreadsheetml.sheet,5547,2025-10-19T10:32:44Z,Bluebeam - set 1,Bluebeam - set 1,W-50-1-A0124,,PROCESSED_XLSX,GENERATED_ARTIFACT,,,ej hämtad,,UNIQUE
1r6ztcqGjIjODkR8_LW_D2Hn_NmQeYNI_,Drawings/Bluebeam - set 1/W-50-1-A-0123_processed.xlsx,W-50-1-A-0123_processed.xlsx,xlsx,application/vnd.openxmlformats-officedocument.spreadsheetml.sheet,5489,2025-10-19T10:32:44Z,Bluebeam - set 1,Bluebeam - set 1,W-50-1-A0123,,PROCESSED_XLSX,GENERATED_ARTIFACT,,,ej hämtad,,UNIQUE
1gguB0AW-CPs_-Cvh-8T9zbV2YlNtMFY3,Drawings/Bluebeam - set 1/W-50-1-A-0013_processed.xlsx,W-50-1-A-0013_processed.xlsx,xlsx,application/vnd.openxmlformats-officedocument.spreadsheetml.sheet,5229,2025-10-19T10:32:44Z,Bluebeam - set 1,Bluebeam - set 1,W-50-1-A0013,,PROCESSED_XLSX,GENERATED_ARTIFACT,,,ej hämtad,,UNIQUE
1eqHqH2rV0K93hb96j7E9xuo7iCIo4dzG,Drawings/Bluebeam - set 1/W-50-1-A-0111_processed.xlsx,W-50-1-A-0111_processed.xlsx,xlsx,application/vnd.openxmlformats-officedocument.spreadsheetml.sheet,6119,2025-10-19T10:32:44Z,Bluebeam - set 1,Bluebeam - set 1,W-50-1-A0111,,PROCESSED_XLSX,GENERATED_ARTIFACT,,,ej hämtad,,UNIQUE
1Xe73RqLZrLvx5FfIzmW2l98I_gpwsM7n,Drawings/Bluebeam - set 1/W-50-1-A-0012_processed.xlsx,W-50-1-A-0012_processed.xlsx,xlsx,application/vnd.openxmlformats-officedocument.spreadsheetml.sheet,5041,2025-10-19T10:32:44Z,Bluebeam - set 1,Bluebeam - set 1,W-50-1-A0012,,PROCESSED_XLSX,GENERATED_ARTIFACT,,,ej hämtad,,UNIQUE
1wPgoQoRYET2Cr8_lgohoDbPSKcQPYUaC,Drawings/Bluebeam - set 1/W-50-1-A-0112_processed.xlsx,W-50-1-A-0112_processed.xlsx,xlsx,application/vnd.openxmlformats-officedocument.spreadsheetml.sheet,5119,2025-10-19T10:32:44Z,Bluebeam - set 1,Bluebeam - set 1,W-50-1-A0112,,PROCESSED_XLSX,GENERATED_ARTIFACT,,,ej hämtad,,UNIQUE
1bPwPyM1m7B3IRGkrGPazXNseOIGS3ZmN,Drawings/Bluebeam - set 1/W-50-1-A-0011_processed.xlsx,W-50-1-A-0011_processed.xlsx,xlsx,application/vnd.openxmlformats-officedocument.spreadsheetml.sheet,5289,2025-10-19T10:32:44Z,Bluebeam - set 1,Bluebeam - set 1,W-50-1-A0011,,PROCESSED_XLSX,GENERATED_ARTIFACT,,,ej hämtad,,UNIQUE
15Nu3sNx2EqnratH7eWediN6er6LiqX3b,Drawings/Bluebeam - set 1/W-50-1-A-0114_processed.xlsx,W-50-1-A-0114_processed.xlsx,xlsx,application/vnd.openxmlformats-officedocument.spreadsheetml.sheet,5563,2025-10-19T10:32:44Z,Bluebeam - set 1,Bluebeam - set 1,W-50-1-A0114,,PROCESSED_XLSX,GENERATED_ARTIFACT,,,ej hämtad,,UNIQUE
1X93i0dxrGJJlUpaE0yHCDpxljp2OrDTs,Drawings/Bluebeam - set 1/W-50-1-A-0113_processed.xlsx,W-50-1-A-0113_processed.xlsx,xlsx,application/vnd.openxmlformats-officedocument.spreadsheetml.sheet,6000,2025-10-19T10:32:44Z,Bluebeam - set 1,Bluebeam - set 1,W-50-1-A0113,,PROCESSED_XLSX,GENERATED_ARTIFACT,,,ej hämtad,,UNIQUE
13KaHpBeVqASOB9cP2-KpK96tzrFiUsnV,Drawings/Bluebeam - set 1/W-50-1-A-0011.xlsx,W-50-1-A-0011.xlsx,xlsx,application/vnd.openxmlformats-officedocument.spreadsheetml.sheet,25354,2025-09-24T09:39:50Z,Bluebeam - set 1,Bluebeam - set 1,W-50-1-A0011,,XLSX_FACIT,DEVELOPMENT,validation_A/facit.xlsx,b87a79d7d5ebb2de5dd0477a36fb3f8831f6ca08044d7f7d3b0c726b5c7a770a,"lokal kopia, samma storlek och typ",FACIT_NAMES_THIS_SHEET,UNIQUE
10C60T2cY2Y516BhM79PluhSOOyiUV_jn,Drawings/Bluebeam - set 1/W-50-1-A-0111.xlsx,W-50-1-A-0111.xlsx,xlsx,application/vnd.openxmlformats-officedocument.spreadsheetml.sheet,48132,2025-09-23T09:26:58Z,Bluebeam - set 1,Bluebeam - set 1,W-50-1-A0111,,XLSX_FACIT,VALIDATION,,,ej hämtad,,UNIQUE
11LDu7_degFio9mx6KmAITfNswtb4rkHh,Drawings/Bluebeam - set 1/W-50-1-A-0131.xlsx,W-50-1-A-0131.xlsx,xlsx,application/vnd.openxmlformats-officedocument.spreadsheetml.sheet,23102,2025-09-23T09:33:06Z,Bluebeam - set 1,Bluebeam - set 1,W-50-1-A0131,,XLSX_FACIT,VALIDATION,,,ej hämtad,,UNIQUE
1Dm0u3BGi1tzdfoHtXs872NnD2i4yh3Wk,Drawings/Bluebeam - set 1/W-50-1-A-0023.xlsx,W-50-1-A-0023.xlsx,xlsx,application/vnd.openxmlformats-officedocument.spreadsheetml.sheet,16701,2025-09-23T09:22:08Z,Bluebeam - set 1,Bluebeam - set 1,W-50-1-A0023,,XLSX_FACIT,VALIDATION,,,ej hämtad,,UNIQUE
1HaCs9RbfWHZy2Yy5VngZ7kAbdlSC3zPL,Drawings/Bluebeam - set 1/W-50-1-A-0014.xlsx,W-50-1-A-0014.xlsx,xlsx,application/vnd.openxmlformats-officedocument.spreadsheetml.sheet,18168,2025-09-23T09:19:52Z,Bluebeam - set 1,Bluebeam - set 1,W-50-1-A0014,,XLSX_FACIT,DEVELOPMENT,validation_E/facit.xlsx,e210a9e1bb502a63b0133ec086ba8f0a7b40e730bda9fe2394987ff8cfd4e19a,"lokal kopia, samma storlek och typ",FACIT_NAMES_THIS_SHEET ALSO:W501A0014SEWAGE,UNIQUE
1gLjcI8vK4B10oaf2IqS0zwlr7LDkWmW-,Drawings/Bluebeam - set 1/W-50-1-A-0034.xlsx,W-50-1-A-0034.xlsx,xlsx,application/vnd.openxmlformats-officedocument.spreadsheetml.sheet,15396,2025-09-23T09:26:12Z,Bluebeam - set 1,Bluebeam - set 1,W-50-1-A0034,,XLSX_FACIT,VALIDATION,,,ej hämtad,,UNIQUE
1QDzOy0Fpk14SJI6dIB3_eqblY4are7el,Drawings/Bluebeam - set 1/W-50-1-A-0033.xlsx,W-50-1-A-0033.xlsx,xlsx,application/vnd.openxmlformats-officedocument.spreadsheetml.sheet,17559,2025-09-23T09:25:24Z,Bluebeam - set 1,Bluebeam - set 1,W-50-1-A0033,,XLSX_FACIT,VALIDATION,,,ej hämtad,,UNIQUE
1GoTpSctN3070OowW3XoGgqMEy4AEGK68,Drawings/Bluebeam - set 1/W-50-1-A-0022.xlsx,W-50-1-A-0022.xlsx,xlsx,application/vnd.openxmlformats-officedocument.spreadsheetml.sheet,17311,2025-09-23T09:21:24Z,Bluebeam - set 1,Bluebeam - set 1,W-50-1-A0022,,XLSX_FACIT,VALIDATION,,,ej hämtad,,UNIQUE
1of4JfCr-h-Ksm0bDlbCul4JBrHe2bMK5,Drawings/Bluebeam - set 1/W-50-1-A-0013.xlsx,W-50-1-A-0013.xlsx,xlsx,application/vnd.openxmlformats-officedocument.spreadsheetml.sheet,20624,2025-09-23T09:18:54Z,Bluebeam - set 1,Bluebeam - set 1,W-50-1-A0013,,XLSX_FACIT,DEVELOPMENT,validation_D/facit.xlsx,3de69004de274aa170d1d583a4766b11aa85c4e45de307cb84bf45f30191e15b,"lokal kopia, samma storlek och typ",FACIT_NAMES_THIS_SHEET,UNIQUE
16Iix6TYb0a_Du7IWzRjdLwRIF6IovBCe,Drawings/Bluebeam - set 1/W-50-1-A-0121.xlsx,W-50-1-A-0121.xlsx,xlsx,application/vnd.openxmlformats-officedocument.spreadsheetml.sheet,23109,2025-09-23T09:29:58Z,Bluebeam - set 1,Bluebeam - set 1,W-50-1-A0121,,XLSX_FACIT,VALIDATION,,,ej hämtad,,UNIQUE
1ITLdDrSTfkFHa1WVnmS_NvrTF4As5z6N,Drawings/Bluebeam - set 1/W-50-1-A-0032.xlsx,W-50-1-A-0032.xlsx,xlsx,application/vnd.openxmlformats-officedocument.spreadsheetml.sheet,19651,2025-09-23T09:24:20Z,Bluebeam - set 1,Bluebeam - set 1,W-50-1-A0032,,XLSX_FACIT,VALIDATION,,,ej hämtad,,UNIQUE
1_mDPG-eDBCDXdxC9k1zSjDv7IN8TPNQQ,Drawings/Bluebeam - set 1/W-50-1-A-0024.xlsx,W-50-1-A-0024.xlsx,xlsx,application/vnd.openxmlformats-officedocument.spreadsheetml.sheet,19637,2025-09-23T09:22:56Z,Bluebeam - set 1,Bluebeam - set 1,W-50-1-A0024,,XLSX_FACIT,VALIDATION,,,ej hämtad,,UNIQUE
1SWyZtJAuiNN9EZO_nZJuqDyaI6CIscvl,Drawings/Bluebeam - set 1/W-50-1-A-0012.xlsx,W-50-1-A-0012.xlsx,xlsx,application/vnd.openxmlformats-officedocument.spreadsheetml.sheet,13700,2025-09-23T09:17:02Z,Bluebeam - set 1,Bluebeam - set 1,W-50-1-A0012,,XLSX_FACIT,DEVELOPMENT,validation_C/facit.xlsx,cfd8a5db4b519f6687c8db871c97f3717e7108da1e69a46eff3fe1f1c5a102f9,"lokal kopia, samma storlek och typ",FACIT_NAMES_THIS_SHEET ALSO:W501A0012SEWAGE,UNIQUE
1eUi4k5quEDh1DSSEwpKTS9eNJqNDjblo,Drawings/Bluebeam - set 1/W-50-1-A-0123.xlsx,W-50-1-A-0123.xlsx,xlsx,application/vnd.openxmlformats-officedocument.spreadsheetml.sheet,29439,2025-09-23T09:31:42Z,Bluebeam - set 1,Bluebeam - set 1,W-50-1-A0123,,XLSX_FACIT,VALIDATION,,,ej hämtad,,UNIQUE
1DBNyU6zsyJtGNdGRf97vjHGNdS-IvTIT,Drawings/Bluebeam - set 1/W-50-1-A-0122.xlsx,W-50-1-A-0122.xlsx,xlsx,application/vnd.openxmlformats-officedocument.spreadsheetml.sheet,34166,2025-09-23T09:31:02Z,Bluebeam - set 1,Bluebeam - set 1,W-50-1-A0122,,XLSX_FACIT,VALIDATION,,,ej hämtad,,UNIQUE
1Itslpgj-M0nQHZzyy-E4tjGVs_3ktWRh,Drawings/Bluebeam - set 1/W-50-1-A-0114.xlsx,W-50-1-A-0114.xlsx,xlsx,application/vnd.openxmlformats-officedocument.spreadsheetml.sheet,29313,2025-09-23T09:29:14Z,Bluebeam - set 1,Bluebeam - set 1,W-50-1-A0114,,XLSX_FACIT,VALIDATION,,,ej hämtad,,UNIQUE
1GH21H5xoz6rkYZzu1kY2VUZ615V_Zrkx,Drawings/Bluebeam - set 1/W-50-1-A-0133.xlsx,W-50-1-A-0133.xlsx,xlsx,application/vnd.openxmlformats-officedocument.spreadsheetml.sheet,29318,2025-09-23T09:34:28Z,Bluebeam - set 1,Bluebeam - set 1,W-50-1-A0133,,XLSX_FACIT,VALIDATION,,,ej hämtad,,UNIQUE
1ctBSjVA3Q7bLpKPp9SFHow_mrTJKN81J,Drawings/Bluebeam - set 1/W-50-1-A-0031.xlsx,W-50-1-A-0031.xlsx,xlsx,application/vnd.openxmlformats-officedocument.spreadsheetml.sheet,13868,2025-09-23T09:23:36Z,Bluebeam - set 1,Bluebeam - set 1,W-50-1-A0031,,XLSX_FACIT,VALIDATION,,,ej hämtad,,UNIQUE
1q4ZOQ7SwPqQ9jdH0jmTkWHmdqETVyP-0,Drawings/Bluebeam - set 1/W-50-1-A-0021.xlsx,W-50-1-A-0021.xlsx,xlsx,application/vnd.openxmlformats-officedocument.spreadsheetml.sheet,14631,2025-09-23T09:20:40Z,Bluebeam - set 1,Bluebeam - set 1,W-50-1-A0021,,XLSX_FACIT,VALIDATION,,,ej hämtad,,UNIQUE
1re_wEInmROwsoabTJRHUT9_e2UtfgSL7,Drawings/Bluebeam - set 1/W-50-1-A-0113.xlsx,W-50-1-A-0113.xlsx,xlsx,application/vnd.openxmlformats-officedocument.spreadsheetml.sheet,40978,2025-09-23T09:28:32Z,Bluebeam - set 1,Bluebeam - set 1,W-50-1-A0113,,XLSX_FACIT,VALIDATION,,,ej hämtad,,UNIQUE
1ehj13u3ruRJ_IvFJ_NudMmqwH8qvLawg,Drawings/Bluebeam - set 1/W-50-1-A-0112.xlsx,W-50-1-A-0112.xlsx,xlsx,application/vnd.openxmlformats-officedocument.spreadsheetml.sheet,20270,2025-09-23T09:27:46Z,Bluebeam - set 1,Bluebeam - set 1,W-50-1-A0112,,XLSX_FACIT,VALIDATION,,,ej hämtad,,UNIQUE
1pNKABxN7Rs3Im6NPGuVoV2GZBNatlXno,Drawings/Bluebeam - set 1/W-50-1-A-0132.xlsx,W-50-1-A-0132.xlsx,xlsx,application/vnd.openxmlformats-officedocument.spreadsheetml.sheet,39197,2025-09-23T09:33:46Z,Bluebeam - set 1,Bluebeam - set 1,W-50-1-A0132,,XLSX_FACIT,VALIDATION,,,ej hämtad,,UNIQUE
1pteNScZD1gZRZ-shH3ff9vuo6NiQgEbz,Drawings/Bluebeam - set 1/W-50-1-A-0124.xlsx,W-50-1-A-0124.xlsx,xlsx,application/vnd.openxmlformats-officedocument.spreadsheetml.sheet,25401,2025-09-23T09:32:26Z,Bluebeam - set 1,Bluebeam - set 1,W-50-1-A0124,,XLSX_FACIT,VALIDATION,,,ej hämtad,,UNIQUE
1tO8Xrs4I7nzwYsKQod6WK9UmnYbNpsDP,Drawings/Bluebeam - set 1/W-50-1-A-0133.xml,W-50-1-A-0133.xml,xml,text/xml,139360,2025-09-15T00:19:02Z,Bluebeam - set 1,Bluebeam - set 1,W-50-1-A0133,,BLUEBEAM_XML,VALIDATION,,,ej hämtad,,UNIQUE
1PLB0gLAN4OhU_hrBHfPXQIb8Pxlce0xf,Drawings/Bluebeam - set 1/clear/W-50-1-A-0113.pdf,W-50-1-A-0113.pdf,pdf,application/pdf,943327,2025-09-10T04:55:16Z,Bluebeam - set 1/clear,Bluebeam - set 1,W-50-1-A0113,,CLEAN_ORIGINAL_CANDIDATE,,,,ej hämtad,,4_VERSIONS_BY_SIZE
159CjnpEcmdhhjrJB_xtC92S6EEEzkVmm,Drawings/Bluebeam - set 1/W-50-1-A-0133.pdf,W-50-1-A-0133.pdf,pdf,application/pdf,1055656,2025-09-15T00:18:48Z,Bluebeam - set 1,Bluebeam - set 1,W-50-1-A0133,,MARKED_REFERENCE_CANDIDATE,VALIDATION,,,ej hämtad,,2_VERSIONS_BY_SIZE
1_Pce6JYtJK7_0iY2IZdxYmedQ21aOFPv,Drawings/Bluebeam - set 1/W-50-1-A-0131.pdf,W-50-1-A-0131.pdf,pdf,application/pdf,952568,2025-09-11T23:25:00Z,Bluebeam - set 1,Bluebeam - set 1,W-50-1-A0131,,MARKED_REFERENCE_CANDIDATE,VALIDATION,,,ej hämtad,,2_VERSIONS_BY_SIZE
1VyPi-ssjGCJS8ruYo2tgX-NvTAyFescy,Drawings/Bluebeam - set 1/W-50-1-A-0132.xml,W-50-1-A-0132.xml,xml,text/xml,225040,2025-09-12T00:26:44Z,Bluebeam - set 1,Bluebeam - set 1,W-50-1-A0132,,BLUEBEAM_XML,VALIDATION,,,ej hämtad,,UNIQUE
1N9pOt5TFF2nYTkPB9XYrYJvjPAz9jtt3,Drawings/Bluebeam - set 1/W-50-1-A-0124.pdf,W-50-1-A-0124.pdf,pdf,application/pdf,1034712,2025-09-11T22:23:56Z,Bluebeam - set 1,Bluebeam - set 1,W-50-1-A0124,,MARKED_REFERENCE_CANDIDATE,VALIDATION,,,ej hämtad,,2_VERSIONS_BY_SIZE
1q2h_3hCNNLEG8F4gCmVvHOyfrVSCeTSC,Drawings/Bluebeam - set 1/W-50-1-A-0131.xml,W-50-1-A-0131.xml,xml,text/xml,86372,2025-09-11T23:25:10Z,Bluebeam - set 1,Bluebeam - set 1,W-50-1-A0131,,BLUEBEAM_XML,VALIDATION,,,ej hämtad,,UNIQUE
17rt_USyj4j_LujGzfbQgCBc9Ku6vXvNd,Drawings/Bluebeam - set 1/W-50-1-A-0122.xml,W-50-1-A-0122.xml,xml,text/xml,183162,2025-09-11T21:06:42Z,Bluebeam - set 1,Bluebeam - set 1,W-50-1-A0122,,BLUEBEAM_XML,VALIDATION,,,ej hämtad,,UNIQUE
1cnVBm_qrX3jfmqJJjGdqE7TZUTWr9475,Drawings/Bluebeam - set 1/W-50-1-A-0124.xml,W-50-1-A-0124.xml,xml,text/xml,105719,2025-09-11T22:24:20Z,Bluebeam - set 1,Bluebeam - set 1,W-50-1-A0124,,BLUEBEAM_XML,VALIDATION,,,ej hämtad,,UNIQUE
1QkdPDrZluYM3KbXnPHbhOn-XXQegfCPk,Drawings/Bluebeam - set 1/W-50-1-A-0123.xml,W-50-1-A-0123.xml,xml,text/xml,141683,2025-09-11T21:44:50Z,Bluebeam - set 1,Bluebeam - set 1,W-50-1-A0123,,BLUEBEAM_XML,VALIDATION,,,ej hämtad,,UNIQUE
1Yh8rvAjd1DaJmQPVkDFKTKkQuenYHkNR,Drawings/Bluebeam - set 1/W-50-1-A-0114.xml,W-50-1-A-0114.xml,xml,text/xml,137450,2025-09-11T02:54:22Z,Bluebeam - set 1,Bluebeam - set 1,W-50-1-A0114,,BLUEBEAM_XML,VALIDATION,,,ej hämtad,,UNIQUE
1XJap5kXe2Q1kfbbNw0TpgMjCmdAEb8si,Drawings/Bluebeam - set 1/W-50-1-A-0111.xml,W-50-1-A-0111.xml,xml,text/xml,295027,2025-09-11T03:52:28Z,Bluebeam - set 1,Bluebeam - set 1,W-50-1-A0111,,BLUEBEAM_XML,VALIDATION,,,ej hämtad,,UNIQUE
1UGnP8VajlyTrzgn1qbS4y23URpm3bqAN,Drawings/Bluebeam - set 1/W-50-1-A-0121.xml,W-50-1-A-0121.xml,xml,text/xml,87468,2025-09-11T03:13:56Z,Bluebeam - set 1,Bluebeam - set 1,W-50-1-A0121,,BLUEBEAM_XML,VALIDATION,,,ej hämtad,,UNIQUE
1Ic609jYcG388SzkJ7YXL2qYA853EBpJ3,Drawings/Bluebeam - set 1/W-50-1-A-0121.pdf,W-50-1-A-0121.pdf,pdf,application/pdf,858240,2025-09-11T03:13:40Z,Bluebeam - set 1,Bluebeam - set 1,W-50-1-A0121,,MARKED_REFERENCE_CANDIDATE,VALIDATION,,,ej hämtad,,2_VERSIONS_BY_SIZE
1vzinSwxaPm4-5biaWuDhQVeMrdTdOkV1,Drawings/Bluebeam - set 1/W-50-1-A-0123.pdf,W-50-1-A-0123.pdf,pdf,application/pdf,1080456,2025-09-11T21:44:34Z,Bluebeam - set 1,Bluebeam - set 1,W-50-1-A0123,,MARKED_REFERENCE_CANDIDATE,VALIDATION,,,ej hämtad,,2_VERSIONS_BY_SIZE
1XQ2HCm8SXfrzYr8r6g4wrrUtrSUtTTE_,Drawings/Bluebeam - set 1/W-50-1-A-0113.xml,W-50-1-A-0113.xml,xml,text/xml,235852,2025-09-10T23:53:42Z,Bluebeam - set 1,Bluebeam - set 1,W-50-1-A0113,,BLUEBEAM_XML,VALIDATION,,,ej hämtad,,UNIQUE
1kjR4tkyCAKdTQTTDRpjQYRYmjffIkuOF,Drawings/Bluebeam - set 1/W-50-1-A-0132.pdf,W-50-1-A-0132.pdf,pdf,application/pdf,1557576,2025-09-12T00:26:28Z,Bluebeam - set 1,Bluebeam - set 1,W-50-1-A0132,,MARKED_REFERENCE_CANDIDATE,VALIDATION,,,ej hämtad,,2_VERSIONS_BY_SIZE
12uHeY0Cr4y3EJvdS2VAMj3T4OPozQOBt,Drawings/Bluebeam - set 1/W-50-1-A-0122.pdf,W-50-1-A-0122.pdf,pdf,application/pdf,1274995,2025-09-11T21:06:28Z,Bluebeam - set 1,Bluebeam - set 1,W-50-1-A0122,,MARKED_REFERENCE_CANDIDATE,VALIDATION,,,ej hämtad,,2_VERSIONS_BY_SIZE
1MsX6QOpHL47J0I789cuRLh0JW_NignG7,Drawings/Bluebeam - set 1/W-50-1-A-0114.pdf,W-50-1-A-0114.pdf,pdf,application/pdf,1147502,2025-09-11T02:53:56Z,Bluebeam - set 1,Bluebeam - set 1,W-50-1-A0114,,MARKED_REFERENCE_CANDIDATE,VALIDATION,,,ej hämtad,,2_VERSIONS_BY_SIZE
1XwsKVIHAtzFU8UZlDu0X2lmJyF4EDA_7,Drawings/Bluebeam - set 1/W-50-1-A-0013.pdf,W-50-1-A-0013.pdf,pdf,application/pdf,664920,2025-09-10T04:37:40Z,Bluebeam - set 1,Bluebeam - set 1,W-50-1-A0013,,MARKED_REFERENCE_CANDIDATE,DEVELOPMENT,validation_D/marked.pdf,d1231eb5f7027c88597a7e7147b9de0a9dbb92e95c84f27df063fb20ca3ce6d3,"lokal kopia, samma storlek och typ",ANNOTATED(149) ENGINE_STRIPS_ANNOTS NO_TEXT_LAYER_FOR_TITLE_BLOCK,3_VERSIONS_BY_SIZE
1ZxOTMtjhySPMz07glOJ-tB_plgNPFKMT,Drawings/Bluebeam - set 1/W-50-1-A-0011.xml,W-50-1-A-0011.xml,xml,text/xml,144598,2025-09-10T04:31:48Z,Bluebeam - set 1,Bluebeam - set 1,W-50-1-A0011,,BLUEBEAM_XML,VALIDATION,,,ej hämtad,,UNIQUE
1eR1YZe3JvW-mWd7jt_wttp4QUgYADMXq,Drawings/Bluebeam - set 1/W-50-1-A-0012.pdf,W-50-1-A-0012.pdf,pdf,application/pdf,328432,2025-09-10T04:36:12Z,Bluebeam - set 1,Bluebeam - set 1,W-50-1-A0012,,MARKED_REFERENCE_CANDIDATE,DEVELOPMENT,validation_C/marked.pdf,2b9a11a25edcd818f101cbfa3b12431e410357a46286630dd54da05c78221554,"lokal kopia, samma storlek och typ",ANNOTATED(20) ENGINE_STRIPS_ANNOTS NO_TEXT_LAYER_FOR_TITLE_BLOCK,4_VERSIONS_BY_SIZE
1acpI3QHXA8a2hxRbUGNTFKkGYXe696QN,Drawings/Bluebeam - set 1/W-50-1-A-0013.xml,W-50-1-A-0013.xml,xml,text/xml,65248,2025-09-10T04:37:44Z,Bluebeam - set 1,Bluebeam - set 1,W-50-1-A0013,,BLUEBEAM_XML,VALIDATION,,,ej hämtad,,UNIQUE
1zCTjHkdB-l_yGUFMTqWeN0YDSoV3t2_L,Drawings/Bluebeam - set 1/W-50-1-A-0113.pdf,W-50-1-A-0113.pdf,pdf,application/pdf,1395621,2025-09-10T23:54:04Z,Bluebeam - set 1,Bluebeam - set 1,W-50-1-A0113,,MARKED_REFERENCE_CANDIDATE,VALIDATION,,,ej hämtad,,4_VERSIONS_BY_SIZE
1CnVSgkV6CaDZCHyIxNBNeAHlduU8pW6A,Drawings/Bluebeam - set 1/W-50-1-A-0012 .xml,W-50-1-A-0012 .xml,xml,text/xml,9042,2025-09-10T04:36:02Z,Bluebeam - set 1,Bluebeam - set 1,W-50-1-A0012,,BLUEBEAM_XML,VALIDATION,,,ej hämtad,,UNIQUE
1OYkhI-UImGuDhZz9k0L_CMtfTALo2TEX,Drawings/Bluebeam - set 1/W-50-1-A-0111.pdf,W-50-1-A-0111.pdf,pdf,application/pdf,1902016,2025-09-10T04:24:50Z,Bluebeam - set 1,Bluebeam - set 1,W-50-1-A0111,,MARKED_REFERENCE_CANDIDATE,VALIDATION,,,ej hämtad,,2_VERSIONS_BY_SIZE
1c9xLYijrxX-eDMYeqvxjgN7u4GAG1R90,Drawings/Bluebeam - set 1/W-50-1-A-0014.xml,W-50-1-A-0014.xml,xml,text/xml,46083,2025-09-02T04:43:28Z,Bluebeam - set 1,Bluebeam - set 1,W-50-1-A0014,,BLUEBEAM_XML,VALIDATION,,,ej hämtad,,UNIQUE
1VXPPJm9KSjr3Wvx7AI3JXairn08hdlWF,Drawings/Bluebeam - set 1/W-50-1-A-0112.xml,W-50-1-A-0112.xml,xml,text/xml,63595,2025-09-02T04:47:20Z,Bluebeam - set 1,Bluebeam - set 1,W-50-1-A0112,,BLUEBEAM_XML,VALIDATION,,,ej hämtad,,UNIQUE
1LkG4XYQ6QKjhUHOZQBawtL5KUstT3zi7,Drawings/Bluebeam - set 1/W-50-1-A-0023.xml,W-50-1-A-0023.xml,xml,text/xml,33976,2025-09-02T04:44:30Z,Bluebeam - set 1,Bluebeam - set 1,W-50-1-A0023,,BLUEBEAM_XML,VALIDATION,,,ej hämtad,,UNIQUE
1hpMrbf4GDsP7k4fAQXu9NRWbwFf4cbRr,Drawings/Bluebeam - set 1/W-50-1-A-0022.xml,W-50-1-A-0022.xml,xml,text/xml,38520,2025-09-02T04:44:02Z,Bluebeam - set 1,Bluebeam - set 1,W-50-1-A0022,,BLUEBEAM_XML,VALIDATION,,,ej hämtad,,UNIQUE
1Q5qC0b14fC7q4J1imrovS9lfoam2OlMy,Drawings/Bluebeam - set 1/W-50-1-A-0034.xml,W-50-1-A-0034.xml,xml,text/xml,22610,2025-09-02T04:45:52Z,Bluebeam - set 1,Bluebeam - set 1,W-50-1-A0034,,BLUEBEAM_XML,VALIDATION,,,ej hämtad,,UNIQUE
1hDQ_CKP2yXMY9I4h_DvCneBJxDaGcmag,Drawings/Bluebeam - set 1/W-50-1-A-0021.xml,W-50-1-A-0021.xml,xml,text/xml,16408,2025-09-02T04:43:46Z,Bluebeam - set 1,Bluebeam - set 1,W-50-1-A0021,,BLUEBEAM_XML,VALIDATION,,,ej hämtad,,UNIQUE
1eYtIe9SbL_Zwl3Y1IthFEKVpdExdaTZv,Drawings/Bluebeam - set 1/W-50-1-A-0024.xml,W-50-1-A-0024.xml,xml,text/xml,58178,2025-09-02T04:44:52Z,Bluebeam - set 1,Bluebeam - set 1,W-50-1-A0024,,BLUEBEAM_XML,VALIDATION,,,ej hämtad,,UNIQUE
1PyKi9DPGgA7C698dnUHgUmuI1cbdBbUx,Drawings/Bluebeam - set 1/W-50-1-A-0031.xml,W-50-1-A-0031.xml,xml,text/xml,10393,2025-09-02T04:45:08Z,Bluebeam - set 1,Bluebeam - set 1,W-50-1-A0031,,BLUEBEAM_XML,VALIDATION,,,ej hämtad,,UNIQUE
1YOUtiIaINUaSRZMWlleomXO-EIhzjNcC,Drawings/Bluebeam - set 1/W-50-1-A-0032.xml,W-50-1-A-0032.xml,xml,text/xml,57992,2025-09-02T04:45:22Z,Bluebeam - set 1,Bluebeam - set 1,W-50-1-A0032,,BLUEBEAM_XML,VALIDATION,,,ej hämtad,,UNIQUE
1ulcH9OrjX4yMA8t0HIc_Vx55xhfSaV8V,Drawings/Bluebeam - set 1/W-50-1-A-0033.xml,W-50-1-A-0033.xml,xml,text/xml,40734,2025-09-02T04:45:36Z,Bluebeam - set 1,Bluebeam - set 1,W-50-1-A0033,,BLUEBEAM_XML,VALIDATION,,,ej hämtad,,UNIQUE
1t5tJr5eZH8iPWsJFm-lH0gHuwXrKRRf2,Drawings/Bluebeam - set 1/W-50-1-A-0112.pdf,W-50-1-A-0112.pdf,pdf,application/pdf,696310,2025-08-28T00:39:28Z,Bluebeam - set 1,Bluebeam - set 1,W-50-1-A0112,,MARKED_REFERENCE_CANDIDATE,VALIDATION,,,ej hämtad,,2_VERSIONS_BY_SIZE
1dTaQeuEEzI8d8uRLb6li0caOO-0ltbRT,Drawings/Bluebeam - set 1/clear/W-50-1-A-0012.pdf,W-50-1-A-0012.pdf,pdf,application/pdf,304789,2025-08-21T02:01:46Z,Bluebeam - set 1/clear,Bluebeam - set 1,W-50-1-A0012,,CLEAN_ORIGINAL_CANDIDATE,DEVELOPMENT,validation_C/marked_v1.pdf,217ebdf2f0a28c4656b17596210dc43be37e51ae150e85101327c81645eacd2d,"lokal kopia, samma storlek och typ",ANNOTATED(7) ENGINE_STRIPS_ANNOTS NO_TEXT_LAYER_FOR_TITLE_BLOCK,4_VERSIONS_BY_SIZE
1hkulQkGVh-ruB6J_2kQdhxdmLqtvUnYG,Drawings/Bluebeam - set 1/W-50-1-A-0034.pdf,W-50-1-A-0034.pdf,pdf,application/pdf,392784,2025-08-21T22:42:36Z,Bluebeam - set 1,Bluebeam - set 1,W-50-1-A0034,,MARKED_REFERENCE_CANDIDATE,VALIDATION,,,ej hämtad,,2_VERSIONS_BY_SIZE
1OEXUXgFgujh3hD91z-BCctv2H40hcptD,Drawings/Bluebeam - set 1/W-50-1-A-0032.pdf,W-50-1-A-0032.pdf,pdf,application/pdf,554911,2025-08-21T22:33:16Z,Bluebeam - set 1,Bluebeam - set 1,W-50-1-A0032,,MARKED_REFERENCE_CANDIDATE,VALIDATION,,,ej hämtad,,2_VERSIONS_BY_SIZE
1jzTUo7ezbPX6dy3MAgKuAGxgANo2OK7N,Drawings/Bluebeam - set 1/W-50-1-A-0033.pdf,W-50-1-A-0033.pdf,pdf,application/pdf,434691,2025-08-21T22:39:00Z,Bluebeam - set 1,Bluebeam - set 1,W-50-1-A0033,,MARKED_REFERENCE_CANDIDATE,VALIDATION,,,ej hämtad,,3_VERSIONS_BY_SIZE
1tL7Gx6BOvaX-Zhp_g_AZ_tbrGBhDX_kL,Drawings/Bluebeam - set 1/W-50-1-A-0024.pdf,W-50-1-A-0024.pdf,pdf,application/pdf,572059,2025-08-21T22:01:20Z,Bluebeam - set 1,Bluebeam - set 1,W-50-1-A0024,,MARKED_REFERENCE_CANDIDATE,VALIDATION,,,ej hämtad,,3_VERSIONS_BY_SIZE
1AhM_AB-aCUAflcfMMMI3i8eCa4pXoEjI,Drawings/Bluebeam - set 1/W-50-1-A-0031.pdf,W-50-1-A-0031.pdf,pdf,application/pdf,355973,2025-08-21T22:23:18Z,Bluebeam - set 1,Bluebeam - set 1,W-50-1-A0031,,MARKED_REFERENCE_CANDIDATE,VALIDATION,,,ej hämtad,,2_VERSIONS_BY_SIZE
1_RnXD7KwxQ5-Ru6wPCdpnCsNXvnmeOyu,Drawings/Bluebeam - set 1/W-50-1-A-0014.pdf,W-50-1-A-0014.pdf,pdf,application/pdf,550132,2025-08-21T02:34:28Z,Bluebeam - set 1,Bluebeam - set 1,W-50-1-A0014,,MARKED_REFERENCE_CANDIDATE,DEVELOPMENT,validation_E/marked.pdf,d76d752786cc12f5c56e86858191c95b4a30acdd9fe381da25f8e6baf573368a,"lokal kopia, samma storlek och typ",ANNOTATED(100) ENGINE_STRIPS_ANNOTS NO_TEXT_LAYER_FOR_TITLE_BLOCK,2_VERSIONS_BY_SIZE
1EaaNaM1kCWDQkI9eukTfxnPKIVLgo7sk,Drawings/Bluebeam - set 1/W-50-1-A-0023.pdf,W-50-1-A-0023.pdf,pdf,application/pdf,445901,2025-08-21T02:52:50Z,Bluebeam - set 1,Bluebeam - set 1,W-50-1-A0023,,MARKED_REFERENCE_CANDIDATE,VALIDATION,,,ej hämtad,,2_VERSIONS_BY_SIZE
1OtkvvUxbsq119A-QMJNr-dgDogxmSOU5,Drawings/Bluebeam - set 1/W-50-1-A-0021.pdf,W-50-1-A-0021.pdf,pdf,application/pdf,379600,2025-08-21T02:37:34Z,Bluebeam - set 1,Bluebeam - set 1,W-50-1-A0021,,MARKED_REFERENCE_CANDIDATE,VALIDATION,,,ej hämtad,,3_VERSIONS_BY_SIZE
1l6eE3xphwvI9H9SxLOgPONZrrLPC1Qc-,Drawings/Bluebeam - set 1/clear/W-50-1-A-0014.pdf,W-50-1-A-0014.pdf,pdf,application/pdf,312115,2024-12-11T04:08:42Z,Bluebeam - set 1/clear,Bluebeam - set 1,W-50-1-A0014,,CLEAN_ORIGINAL_CANDIDATE,DEVELOPMENT,cvat/CVAT/W-50-1-A-0014.pdf,d0242e5f34c3be1799be58a0800239838fb2474ea36b59560c63974c6600760e,"lokal kopia, samma namn och storlek",NO_ANNOTATIONS NO_TEXT_LAYER_FOR_TITLE_BLOCK,2_VERSIONS_BY_SIZE_x3
1LuJiovETC97AzjSG7hyveCTD-vTrCK-r,Drawings/Bluebeam - set 1/clear/W-50-1-A-0111.pdf,W-50-1-A-0111.pdf,pdf,application/pdf,798712,2024-12-11T04:06:04Z,Bluebeam - set 1/clear,Bluebeam - set 1,W-50-1-A0111,,CLEAN_ORIGINAL_CANDIDATE,DEVELOPMENT,cvat/CVAT/W-50-1-A-0111.pdf,9e825bc058e304541f4d4f9696d2c9ebc080ac742fd2529335d6a182b346febe,"lokal kopia, samma namn och storlek",NO_ANNOTATIONS NO_TEXT_LAYER_FOR_TITLE_BLOCK,2_VERSIONS_BY_SIZE_x3
18Ny6J4XjFSZ20eLcRvDSBNZs28Xx6arD,Drawings/Bluebeam - set 1/clear/W-50-1-A-0114.pdf,W-50-1-A-0114.pdf,pdf,application/pdf,618886,2024-12-11T04:09:16Z,Bluebeam - set 1/clear,Bluebeam - set 1,W-50-1-A0114,,CLEAN_ORIGINAL_CANDIDATE,DEVELOPMENT,cvat/CVAT/W-50-1-A-0114.pdf,61e5d07b2e3a7136d6ff6c74735d6afce8dc359470a2e8ceb5468325027c59f0,"lokal kopia, samma namn och storlek",NO_ANNOTATIONS NO_TEXT_LAYER_FOR_TITLE_BLOCK,2_VERSIONS_BY_SIZE_x3
1BY2Ru0MjvJwbEjWcpVYdBeITnU54jw8x,Drawings/Bluebeam - set 1/clear/W-50-1-A-0132.pdf,W-50-1-A-0132.pdf,pdf,application/pdf,649855,2024-12-11T04:09:16Z,Bluebeam - set 1/clear,Bluebeam - set 1,W-50-1-A0132,,CLEAN_ORIGINAL_CANDIDATE,DEVELOPMENT,cvat/CVAT/W-50-1-A-0132.pdf,f0e1619a4557c6c00ea2cb9d9b8c1d27dc8a594739989871e0496e882f77e3e4,"lokal kopia, samma namn och storlek",NO_ANNOTATIONS NO_TEXT_LAYER_FOR_TITLE_BLOCK,2_VERSIONS_BY_SIZE_x3
1Mu6_d7cV3xcFZ1nVnmf4uZa2kG95HksE,Drawings/Bluebeam - set 1/clear/W-50-1-A-0122.pdf,W-50-1-A-0122.pdf,pdf,application/pdf,592450,2024-12-11T04:09:16Z,Bluebeam - set 1/clear,Bluebeam - set 1,W-50-1-A0122,,CLEAN_ORIGINAL_CANDIDATE,DEVELOPMENT,cvat/CVAT/W-50-1-A-0122.pdf,7e34264b8725fd9f56c3ca5cbb3fdb28a7a8266caacc0dcdf3dbc7ed6aee4a74,"lokal kopia, samma namn och storlek",NO_ANNOTATIONS NO_TEXT_LAYER_FOR_TITLE_BLOCK,2_VERSIONS_BY_SIZE_x3
1m2NEkNfO-k6C2bvatqZHovA0laypIZ4P,Drawings/Bluebeam - set 1/clear/W-50-1-A-0131.pdf,W-50-1-A-0131.pdf,pdf,application/pdf,608976,2024-12-11T04:09:16Z,Bluebeam - set 1/clear,Bluebeam - set 1,W-50-1-A0131,,CLEAN_ORIGINAL_CANDIDATE,DEVELOPMENT,styles/src/00 - skalstockar/W-50-1-A-0131.pdf,2a0ec2a4e5e53f6536f6d0e505ec36584879d038d8be01f86269afd1febd4c11,"lokal kopia, samma namn och storlek",NO_ANNOTATIONS NO_TEXT_LAYER_FOR_TITLE_BLOCK,2_VERSIONS_BY_SIZE_x5
1TUYltfUM4oj2C41LK9_L_LYgkszwWm3Y,Drawings/Bluebeam - set 1/clear/W-50-1-A-0124.pdf,W-50-1-A-0124.pdf,pdf,application/pdf,599067,2024-12-11T04:09:16Z,Bluebeam - set 1/clear,Bluebeam - set 1,W-50-1-A0124,,CLEAN_ORIGINAL_CANDIDATE,DEVELOPMENT,cvat/CVAT/W-50-1-A-0124.pdf,799af38a8835ae86c8c600268ebabee20d7f13ff92e40823f4e9f275f828dfa8,"lokal kopia, samma namn och storlek",NO_ANNOTATIONS NO_TEXT_LAYER_FOR_TITLE_BLOCK,2_VERSIONS_BY_SIZE_x3
1suEcnBpfwNLN_YPfsA7nfDh6NMQzXOuA,Drawings/Bluebeam - set 1/clear/W-50-1-A-0011.pdf,W-50-1-A-0011.pdf,pdf,application/pdf,466665,2024-12-11T04:08:42Z,Bluebeam - set 1/clear,Bluebeam - set 1,W-50-1-A0011,,CLEAN_ORIGINAL_CANDIDATE,DEVELOPMENT,cvat/CVAT/W-50-1-A-0011.pdf,c2884f3007f3764a5f566c57264acf05c830dc892d6f5087029cff745492ab5f,"lokal kopia, samma namn och storlek",NO_ANNOTATIONS NO_TEXT_LAYER_FOR_TITLE_BLOCK,3_VERSIONS_BY_SIZE_x3
1-aYwlOZ1LJAK4CeQEDefuAiqUxT2E0ts,Drawings/Bluebeam - set 1/clear/W-50-1-A-0123.pdf,W-50-1-A-0123.pdf,pdf,application/pdf,543289,2024-12-11T04:09:16Z,Bluebeam - set 1/clear,Bluebeam - set 1,W-50-1-A0123,,CLEAN_ORIGINAL_CANDIDATE,DEVELOPMENT,cvat/CVAT/W-50-1-A-0123.pdf,ae64e35d1490cdc10b2b4848a357693e91b0c169d72941c06a35a1678ceabfb7,"lokal kopia, samma namn och storlek",NO_ANNOTATIONS NO_TEXT_LAYER_FOR_TITLE_BLOCK,2_VERSIONS_BY_SIZE_x3
1wfPY0YbfgGewnsIHmNhNj2awYMU1WnDa,Drawings/Bluebeam - set 1/clear/W-50-1-A-0121.pdf,W-50-1-A-0121.pdf,pdf,application/pdf,537005,2024-12-11T04:09:16Z,Bluebeam - set 1/clear,Bluebeam - set 1,W-50-1-A0121,,CLEAN_ORIGINAL_CANDIDATE,DEVELOPMENT,cvat/CVAT/W-50-1-A-0121.pdf,f7c27df64d1eb788c6fcaf80cff86a7f851b8d9b9de4aec4b52443743d906e4e,"lokal kopia, samma namn och storlek",NO_ANNOTATIONS NO_TEXT_LAYER_FOR_TITLE_BLOCK,2_VERSIONS_BY_SIZE_x3
1Q0F0ILFLA9DzyShxgJdqGPpzhI7Da_kU,Drawings/Bluebeam - set 1/clear/W-50-1-A-0112.pdf,W-50-1-A-0112.pdf,pdf,application/pdf,423884,2024-12-11T04:08:42Z,Bluebeam - set 1/clear,Bluebeam - set 1,W-50-1-A0112,,CLEAN_ORIGINAL_CANDIDATE,DEVELOPMENT,cvat/CVAT/W-50-1-A-0112.pdf,d1f1ab42ab978562a28afe3b5f25af8139ce2c1dd60ac3a83a2a31eec1ffe2f9,"lokal kopia, samma namn och storlek",NO_ANNOTATIONS NO_TEXT_LAYER_FOR_TITLE_BLOCK,2_VERSIONS_BY_SIZE_x3
1p8JU8d1RT0-kY8X4KBeBk6munH9MlTds,Drawings/Bluebeam - set 1/clear/W-50-1-A-0034.pdf,W-50-1-A-0034.pdf,pdf,application/pdf,297064,2024-12-11T04:08:42Z,Bluebeam - set 1/clear,Bluebeam - set 1,W-50-1-A0034,,CLEAN_ORIGINAL_CANDIDATE,DEVELOPMENT,cvat/CVAT/W-50-1-A-0034.pdf,d58e8dc68fc0605bca859c8f2e5765e6e5f617892adf9fb52999fba91ee854f6,"lokal kopia, samma namn och storlek",NO_ANNOTATIONS NO_TEXT_LAYER_FOR_TITLE_BLOCK,2_VERSIONS_BY_SIZE_x3
1IKc0e4ysK_oG1fGxbg30waDLEhTIsRar,Drawings/Bluebeam - set 1/clear/W-50-1-A-0013.pdf,W-50-1-A-0013.pdf,pdf,application/pdf,337276,2024-12-11T04:08:42Z,Bluebeam - set 1/clear,Bluebeam - set 1,W-50-1-A0013,,CLEAN_ORIGINAL_CANDIDATE,DEVELOPMENT,cvat/CVAT/W-50-1-A-0013.pdf,a5c6493c92fb2a2e9a2e23aef64ac39dc4f4434a5e862083fb1de9336d5174bd,"lokal kopia, samma namn och storlek",NO_ANNOTATIONS NO_TEXT_LAYER_FOR_TITLE_BLOCK,3_VERSIONS_BY_SIZE_x3
1mSO7g6C5fONBMMHLrxrzrMHjqcoQ3z73,Drawings/Bluebeam - set 1/clear/W-50-1-A-0133.pdf,W-50-1-A-0133.pdf,pdf,application/pdf,520611,2024-12-11T04:09:16Z,Bluebeam - set 1/clear,Bluebeam - set 1,W-50-1-A0133,,CLEAN_ORIGINAL_CANDIDATE,DEVELOPMENT,cvat/CVAT/W-50-1-A-0133.pdf,aae9ab15830c08ab379fe5f1e1580d1dbf1a88dcbcd227b1bc2066d004ce9688,"lokal kopia, samma namn och storlek",NO_ANNOTATIONS NO_TEXT_LAYER_FOR_TITLE_BLOCK,2_VERSIONS_BY_SIZE_x3
1m1uxMyCFceaG4B5azWmGbwQA2eVcQzSW,Drawings/Bluebeam - set 1/clear/W-50-1-A-0031.pdf,W-50-1-A-0031.pdf,pdf,application/pdf,307125,2024-12-11T04:08:42Z,Bluebeam - set 1/clear,Bluebeam - set 1,W-50-1-A0031,,CLEAN_ORIGINAL_CANDIDATE,DEVELOPMENT,cvat/CVAT/W-50-1-A-0031.pdf,2e8196ba551e1e9d9f807b4464606ccb951370f6aa5696274f2b7eba0a08441a,"lokal kopia, samma namn och storlek",NO_ANNOTATIONS NO_TEXT_LAYER_FOR_TITLE_BLOCK,2_VERSIONS_BY_SIZE_x3
1PYg4u6PRvPKw1TRAgPRig5B8LiyKXqL0,Drawings/Bluebeam - set 1/clear/W-50-1-A-0021.pdf,W-50-1-A-0021.pdf,pdf,application/pdf,303499,2024-12-11T04:08:42Z,Bluebeam - set 1/clear,Bluebeam - set 1,W-50-1-A0021,,CLEAN_ORIGINAL_CANDIDATE,DEVELOPMENT,cvat/CVAT/W-50-1-A-0021.pdf,3f245a29bf30e8457758d66754bf5b0cf384b1ee2ed895e9ced6678ae8672e4d,"lokal kopia, samma namn och storlek",NO_ANNOTATIONS NO_TEXT_LAYER_FOR_TITLE_BLOCK,3_VERSIONS_BY_SIZE_x3
1NLN-pskyn5cCvPyFh4tZjkOyl4GfSOco,Drawings/Bluebeam - set 1/clear/W-50-1-A-0032.pdf,W-50-1-A-0032.pdf,pdf,application/pdf,278267,2024-12-11T04:08:42Z,Bluebeam - set 1/clear,Bluebeam - set 1,W-50-1-A0032,,CLEAN_ORIGINAL_CANDIDATE,DEVELOPMENT,cvat/CVAT/W-50-1-A-0032.pdf,6a1bd88d6404651217ac1428b35651c21268dd3dc574243dd8052ab9b37a575e,"lokal kopia, samma namn och storlek",NO_ANNOTATIONS NO_TEXT_LAYER_FOR_TITLE_BLOCK,2_VERSIONS_BY_SIZE_x3
11qhuQvDow1zhVUx15uaxwCdMk2Dfq5EP,Drawings/Bluebeam - set 1/clear/W-50-1-A-0024.pdf,W-50-1-A-0024.pdf,pdf,application/pdf,310332,2024-12-11T04:08:42Z,Bluebeam - set 1/clear,Bluebeam - set 1,W-50-1-A0024,,CLEAN_ORIGINAL_CANDIDATE,DEVELOPMENT,cvat/CVAT/W-50-1-A-0024.pdf,f52aae17d88a11c8bcada7883f382a2e8457a707764373d7c06b1c67a07b90b8,"lokal kopia, samma namn och storlek",NO_ANNOTATIONS NO_TEXT_LAYER_FOR_TITLE_BLOCK,3_VERSIONS_BY_SIZE_x3
10kp0pL147KSZMrcAVGKc3fd6euzdUSc4,Drawings/Bluebeam - set 1/clear/W-50-1-A-0022.pdf,W-50-1-A-0022.pdf,pdf,application/pdf,295865,2024-12-11T04:08:42Z,Bluebeam - set 1/clear,Bluebeam - set 1,W-50-1-A0022,,CLEAN_ORIGINAL_CANDIDATE,DEVELOPMENT,cvat/CVAT/W-50-1-A-0022.pdf,d938b6b23232e40ec68024198bb109da9e987eb40e5f1b762e65ca6c60133022,"lokal kopia, samma namn och storlek",NO_ANNOTATIONS NO_TEXT_LAYER_FOR_TITLE_BLOCK,3_VERSIONS_BY_SIZE_x3
1pKaABqrJ2rkMdCJqVL6m9NEG3M91zoWw,Drawings/Bluebeam - set 1/clear/W-50-1-A-0033.pdf,W-50-1-A-0033.pdf,pdf,application/pdf,263480,2024-12-11T04:08:42Z,Bluebeam - set 1/clear,Bluebeam - set 1,W-50-1-A0033,,CLEAN_ORIGINAL_CANDIDATE,DEVELOPMENT,cvat/CVAT/W-50-1-A-0033.pdf,6d3727568126772ca421223bc137b5b3aa2f76d43d943d75d1a4db1ede6f4a53,"lokal kopia, samma namn och storlek",NO_ANNOTATIONS NO_TEXT_LAYER_FOR_TITLE_BLOCK,3_VERSIONS_BY_SIZE_x3
1LcF-XcyUMq2J53ejILXTi65MJGHVblVo,Drawings/Bluebeam - set 1/clear/W-50-1-A-0023.pdf,W-50-1-A-0023.pdf,pdf,application/pdf,296636,2024-12-11T04:08:42Z,Bluebeam - set 1/clear,Bluebeam - set 1,W-50-1-A0023,,CLEAN_ORIGINAL_CANDIDATE,DEVELOPMENT,cvat/CVAT/W-50-1-A-0023.pdf,19a08f7c6753a5d221dceef66b9b3a3e83ebd077bbc1eb4c05cd28873c41f68d,"lokal kopia, samma namn och storlek",NO_ANNOTATIONS NO_TEXT_LAYER_FOR_TITLE_BLOCK,2_VERSIONS_BY_SIZE_x3
1YHCG6y_anjZaasF5B_fR8V53AbRfAiGv,Drawings/Bluebeam - set 3 /Without measurement,Without measurement,,application/vnd.google-apps.folder,0,2026-09-10T22:02:13.149Z,Bluebeam - set 3 ,Bluebeam - set 3 ,,,FOLDER,,,,ej hämtad,,0_VERSIONS_BY_SIZE
1KJyZd7YfWw1AljAOUipj68pm7L09VO8V,Drawings/Bluebeam - set 2/Without measurement,Without measurement,,application/vnd.google-apps.folder,0,2026-09-10T22:02:13.137Z,Bluebeam - set 2,Bluebeam - set 2,,,FOLDER,,,,ej hämtad,,0_VERSIONS_BY_SIZE
1hqB-1oCp8p-Ywm-X1Od5-9IPJpkC4H0d,Drawings/Bluebeam - set 3 /Without measurement/Icon_,Icon_,,application/octet-stream,0,2026-07-15T12:49:00Z,Bluebeam - set 3 /Without measurement,Bluebeam - set 3 ,,,SYSTEM_FILE,,,,ej hämtad,,0_VERSIONS_BY_SIZE
15h8I5y8x9bXezKyXM6qemOACHspC7YdQ,Drawings/Bluebeam - set 2/Without measurement/Icon_,Icon_,,application/octet-stream,0,2026-07-15T12:49:00Z,Bluebeam - set 2/Without measurement,Bluebeam - set 2,,,SYSTEM_FILE,,,,ej hämtad,,0_VERSIONS_BY_SIZE
1OC0j61Hb2qsydkuZ1LjIrzrORMRVNwdJ,Drawings/Bluebeam - set 2/Icon_,Icon_,,application/octet-stream,0,2026-07-15T12:49:00Z,Bluebeam - set 2,Bluebeam - set 2,,,SYSTEM_FILE,,,,ej hämtad,,0_VERSIONS_BY_SIZE
1lB8pD8TKN0phAY-jYB5npYq6KFqgXwOt,Drawings/Bluebeam - set 3 /Icon_,Icon_,,application/octet-stream,0,2026-07-15T12:49:00Z,Bluebeam - set 3 ,Bluebeam - set 3 ,,,SYSTEM_FILE,,,,ej hämtad,,0_VERSIONS_BY_SIZE
1ges7d7wr7vCfMj505pUH7KiEJkni-ERw,Drawings/Bluebeam - set 3 /V-50-1-B0122.xml,V-50-1-B0122.xml,xml,text/xml,185798,2025-11-22T04:39:36Z,Bluebeam - set 3 ,Bluebeam - set 3 ,V-50-1-B0122,,BLUEBEAM_XML,VALIDATION,,,ej hämtad,,UNIQUE
1ObnXcC_5N0tcA4XJRgkoF12oNxQiCPd0,Drawings/Bluebeam - set 3 /V-50-1-B0112.xlsx,V-50-1-B0112.xlsx,xlsx,application/vnd.openxmlformats-officedocument.spreadsheetml.sheet,15543,2025-11-22T03:05:02Z,Bluebeam - set 3 ,Bluebeam - set 3 ,V-50-1-B0112,,XLSX_FACIT,DEVELOPMENT,validation_set3/V-50-1-B0112/facit.xlsx,c9302ca05d62e8260e23b22d336d57314c4042f4582c77f36ad2aca8235565ed,"lokal kopia, samma storlek och typ",FACIT_NAMES_THIS_SHEET,UNIQUE
1mm7lXamMSd2Wgj9TXiCaAs3N6_hkAEzy,Drawings/Bluebeam - set 3 /V-50-1-B0122.xlsx,V-50-1-B0122.xlsx,xlsx,application/vnd.openxmlformats-officedocument.spreadsheetml.sheet,34656,2025-11-22T04:40:36Z,Bluebeam - set 3 ,Bluebeam - set 3 ,V-50-1-B0122,,XLSX_FACIT,DEVELOPMENT,validation_set3/V-50-1-B0122/facit.xlsx,4721f9412bdca655b13b7a3f8b32e5380142df66c7f594cb4c54b033dd96326d,"lokal kopia, samma storlek och typ",FACIT_NAMES_THIS_SHEET,UNIQUE
1PfgBxa8ZvRfoyZwkNfohRfYBvKZPFv8J,Drawings/Bluebeam - set 3 /V-50-1-A0523.xml,V-50-1-A0523.xml,xml,text/xml,31321,2025-11-22T02:47:16Z,Bluebeam - set 3 ,Bluebeam - set 3 ,V-50-1-A0523,,BLUEBEAM_XML,VALIDATION,,,ej hämtad,,UNIQUE
1NTLm4LjhzIkcVWsONtFUHV94bRIZttoC,Drawings/Bluebeam - set 3 /V-50-1-B0114.xlsx,V-50-1-B0114.xlsx,xlsx,application/vnd.openxmlformats-officedocument.spreadsheetml.sheet,16637,2025-11-22T03:17:06Z,Bluebeam - set 3 ,Bluebeam - set 3 ,V-50-1-B0114,,XLSX_FACIT,DEVELOPMENT,validation_set3/V-50-1-B0114/facit.xlsx,fae739728e95ba13c2a9b29c932a0e0c50afab64c162188c3aa18169535ae969,"lokal kopia, samma storlek och typ",FACIT_NAMES_THIS_SHEET,UNIQUE
1_AJzYMEhGH33FI5XlP6uN2GLgKQhvvAy,Drawings/Bluebeam - set 3 /V-50-1-A0523.pdf,V-50-1-A0523.pdf,pdf,application/pdf,409859,2025-11-22T02:47:02Z,Bluebeam - set 3 ,Bluebeam - set 3 ,V-50-1-A0523,,MARKED_REFERENCE_CANDIDATE,DEVELOPMENT,validation_set3/V-50-1-A0523/clean.pdf,fce9242066972b41679acfe682159447b56191b03b91607cff8ee849c9136d00,"lokal kopia, samma storlek och typ",ANNOTATED(53) ENGINE_STRIPS_ANNOTS ID_IN_SHEET_TEXT,2_VERSIONS_BY_SIZE
11LarJiZ2Mz1zAQ770W6btzz24uo6DOKA,Drawings/Bluebeam - set 3 /V-50-1-A0522.xml,V-50-1-A0522.xml,xml,text/xml,79036,2025-11-22T01:42:42Z,Bluebeam - set 3 ,Bluebeam - set 3 ,V-50-1-A0522,,BLUEBEAM_XML,VALIDATION,,,ej hämtad,,UNIQUE
13MFkGWMtoxkgvtZzNS8TzdUMD6Gcud4g,Drawings/Bluebeam - set 3 /V-50-1-A0522.pdf,V-50-1-A0522.pdf,pdf,application/pdf,655264,2025-11-22T01:42:00Z,Bluebeam - set 3 ,Bluebeam - set 3 ,V-50-1-A0522,,MARKED_REFERENCE_CANDIDATE,DEVELOPMENT,validation_set3/V-50-1-A0522/clean.pdf,38f2c35a2b7334ae35c94ef26c6f86d25da249043b95e28f72395cd0d1e6c24a,"lokal kopia, samma storlek och typ",ANNOTATED(134) ENGINE_STRIPS_ANNOTS ID_IN_SHEET_TEXT,2_VERSIONS_BY_SIZE
1ZORObQn1bBy5aC7YxHe4FeXLGJPC18ew,Drawings/Bluebeam - set 3 /V-50-1-B0114.pdf,V-50-1-B0114.pdf,pdf,application/pdf,402561,2025-11-22T03:15:58Z,Bluebeam - set 3 ,Bluebeam - set 3 ,V-50-1-B0114,,MARKED_REFERENCE_CANDIDATE,DEVELOPMENT,validation_set3/V-50-1-B0114/clean.pdf,77b0ac1f87e3053a762b4f13d259e0dc8d72c518ed0b0b533055e7744decc065,"lokal kopia, samma storlek och typ",ANNOTATED(58) ENGINE_STRIPS_ANNOTS ID_IN_SHEET_TEXT,2_VERSIONS_BY_SIZE
1QX-ayFDOVfgdDd8-t76ex6OWULvpFw5a,Drawings/Bluebeam - set 3 /V-50-1-B0114.xml,V-50-1-B0114.xml,xml,text/xml,34223,2025-11-22T03:16:14Z,Bluebeam - set 3 ,Bluebeam - set 3 ,V-50-1-B0114,,BLUEBEAM_XML,VALIDATION,,,ej hämtad,,UNIQUE
174W8b34pDVZ9izS7mKqoIb2h8SB0u_RO,Drawings/Bluebeam - set 3 /V-50-1-A0521.pdf,V-50-1-A0521.pdf,pdf,application/pdf,425392,2025-11-21T22:38:52Z,Bluebeam - set 3 ,Bluebeam - set 3 ,V-50-1-A0521,,MARKED_REFERENCE_CANDIDATE,DEVELOPMENT,validation_set3/V-50-1-A0521/clean.pdf,9f56253c5986a0b2260fc2b4efe85ce437d20e2f72ea866499bcaacec50a519b,"lokal kopia, samma storlek och typ",ANNOTATED(43) ENGINE_STRIPS_ANNOTS ID_IN_SHEET_TEXT,2_VERSIONS_BY_SIZE
1gj5jFLn50Yj-rMMbCrbYRqh_oErI8fnh,Drawings/Bluebeam - set 3 /V-50-1-B0112.pdf,V-50-1-B0112.pdf,pdf,application/pdf,374721,2025-11-22T03:03:28Z,Bluebeam - set 3 ,Bluebeam - set 3 ,V-50-1-B0112,,MARKED_REFERENCE_CANDIDATE,DEVELOPMENT,validation_set3/V-50-1-B0112/clean.pdf,7ee67c1356bd83ba3d0f2516a2286c659eef6c2dc78521f2fa579c69793411cf,"lokal kopia, samma storlek och typ",ANNOTATED(43) ENGINE_STRIPS_ANNOTS ID_IN_SHEET_TEXT,2_VERSIONS_BY_SIZE
1mIv-VQYmJXFJM7RWKxjYCFmlxUbDCi67,Drawings/Bluebeam - set 3 /V-50-1-A0522.xlsx,V-50-1-A0522.xlsx,xlsx,application/vnd.openxmlformats-officedocument.spreadsheetml.sheet,21930,2025-11-22T01:44:58Z,Bluebeam - set 3 ,Bluebeam - set 3 ,V-50-1-A0522,,XLSX_FACIT,DEVELOPMENT,validation_set3/V-50-1-A0522/facit.xlsx,eba3f757d2994b97751934b9d2b2a10d8b049a9d10cf769f66e59b3c4517fc57,"lokal kopia, samma storlek och typ",FACIT_NAMES_THIS_SHEET,UNIQUE
1PCx-Y_a_hZ_0SEjBYZ8rhP1pB4BHMLVC,Drawings/Bluebeam - set 3 /V-50-1-B0112.xml,V-50-1-B0112.xml,xml,text/xml,25366,2025-11-22T03:03:52Z,Bluebeam - set 3 ,Bluebeam - set 3 ,V-50-1-B0112,,BLUEBEAM_XML,VALIDATION,,,ej hämtad,,UNIQUE
18jmgCchAwsL91sd-kM5pEZkCHMCWNMyL,Drawings/Bluebeam - set 3 /V-50-1-A0523.xlsx,V-50-1-A0523.xlsx,xlsx,application/vnd.openxmlformats-officedocument.spreadsheetml.sheet,16258,2025-11-22T02:48:06Z,Bluebeam - set 3 ,Bluebeam - set 3 ,V-50-1-A0523,,XLSX_FACIT,DEVELOPMENT,validation_set3/V-50-1-A0523/facit.xlsx,480072d5b8c7f3165e8e2be197bbded53a9c10333994eefb06036002c4cb8871,"lokal kopia, samma storlek och typ",FACIT_NAMES_THIS_SHEET,UNIQUE
1QuLALATrg35xCagaRZAW4Z0F2X-7kDTq,Drawings/Bluebeam - set 3 /V-50-1-A0521.xml,V-50-1-A0521.xml,xml,text/xml,25388,2025-11-21T22:39:04Z,Bluebeam - set 3 ,Bluebeam - set 3 ,V-50-1-A0521,,BLUEBEAM_XML,VALIDATION,,,ej hämtad,,UNIQUE
1E_Q4feHkOH32APcjilUtgwTx416SPQHx,Drawings/Bluebeam - set 3 /V-50-1-A0521.xlsx,V-50-1-A0521.xlsx,xlsx,application/vnd.openxmlformats-officedocument.spreadsheetml.sheet,15582,2025-11-21T22:40:58Z,Bluebeam - set 3 ,Bluebeam - set 3 ,V-50-1-A0521,,XLSX_FACIT,DEVELOPMENT,validation_set3/V-50-1-A0521/facit.xlsx,cc585c84249700b7e91bc8a448ca50d3d22c5cb0c858cf0962c470bd15022fec,"lokal kopia, samma storlek och typ",FACIT_NAMES_THIS_SHEET,UNIQUE
1RB1c_hkhv2CnuT0G2ctOzQ6GKxvz-Eid,Drawings/Bluebeam - set 3 /V-50-1-B0122.pdf,V-50-1-B0122.pdf,pdf,application/pdf,1069278,2025-11-22T04:39:18Z,Bluebeam - set 3 ,Bluebeam - set 3 ,V-50-1-B0122,,MARKED_REFERENCE_CANDIDATE,DEVELOPMENT,validation_set3/V-50-1-B0122/clean.pdf,07d1319d70aa000dc110c685e8e1735713a0f9522afd3f1b4f53cb0a424d2435,"lokal kopia, samma storlek och typ",ANNOTATED(315) ENGINE_STRIPS_ANNOTS ID_IN_SHEET_TEXT,2_VERSIONS_BY_SIZE
1LZ3uJxfcef10lJC_cS1_1MQ82vOtdSQv,Drawings/Bluebeam - set 3 /V-50-1-A0321.pdf,V-50-1-A0321.pdf,pdf,application/pdf,382834,2025-11-19T03:24:34Z,Bluebeam - set 3 ,Bluebeam - set 3 ,V-50-1-A0321,,MARKED_REFERENCE_CANDIDATE,DEVELOPMENT,validation_set3/V-50-1-A0321/clean.pdf,029185080e5de254e11df401f74e0a4fbf1b3dee4f5b9fa1278db00db4205aa1,"lokal kopia, samma storlek och typ",ANNOTATED(22) ENGINE_STRIPS_ANNOTS ID_IN_SHEET_TEXT,3_VERSIONS_BY_SIZE
11oM1kY6qr2YBTDPGlb0vz9quxAwmTE0T,Drawings/Bluebeam - set 3 /V-50-1-A0323.xml,V-50-1-A0323.xml,xml,text/xml,22460,2025-11-19T03:55:24Z,Bluebeam - set 3 ,Bluebeam - set 3 ,V-50-1-A0323,,BLUEBEAM_XML,VALIDATION,,,ej hämtad,,UNIQUE
1jffEUzaPt6j_bgVwOw8Cm5zUhyZ8-A7x,Drawings/Bluebeam - set 3 /V-50-1-A0423.xlsx,V-50-1-A0423.xlsx,xlsx,application/vnd.openxmlformats-officedocument.spreadsheetml.sheet,15869,2025-11-19T05:26:18Z,Bluebeam - set 3 ,Bluebeam - set 3 ,V-50-1-A0423,,XLSX_FACIT,DEVELOPMENT,validation_set3/V-50-1-A0423/facit.xlsx,68404825ee881f000f74968de46864bd0a7b758e970a201197790c5dadd8ae35,"lokal kopia, samma storlek och typ",FACIT_NAMES_THIS_SHEET,UNIQUE
1_Mmy-_UTIhPhVsNFVmLwI4a9_do0kL2c,Drawings/Bluebeam - set 3 /V-50-1-A0422.xlsx,V-50-1-A0422.xlsx,xlsx,application/vnd.openxmlformats-officedocument.spreadsheetml.sheet,19136,2025-11-19T05:17:32Z,Bluebeam - set 3 ,Bluebeam - set 3 ,V-50-1-A0422,,XLSX_FACIT,DEVELOPMENT,validation_set3/V-50-1-A0422/facit.xlsx,6595272c273bbfbf4d6a11a0fd2012e3d76f6994e00a8dd47b0783870a2f0fdc,"lokal kopia, samma storlek och typ",FACIT_NAMES_THIS_SHEET,UNIQUE
1w1w9lqXxpy_tpmLaVTM1Szf5TfSBwrQk,Drawings/Bluebeam - set 3 /V-50-1-A0322.pdf,V-50-1-A0322.pdf,pdf,application/pdf,625332,2025-11-19T03:45:08Z,Bluebeam - set 3 ,Bluebeam - set 3 ,V-50-1-A0322,,MARKED_REFERENCE_CANDIDATE,DEVELOPMENT,validation_set3/V-50-1-A0322/clean.pdf,ea982c7f61efdcfaf53ed0717ffdb6e418dc0a53fcc5d836d39d69f5e624f0d3,"lokal kopia, samma storlek och typ",ANNOTATED(127) ENGINE_STRIPS_ANNOTS ID_IN_SHEET_TEXT,3_VERSIONS_BY_SIZE
14sQNfrfNogT7UmqsrR2MbEPy2guhsLQl,Drawings/Bluebeam - set 3 /V-50-1-A0323.pdf,V-50-1-A0323.pdf,pdf,application/pdf,386575,2025-11-19T03:55:12Z,Bluebeam - set 3 ,Bluebeam - set 3 ,V-50-1-A0323,,MARKED_REFERENCE_CANDIDATE,DEVELOPMENT,validation_set3/V-50-1-A0323/clean.pdf,4fe83ad595f20439bfab23c012f87ac1311a27cd5ed729ebe44015ec6134b0c1,"lokal kopia, samma storlek och typ",ANNOTATED(38) ENGINE_STRIPS_ANNOTS ID_IN_SHEET_TEXT,2_VERSIONS_BY_SIZE
1p_ZoDXCPn6d4nLtTwu5XeLYrcF3xS52N,Drawings/Bluebeam - set 3 /V-50-1-A0322.xml,V-50-1-A0322.xml,xml,text/xml,74810,2025-11-19T03:45:20Z,Bluebeam - set 3 ,Bluebeam - set 3 ,V-50-1-A0322,,BLUEBEAM_XML,VALIDATION,,,ej hämtad,,UNIQUE
1lLRfs74RKBvZP4OhS5Fv_Ha46PhbJbd7,Drawings/Bluebeam - set 3 /V-50-1-A0511.xlsx,V-50-1-A0511.xlsx,xlsx,application/vnd.openxmlformats-officedocument.spreadsheetml.sheet,14876,2025-11-19T05:32:06Z,Bluebeam - set 3 ,Bluebeam - set 3 ,V-50-1-A0511,,XLSX_FACIT,DEVELOPMENT,validation_set3/V-50-1-A0511/facit.xlsx,9053c734c0c3682a07b881cff538df1ce80a32ea01ae88dbb3b538aab3f52c66,"lokal kopia, samma storlek och typ",FACIT_NAMES_THIS_SHEET,UNIQUE
1TGEzQ0vC3nUpHDLwa-55xfjz54FwmHrt,Drawings/Bluebeam - set 3 /V-50-1-A0212.xlsx,V-50-1-A0212.xlsx,xlsx,application/vnd.openxmlformats-officedocument.spreadsheetml.sheet,26444,2025-11-19T02:19:08Z,Bluebeam - set 3 ,Bluebeam - set 3 ,V-50-1-A0212,,XLSX_FACIT,DEVELOPMENT,validation_set3/V-50-1-A0212/facit.xlsx,a77fa1a1ece7f62488c44fb25873d5986656c538f01f1bfe63f926b833446fd0,"lokal kopia, samma storlek och typ",FACIT_NAMES_THIS_SHEET,UNIQUE
10n1VrXfKeOmFz2IWBKedFycudd3f2VTt,Drawings/Bluebeam - set 3 /V-50-1-A0321.xlsx,V-50-1-A0321.xlsx,xlsx,application/vnd.openxmlformats-officedocument.spreadsheetml.sheet,14131,2025-11-19T03:25:14Z,Bluebeam - set 3 ,Bluebeam - set 3 ,V-50-1-A0321,,XLSX_FACIT,DEVELOPMENT,validation_set3/V-50-1-A0321/facit.xlsx,a347e1d0fd8ab5c436d6a0af01d5bc0f78ffecddae2cd0df0d19cf49b55186ed,"lokal kopia, samma storlek och typ",FACIT_NAMES_THIS_SHEET,UNIQUE
1vwat2SbN_Wcs4zer2tUbH9ZAkdnB0hx8,Drawings/Bluebeam - set 3 /V-50-1-A0321.xml,V-50-1-A0321.xml,xml,text/xml,13042,2025-11-19T03:24:44Z,Bluebeam - set 3 ,Bluebeam - set 3 ,V-50-1-A0321,,BLUEBEAM_XML,VALIDATION,,,ej hämtad,,UNIQUE
11tYgL4vuftHvlLL9pLInHo59ZG_4nU6M,Drawings/Bluebeam - set 3 /V-50-1-A0422.pdf,V-50-1-A0422.pdf,pdf,application/pdf,539693,2025-11-19T05:16:50Z,Bluebeam - set 3 ,Bluebeam - set 3 ,V-50-1-A0422,,MARKED_REFERENCE_CANDIDATE,DEVELOPMENT,validation_set3/V-50-1-A0422/clean.pdf,4607b9fbe93b64e7bb45d3a092dde8d78dfdc627e462aff310468ffbb2aedbde,"lokal kopia, samma storlek och typ",ANNOTATED(95) ENGINE_STRIPS_ANNOTS ID_IN_SHEET_TEXT,2_VERSIONS_BY_SIZE
1w7E_dGc5rR57-dLMpTiUOpBhTjnvijiS,Drawings/Bluebeam - set 3 /V-50-1-A0423.pdf,V-50-1-A0423.pdf,pdf,application/pdf,382276,2025-11-19T05:25:44Z,Bluebeam - set 3 ,Bluebeam - set 3 ,V-50-1-A0423,,MARKED_REFERENCE_CANDIDATE,DEVELOPMENT,validation_set3/V-50-1-A0423/clean.pdf,9f9cf698b707e5332c88eaf19d89377b735ce3a262c754682f35fb0503952ebd,"lokal kopia, samma storlek och typ",ANNOTATED(47) ENGINE_STRIPS_ANNOTS ID_IN_SHEET_TEXT,2_VERSIONS_BY_SIZE
1RIKkGCkIt0Y9jsh2QkDCYlIq0xA_GRgY,Drawings/Bluebeam - set 3 /V-50-1-A0421.pdf,V-50-1-A0421.pdf,pdf,application/pdf,437757,2025-11-19T05:01:28Z,Bluebeam - set 3 ,Bluebeam - set 3 ,V-50-1-A0421,,MARKED_REFERENCE_CANDIDATE,DEVELOPMENT,validation_set3/V-50-1-A0421/clean.pdf,2e83cb9872fe92f79ca6707414a80c2682ddb786820d75e9fdfd64638797af14,"lokal kopia, samma storlek och typ",ANNOTATED(34) ENGINE_STRIPS_ANNOTS ID_IN_SHEET_TEXT,2_VERSIONS_BY_SIZE
1ED9Jg0s30AW4AY1vS7Wlw9YV4kJcH7B6,Drawings/Bluebeam - set 3 /V-50-1-A0412.pdf,V-50-1-A0412.pdf,pdf,application/pdf,744285,2025-11-19T04:48:06Z,Bluebeam - set 3 ,Bluebeam - set 3 ,V-50-1-A0412,,MARKED_REFERENCE_CANDIDATE,DEVELOPMENT,validation_set3/V-50-1-A0412/clean.pdf,bdb60455ceac6754ace43c1507a135654535a987be04eb242dc269317da25ba6,"lokal kopia, samma storlek och typ",ANNOTATED(183) ENGINE_STRIPS_ANNOTS ID_IN_SHEET_TEXT,2_VERSIONS_BY_SIZE
14UjM-N8wu9nAzZNRdqjVnSv82P2dEhqL,Drawings/Bluebeam - set 3 /V-50-1-A0412.xlsx,V-50-1-A0412.xlsx,xlsx,application/vnd.openxmlformats-officedocument.spreadsheetml.sheet,25526,2025-11-19T04:48:44Z,Bluebeam - set 3 ,Bluebeam - set 3 ,V-50-1-A0412,,XLSX_FACIT,DEVELOPMENT,validation_set3/V-50-1-A0412/facit.xlsx,efb96da18afa5f004a62bc79cc0e5497ce76e944389953b0af772041d710ca7a,"lokal kopia, samma storlek och typ",FACIT_NAMES_THIS_SHEET,UNIQUE
1MMdqjDrxoBuUwbRmx2oA59Dl5Pw_N4Uw,Drawings/Bluebeam - set 3 /V-50-1-A0423.xml,V-50-1-A0423.xml,xml,text/xml,27762,2025-11-19T05:25:56Z,Bluebeam - set 3 ,Bluebeam - set 3 ,V-50-1-A0423,,BLUEBEAM_XML,VALIDATION,,,ej hämtad,,UNIQUE
1TINBnLNkQB6J91vUyFs73JVY5wxNRAMi,Drawings/Bluebeam - set 3 /V-50-1-A0422.xml,V-50-1-A0422.xml,xml,text/xml,55977,2025-11-19T05:17:02Z,Bluebeam - set 3 ,Bluebeam - set 3 ,V-50-1-A0422,,BLUEBEAM_XML,VALIDATION,,,ej hämtad,,UNIQUE
1b4MaZmAeYCZITXLMls9vCidhR4Hxb0pm,Drawings/Bluebeam - set 3 /V-50-1-A0121.xml,V-50-1-A0121.xml,xml,text/xml,18936,2025-11-19T00:25:44Z,Bluebeam - set 3 ,Bluebeam - set 3 ,V-50-1-A0121,,BLUEBEAM_XML,VALIDATION,,,ej hämtad,,UNIQUE
15Pe6rWU8N2X_rUjb5E0p6SFsbQmVnSM_,Drawings/Bluebeam - set 3 /V-50-1-A0223.pdf,V-50-1-A0223.pdf,pdf,application/pdf,416047,2025-11-19T02:50:28Z,Bluebeam - set 3 ,Bluebeam - set 3 ,V-50-1-A0223,,MARKED_REFERENCE_CANDIDATE,DEVELOPMENT,validation_set3/V-50-1-A0223/clean.pdf,3c4342246e9008a1c0d5165eceeb297b173b3ed05fb36c9033d8398fbb44138e,"lokal kopia, samma storlek och typ",ANNOTATED(48) ENGINE_STRIPS_ANNOTS ID_IN_SHEET_TEXT,3_VERSIONS_BY_SIZE
1QJAfv6geuL9RaPQ7WcYP8UiQuEWCo7ig,Drawings/Bluebeam - set 3 /V-50-1-A0222.pdf,V-50-1-A0222.pdf,pdf,application/pdf,491219,2025-11-19T02:42:38Z,Bluebeam - set 3 ,Bluebeam - set 3 ,V-50-1-A0222,,MARKED_REFERENCE_CANDIDATE,DEVELOPMENT,validation_set3/V-50-1-A0222/clean.pdf,d233df39397aae369829f838e61f5347fcade2eea2049b69fcf24e00b7eea87a,"lokal kopia, samma storlek och typ",ANNOTATED(63) ENGINE_STRIPS_ANNOTS ID_IN_SHEET_TEXT,3_VERSIONS_BY_SIZE
1WCIulhZmjGwPWeU24sD9Gb8IHyOBNx8h,Drawings/Bluebeam - set 3 /V-50-1-A0512.pdf,V-50-1-A0512.pdf,pdf,application/pdf,798029,2025-11-19T06:06:40Z,Bluebeam - set 3 ,Bluebeam - set 3 ,V-50-1-A0512,,MARKED_REFERENCE_CANDIDATE,DEVELOPMENT,validation_set3/V-50-1-A0512/clean.pdf,0753dd06811638da1aa0bd5f822b2f7642d2f55b12ed18e7889b3c80ec7f3548,"lokal kopia, samma storlek och typ",ANNOTATED(221) ENGINE_STRIPS_ANNOTS ID_IN_SHEET_TEXT,2_VERSIONS_BY_SIZE
1o3oSfYDhkWmBB1qS5fg6wRBQeFsQrbx4,Drawings/Bluebeam - set 3 /V-50-1-A0421.xml,V-50-1-A0421.xml,xml,text/xml,20085,2025-11-19T05:01:36Z,Bluebeam - set 3 ,Bluebeam - set 3 ,V-50-1-A0421,,BLUEBEAM_XML,VALIDATION,,,ej hämtad,,UNIQUE
1RvC0_BKUDOLxieFBeh_n8ExXT3Mdp77Z,Drawings/Bluebeam - set 3 /V-50-1-A0411.pdf,V-50-1-A0411.pdf,pdf,application/pdf,466237,2025-11-19T04:08:02Z,Bluebeam - set 3 ,Bluebeam - set 3 ,V-50-1-A0411,,MARKED_REFERENCE_CANDIDATE,DEVELOPMENT,validation_set3/V-50-1-A0411/clean.pdf,356e77c82ceb2ad3888bb74a8fa2bf19e2b341a58a11562f3da90adb29e7b3ac,"lokal kopia, samma storlek och typ",ANNOTATED(79) ENGINE_STRIPS_ANNOTS ID_IN_SHEET_TEXT,2_VERSIONS_BY_SIZE
1xwkVXlW6m1cTw6BlPj6LtYhq6r0UeToE,Drawings/Bluebeam - set 3 /V-50-1-A0412.xml,V-50-1-A0412.xml,xml,text/xml,107761,2025-11-19T04:48:16Z,Bluebeam - set 3 ,Bluebeam - set 3 ,V-50-1-A0412,,BLUEBEAM_XML,VALIDATION,,,ej hämtad,,UNIQUE
1o1HLWOhWotoDatAAunIthGlP-g6zjZY-,Drawings/Bluebeam - set 3 /V-50-1-A0223.xml,V-50-1-A0223.xml,xml,text/xml,28346,2025-11-19T02:50:38Z,Bluebeam - set 3 ,Bluebeam - set 3 ,V-50-1-A0223,,BLUEBEAM_XML,VALIDATION,,,ej hämtad,,UNIQUE
1dxCJ9Y5--r9u3Ft8Pkq2LOPWlOdPvlsf,Drawings/Bluebeam - set 3 /V-50-1-A0221.pdf,V-50-1-A0221.pdf,pdf,application/pdf,331317,2025-11-19T02:29:48Z,Bluebeam - set 3 ,Bluebeam - set 3 ,V-50-1-A0221,,MARKED_REFERENCE_CANDIDATE,DEVELOPMENT,validation_set3/V-50-1-A0221/clean.pdf,916af1ba537580a187379cc5dde097f741cb75bc80ebf5ccffd442c7c62fe698,"lokal kopia, samma storlek och typ",ANNOTATED(14) ENGINE_STRIPS_ANNOTS ID_IN_SHEET_TEXT,3_VERSIONS_BY_SIZE
1EekUt7Fo7WDMuLg0TYmENj9RZzjMme4R,Drawings/Bluebeam - set 3 /V-50-1-A0222.xlsx,V-50-1-A0222.xlsx,xlsx,application/vnd.openxmlformats-officedocument.spreadsheetml.sheet,16891,2025-11-19T02:43:26Z,Bluebeam - set 3 ,Bluebeam - set 3 ,V-50-1-A0222,,XLSX_FACIT,DEVELOPMENT,validation_set3/V-50-1-A0222/facit.xlsx,bf896c8b637031377fcc1ba8733e076c30a385872abe116ff5125e9818d2a2a8,"lokal kopia, samma storlek och typ",FACIT_NAMES_THIS_SHEET,UNIQUE
1IrXmf-pboApT4qElI34iyIwNQ8L9jwqU,Drawings/Bluebeam - set 3 /V-50-1-A0221.xml,V-50-1-A0221.xml,xml,text/xml,8354,2025-11-19T02:30:00Z,Bluebeam - set 3 ,Bluebeam - set 3 ,V-50-1-A0221,,BLUEBEAM_XML,VALIDATION,,,ej hämtad,,UNIQUE
1_KhNxgLhu4EPyrS1k6caimARjJ_2CLaX,Drawings/Bluebeam - set 3 /V-50-1-A0121.pdf,V-50-1-A0121.pdf,pdf,application/pdf,398009,2025-11-19T00:24:52Z,Bluebeam - set 3 ,Bluebeam - set 3 ,V-50-1-A0121,,MARKED_REFERENCE_CANDIDATE,DEVELOPMENT,validation_set3/V-50-1-A0121/clean.pdf,4ecc369de69487b7499f780fd0cc2c4676852851695351996ec4c47cf5811c4d,"lokal kopia, samma storlek och typ",ANNOTATED(55) ENGINE_STRIPS_ANNOTS ID_IN_SHEET_TEXT,3_VERSIONS_BY_SIZE
1S90doIrBQn3rXqmV2qMlBgPATPWUQIKn,Drawings/Bluebeam - set 3 /V-50-1-A0512.xlsx,V-50-1-A0512.xlsx,xlsx,application/vnd.openxmlformats-officedocument.spreadsheetml.sheet,27833,2025-11-19T06:07:16Z,Bluebeam - set 3 ,Bluebeam - set 3 ,V-50-1-A0512,,XLSX_FACIT,DEVELOPMENT,validation_set3/V-50-1-A0512/facit.xlsx,377c4966064189f9e893f26911cacfbc08ca06498128a342785df8d429fab7e3,"lokal kopia, samma storlek och typ",FACIT_NAMES_THIS_SHEET,UNIQUE
1ALO-gVVpWFB1Rqx2O17stDiwKPNZg9D9,Drawings/Bluebeam - set 3 /V-50-1-A0511.pdf,V-50-1-A0511.pdf,pdf,application/pdf,366321,2025-11-19T05:31:28Z,Bluebeam - set 3 ,Bluebeam - set 3 ,V-50-1-A0511,,MARKED_REFERENCE_CANDIDATE,DEVELOPMENT,validation_set3/V-50-1-A0511/clean.pdf,12604a79e10db8740aec9b9d89e7dfd6dc2ccc08a3c6016bb1c29b39c957d14e,"lokal kopia, samma storlek och typ",ANNOTATED(32) ENGINE_STRIPS_ANNOTS ID_IN_SHEET_TEXT,2_VERSIONS_BY_SIZE
1IkK1boIbvZaYrxWuZMTI_EoNOuDceDed,Drawings/Bluebeam - set 3 /V-50-1-A0122.pdf,V-50-1-A0122.pdf,pdf,application/pdf,770109,2025-11-18T23:50:34Z,Bluebeam - set 3 ,Bluebeam - set 3 ,V-50-1-A0122,,MARKED_REFERENCE_CANDIDATE,DEVELOPMENT,validation_set3/V-50-1-A0122/clean.pdf,7a4d549c4841fda14b36fd25641239b073957069feb5681abf227f19ebbb5fe8,"lokal kopia, samma storlek och typ",ANNOTATED(113) ENGINE_STRIPS_ANNOTS ID_IN_SHEET_TEXT,3_VERSIONS_BY_SIZE
1sq1M8y-913V2bMP2aG_TFQkh35faxOEE,Drawings/Bluebeam - set 3 /V-50-1-A0121.xlsx,V-50-1-A0121.xlsx,xlsx,application/vnd.openxmlformats-officedocument.spreadsheetml.sheet,14931,2025-11-19T00:26:34Z,Bluebeam - set 3 ,Bluebeam - set 3 ,V-50-1-A0121,,XLSX_FACIT,DEVELOPMENT,validation_set3/V-50-1-A0121/facit.xlsx,14f7a4e3d5d536c55f5530241be074a9309674e514bed7c8e83ad9fa816ed5a3,"lokal kopia, samma storlek och typ",FACIT_NAMES_THIS_SHEET,UNIQUE
1nn_fGe-T8pjRRsN9_Ppi7JbJiQN4jIBx,Drawings/Bluebeam - set 3 /V-50-1-A0511.xml,V-50-1-A0511.xml,xml,text/xml,18944,2025-11-19T05:31:40Z,Bluebeam - set 3 ,Bluebeam - set 3 ,V-50-1-A0511,,BLUEBEAM_XML,VALIDATION,,,ej hämtad,,UNIQUE
1oN-gKdln7Huvgun6Ch_UIEyestbM8mi7,Drawings/Bluebeam - set 3 /V-50-1-A0411.xml,V-50-1-A0411.xml,xml,text/xml,46552,2025-11-19T04:08:12Z,Bluebeam - set 3 ,Bluebeam - set 3 ,V-50-1-A0411,,BLUEBEAM_XML,VALIDATION,,,ej hämtad,,UNIQUE
1JcKFv6QiPHibRRYmvjOnEjhs9q4NYt-7,Drawings/Bluebeam - set 3 /V-50-1-A0122.xml,V-50-1-A0122.xml,xml,text/xml,66688,2025-11-18T23:50:48Z,Bluebeam - set 3 ,Bluebeam - set 3 ,V-50-1-A0122,,BLUEBEAM_XML,VALIDATION,,,ej hämtad,,UNIQUE
1LcMiABj9ozymO8Rx4o1lY_MYsKMSmLnU,Drawings/Bluebeam - set 3 /V-50-1-A0111.xlsx,V-50-1-A0111.xlsx,xlsx,application/vnd.openxmlformats-officedocument.spreadsheetml.sheet,19210,2025-11-19T01:18:04Z,Bluebeam - set 3 ,Bluebeam - set 3 ,V-50-1-A0111,,XLSX_FACIT,DEVELOPMENT,validation_set3/V-50-1-A0111/facit.xlsx,2678cd84226d3618f80c51c9f4d21f89c2065d47c6aebc9d1b995dc68456751b,"lokal kopia, samma storlek och typ",FACIT_NAMES_THIS_SHEET,UNIQUE
1SpVpiEDo9Qq8NH4Nh9Rx-s2VHS8I2b8c,Drawings/Bluebeam - set 3 /V-50-1-A0311.xlsx,V-50-1-A0311.xlsx,xlsx,application/vnd.openxmlformats-officedocument.spreadsheetml.sheet,15015,2025-11-19T02:57:46Z,Bluebeam - set 3 ,Bluebeam - set 3 ,V-50-1-A0311,,XLSX_FACIT,DEVELOPMENT,validation_set3/V-50-1-A0311/facit.xlsx,2a877a21039a56cd02c71944014c9a4abebcb1e174bb7f177d28fa33231e9ddb,"lokal kopia, samma storlek och typ",FACIT_NAMES_THIS_SHEET,UNIQUE
1Eq4_gAlwgzCUwQcE5ZKBL6VgsyySPWt1,Drawings/Bluebeam - set 3 /V-50-1-A0223.xlsx,V-50-1-A0223.xlsx,xlsx,application/vnd.openxmlformats-officedocument.spreadsheetml.sheet,15767,2025-11-19T02:51:02Z,Bluebeam - set 3 ,Bluebeam - set 3 ,V-50-1-A0223,,XLSX_FACIT,DEVELOPMENT,validation_set3/V-50-1-A0223/facit.xlsx,7203815a02a5b4c04d6889c81cec45660f0d9c8d9f2c70ba3a960b1e1efa9b72,"lokal kopia, samma storlek och typ",FACIT_NAMES_THIS_SHEET,UNIQUE
1B18vfDCoEM8WpxNXIzJF6fXh6aXhDXFi,Drawings/Bluebeam - set 3 /V-50-1-A0222.xml,V-50-1-A0222.xml,xml,text/xml,37152,2025-11-19T02:42:48Z,Bluebeam - set 3 ,Bluebeam - set 3 ,V-50-1-A0222,,BLUEBEAM_XML,VALIDATION,,,ej hämtad,,UNIQUE
1fcr1iH-rcCBGbyx5sT83QwxszXqTUee9,Drawings/Bluebeam - set 3 /V-50-1-A0512.xml,V-50-1-A0512.xml,xml,text/xml,130259,2025-11-19T06:06:50Z,Bluebeam - set 3 ,Bluebeam - set 3 ,V-50-1-A0512,,BLUEBEAM_XML,VALIDATION,,,ej hämtad,,UNIQUE
14RHSlapR1ukXlK68WewPZxseC-kAzOrx,Drawings/Bluebeam - set 3 /V-50-1-A0411.xlsx,V-50-1-A0411.xlsx,xlsx,application/vnd.openxmlformats-officedocument.spreadsheetml.sheet,18088,2025-11-19T04:08:48Z,Bluebeam - set 3 ,Bluebeam - set 3 ,V-50-1-A0411,,XLSX_FACIT,DEVELOPMENT,validation_set3/V-50-1-A0411/facit.xlsx,17a68f9d3423a575361df7409aba322dc1d1352d7047d6c357739d4bfc3f9796,"lokal kopia, samma storlek och typ",FACIT_NAMES_THIS_SHEET,UNIQUE
19GE4WoK10B8Iq9IwfLTocLvHD_U_315D,Drawings/Bluebeam - set 3 /V-50-1-A0312.xlsx,V-50-1-A0312.xlsx,xlsx,application/vnd.openxmlformats-officedocument.spreadsheetml.sheet,22403,2025-11-19T03:20:36Z,Bluebeam - set 3 ,Bluebeam - set 3 ,V-50-1-A0312,,XLSX_FACIT,DEVELOPMENT,validation_set3/V-50-1-A0312/facit.xlsx,7bed174b9f3fd42be9ef8407637aa4895badd704cce488b5c2bdd9578d06e7a9,"lokal kopia, samma storlek och typ",FACIT_NAMES_THIS_SHEET,UNIQUE
1ARqindqE7O86bym75hhf_9FGCvZ74eMV,Drawings/Bluebeam - set 3 /V-50-1-A0322.xlsx,V-50-1-A0322.xlsx,xlsx,application/vnd.openxmlformats-officedocument.spreadsheetml.sheet,21412,2025-11-19T03:45:56Z,Bluebeam - set 3 ,Bluebeam - set 3 ,V-50-1-A0322,,XLSX_FACIT,DEVELOPMENT,validation_set3/V-50-1-A0322/facit.xlsx,e54d890a04120c298122b02b6eeb124521b4d81ad4c8c8452434a6b3b4427201,"lokal kopia, samma storlek och typ",FACIT_NAMES_THIS_SHEET,UNIQUE
1VZysxOh7mUdqpKafa1mT4ktVZf7Rv6Ws,Drawings/Bluebeam - set 3 /V-50-1-A0212.pdf,V-50-1-A0212.pdf,pdf,application/pdf,780724,2025-11-19T02:18:06Z,Bluebeam - set 3 ,Bluebeam - set 3 ,V-50-1-A0212,,MARKED_REFERENCE_CANDIDATE,DEVELOPMENT,validation_set3/V-50-1-A0212/clean.pdf,2a0caed52828732785a70189283e1c0b33e84aee11e8bb995c7d29fee6ab4fae,"lokal kopia, samma storlek och typ",ANNOTATED(197) ENGINE_STRIPS_ANNOTS ID_IN_SHEET_TEXT,3_VERSIONS_BY_SIZE
1YDg-OpIoAZVPykO6ailEIFvXU90Sl4b3,Drawings/Bluebeam - set 3 /V-50-1-A0421.xlsx,V-50-1-A0421.xlsx,xlsx,application/vnd.openxmlformats-officedocument.spreadsheetml.sheet,15007,2025-11-19T05:02:14Z,Bluebeam - set 3 ,Bluebeam - set 3 ,V-50-1-A0421,,XLSX_FACIT,DEVELOPMENT,validation_set3/V-50-1-A0421/facit.xlsx,ef983069e68a50a98f493d00c9f06b3081bfd76d74cc74542bd9dddd8daf04d9,"lokal kopia, samma storlek och typ",FACIT_NAMES_THIS_SHEET,UNIQUE
1U-Ldt2TMPvTGwaDqA_musLZWFK8SQpuU,Drawings/Bluebeam - set 3 /V-50-1-A0221.xlsx,V-50-1-A0221.xlsx,xlsx,application/vnd.openxmlformats-officedocument.spreadsheetml.sheet,13510,2025-11-19T02:30:46Z,Bluebeam - set 3 ,Bluebeam - set 3 ,V-50-1-A0221,,XLSX_FACIT,DEVELOPMENT,validation_set3/V-50-1-A0221/facit.xlsx,d960ec94fd9bc99eb878137b29084b5be6c255be5570650e5a2d62395f9b8114,"lokal kopia, samma storlek och typ",FACIT_NAMES_THIS_SHEET,UNIQUE
1b2RTaKbzg2wBx42rjvM3h5ejK9KLAMPn,Drawings/Bluebeam - set 3 /V-50-1-A0212.xml,V-50-1-A0212.xml,xml,text/xml,115995,2025-11-19T02:18:14Z,Bluebeam - set 3 ,Bluebeam - set 3 ,V-50-1-A0212,,BLUEBEAM_XML,VALIDATION,,,ej hämtad,,UNIQUE
1aTVdix-ijHTcpGz2Fsh1535NMnl4IA1e,Drawings/Bluebeam - set 3 /V-50-1-A0312.pdf,V-50-1-A0312.pdf,pdf,application/pdf,610526,2025-11-19T03:19:50Z,Bluebeam - set 3 ,Bluebeam - set 3 ,V-50-1-A0312,,MARKED_REFERENCE_CANDIDATE,DEVELOPMENT,validation_set3/V-50-1-A0312/clean.pdf,3909a1620fd36293519c3f43fafbf24fae7670691646793a8a7b3473eb65e8fa,"lokal kopia, samma storlek och typ",ANNOTATED(140) ENGINE_STRIPS_ANNOTS ID_IN_SHEET_TEXT,3_VERSIONS_BY_SIZE
1n-Mu97dsVHsSGVkEFugMT75MxvSvSQDb,Drawings/Bluebeam - set 3 /V-50-1-A0211.pdf,V-50-1-A0211.pdf,pdf,application/pdf,369705,2025-11-19T01:33:24Z,Bluebeam - set 3 ,Bluebeam - set 3 ,V-50-1-A0211,,MARKED_REFERENCE_CANDIDATE,DEVELOPMENT,validation_set3/V-50-1-A0211/clean.pdf,e872025eacb08a62f0223fbeef879362d6af9375105ba0ea119ef53843a592c1,"lokal kopia, samma storlek och typ",ANNOTATED(30) ENGINE_STRIPS_ANNOTS ID_IN_SHEET_TEXT,3_VERSIONS_BY_SIZE
1whDYtYK3ZY3GDT7RW1PZHmwPTHjiH9qr,Drawings/Bluebeam - set 3 /V-50-1-A0323.xlsx,V-50-1-A0323.xlsx,xlsx,application/vnd.openxmlformats-officedocument.spreadsheetml.sheet,15177,2025-11-19T03:55:46Z,Bluebeam - set 3 ,Bluebeam - set 3 ,V-50-1-A0323,,XLSX_FACIT,DEVELOPMENT,validation_set3/V-50-1-A0323/facit.xlsx,3529a57e67992ef6ded967cbbcf9f2ce22a6ce92e44bf0c1efd7053fa77c4df1,"lokal kopia, samma storlek och typ",FACIT_NAMES_THIS_SHEET,UNIQUE
16mwkmGthfpkw2Zwglh-ix4UbH1Bvbxp4,Drawings/Bluebeam - set 3 /V-50-1-A0311.pdf,V-50-1-A0311.pdf,pdf,application/pdf,385175,2025-11-19T02:57:00Z,Bluebeam - set 3 ,Bluebeam - set 3 ,V-50-1-A0311,,MARKED_REFERENCE_CANDIDATE,DEVELOPMENT,validation_set3/V-50-1-A0311/clean.pdf,4c918dc42c8563f8f28e1c624304c4f11d286440e1d49d3ce59a989d85fe25ca,"lokal kopia, samma storlek och typ",ANNOTATED(36) ENGINE_STRIPS_ANNOTS ID_IN_SHEET_TEXT,3_VERSIONS_BY_SIZE
1AI3aVgobvEeEsZegppjqEcFdoaAhGdzO,Drawings/Bluebeam - set 3 /V-50-1-A0211.xml,V-50-1-A0211.xml,xml,text/xml,17768,2025-11-19T01:33:54Z,Bluebeam - set 3 ,Bluebeam - set 3 ,V-50-1-A0211,,BLUEBEAM_XML,VALIDATION,,,ej hämtad,,UNIQUE
1tpzUMIztk-oUvT7Qv1EDGzyOUzpsNvOm,Drawings/Bluebeam - set 3 /V-50-1-A0312.xml,V-50-1-A0312.xml,xml,text/xml,82446,2025-11-19T03:20:06Z,Bluebeam - set 3 ,Bluebeam - set 3 ,V-50-1-A0312,,BLUEBEAM_XML,VALIDATION,,,ej hämtad,,UNIQUE
1EZnQ3-KJZko0G9j4dq2HPxQX6wZGk9ih,Drawings/Bluebeam - set 3 /V-50-1-A0112.xlsx,V-50-1-A0112.xlsx,xlsx,application/vnd.openxmlformats-officedocument.spreadsheetml.sheet,26355,2025-11-19T01:03:54Z,Bluebeam - set 3 ,Bluebeam - set 3 ,V-50-1-A0112,,XLSX_FACIT,DEVELOPMENT,validation_set3/V-50-1-A0112/facit.xlsx,bc783a64d7b4e29841ef2eedd6b51c4cb5185f67db39bc0b3cc3196e6631a891,"lokal kopia, samma storlek och typ",FACIT_NAMES_THIS_SHEET,UNIQUE
1u9NltDKgq6BaR2amNMGFXCF0TkvTDOmq,Drawings/Bluebeam - set 3 /V-50-1-A0311.xml,V-50-1-A0311.xml,xml,text/xml,21292,2025-11-19T02:57:10Z,Bluebeam - set 3 ,Bluebeam - set 3 ,V-50-1-A0311,,BLUEBEAM_XML,VALIDATION,,,ej hämtad,,UNIQUE
1ivW6bE-wkOqhnXUqeO6GyVesgQap0qau,Drawings/Bluebeam - set 3 /V-50-1-A0111.pdf,V-50-1-A0111.pdf,pdf,application/pdf,529119,2025-11-19T01:17:22Z,Bluebeam - set 3 ,Bluebeam - set 3 ,V-50-1-A0111,,MARKED_REFERENCE_CANDIDATE,DEVELOPMENT,validation_set3/V-50-1-A0111/clean.pdf,1a4dbfd8ac3fac2524bdf543e65f9193c616b98c9af9652f542930c492ee5d0d,"lokal kopia, samma storlek och typ",ANNOTATED(100) ENGINE_STRIPS_ANNOTS ID_IN_SHEET_TEXT,3_VERSIONS_BY_SIZE
1ddLdrNoxd1Y5bhYkteifNzuuhvsq7doz,Drawings/Bluebeam - set 3 /V-50-1-A0112.pdf,V-50-1-A0112.pdf,pdf,application/pdf,771638,2025-11-19T01:03:04Z,Bluebeam - set 3 ,Bluebeam - set 3 ,V-50-1-A0112,,MARKED_REFERENCE_CANDIDATE,DEVELOPMENT,validation_set3/V-50-1-A0112/clean.pdf,57975e37c6062be24a94546594adbd0c6d8cea582f0c7a37fa4ebc88d0aac089,"lokal kopia, samma storlek och typ",ANNOTATED(197) ENGINE_STRIPS_ANNOTS ID_IN_SHEET_TEXT,3_VERSIONS_BY_SIZE
1Sy5ZJWMzfBDQZJhGBsQkHcmTEZGDD7T1,Drawings/Bluebeam - set 3 /V-50-1-A0211.xlsx,V-50-1-A0211.xlsx,xlsx,application/vnd.openxmlformats-officedocument.spreadsheetml.sheet,14544,2025-11-19T01:34:34Z,Bluebeam - set 3 ,Bluebeam - set 3 ,V-50-1-A0211,,XLSX_FACIT,DEVELOPMENT,validation_set3/V-50-1-A0211/facit.xlsx,14b6fcb4491efeebfbb139c55a53a9a0911d19884996d2cdfa18b25f7dfe9824,"lokal kopia, samma storlek och typ",FACIT_NAMES_THIS_SHEET,UNIQUE
1e8O2GONpeGNIRG3L2p33WcV4vOaiCRGr,Drawings/Bluebeam - set 3 /V-50-1-A0112.xml,V-50-1-A0112.xml,xml,text/xml,115988,2025-11-19T01:02:56Z,Bluebeam - set 3 ,Bluebeam - set 3 ,V-50-1-A0112,,BLUEBEAM_XML,VALIDATION,,,ej hämtad,,UNIQUE
1YC26Tw55kfC3l0nRR0Xef0PU25Z7uPij,Drawings/Bluebeam - set 3 /V-50-1-A0111.xml,V-50-1-A0111.xml,xml,text/xml,58822,2025-11-19T01:17:36Z,Bluebeam - set 3 ,Bluebeam - set 3 ,V-50-1-A0111,,BLUEBEAM_XML,VALIDATION,,,ej hämtad,,UNIQUE
19WUteCwse8YK3Nzlb8bPG_nVIy1uoqzT,Drawings/Bluebeam - set 3 /V-50-1-A0122.xlsx,V-50-1-A0122.xlsx,xlsx,application/vnd.openxmlformats-officedocument.spreadsheetml.sheet,20703,2025-11-18T23:51:26Z,Bluebeam - set 3 ,Bluebeam - set 3 ,V-50-1-A0122,,XLSX_FACIT,DEVELOPMENT,validation_set3/V-50-1-A0122/facit.xlsx,976e0a7d0df1467353fdd1370b4b641d5c077dff33287ee05b71d725b35e6584,"lokal kopia, samma storlek och typ",FACIT_NAMES_THIS_SHEET,UNIQUE
19N3IvgstrekhgNRr8oQWcmqpauBwvSNA,Drawings/Bluebeam - set 3 /V-50-1-A0123.pdf,V-50-1-A0123.pdf,pdf,application/pdf,731009,2025-11-18T02:22:38Z,Bluebeam - set 3 ,Bluebeam - set 3 ,V-50-1-A0123,,MARKED_REFERENCE_CANDIDATE,DEVELOPMENT,validation_set3/V-50-1-A0123/clean.pdf,f3af362ab82b66231a56f796c772dbfbcdfd0e48b4153884312fe5ee55522b35,"lokal kopia, samma storlek och typ",ANNOTATED(173) ENGINE_STRIPS_ANNOTS ID_IN_SHEET_TEXT,3_VERSIONS_BY_SIZE
1cIwl7Ae93paP2mMOZ5VZLkCkwRpzAWS0,Drawings/Bluebeam - set 3 /V-50-1-A0123.xml,V-50-1-A0123.xml,xml,text/xml,101398,2025-11-18T02:21:28Z,Bluebeam - set 3 ,Bluebeam - set 3 ,V-50-1-A0123,,BLUEBEAM_XML,VALIDATION,,,ej hämtad,,UNIQUE
1I2X-c7JcY_DfxsUCG2hZ7e24JtjPH4FG,Drawings/Bluebeam - set 3 /V-50-1-A0124.pdf,V-50-1-A0124.pdf,pdf,application/pdf,912292,2025-11-18T01:34:22Z,Bluebeam - set 3 ,Bluebeam - set 3 ,V-50-1-A0124,,MARKED_REFERENCE_CANDIDATE,DEVELOPMENT,validation_set3/V-50-1-A0124/clean.pdf,b3b7b1df765bb650648e17e03c1002521020d99f53d879eeffe30c9455a65927,"lokal kopia, samma storlek och typ",ANNOTATED(258) ENGINE_STRIPS_ANNOTS ID_IN_SHEET_TEXT,3_VERSIONS_BY_SIZE
1Jy9AkyZA15tKi-DNB-owuxwAaXo78Si_,Drawings/Bluebeam - set 3 /V-50-1-A0124.xml,V-50-1-A0124.xml,xml,text/xml,145479,2025-11-18T01:34:34Z,Bluebeam - set 3 ,Bluebeam - set 3 ,V-50-1-A0124,,BLUEBEAM_XML,VALIDATION,,,ej hämtad,,UNIQUE
1jJ91oMB-hBQhvCHLn8zNxAGmz7OAJHTn,Drawings/Bluebeam - set 3 /V-50-1-A0124.xlsx,V-50-1-A0124.xlsx,xlsx,application/vnd.openxmlformats-officedocument.spreadsheetml.sheet,29777,2025-11-18T01:35:56Z,Bluebeam - set 3 ,Bluebeam - set 3 ,V-50-1-A0124,,XLSX_FACIT,DEVELOPMENT,validation_set3/V-50-1-A0124/facit.xlsx,de4798ee04e288a02b6d7e606bff4f51097d6ccf32be6adfa901b61ecc6da238,"lokal kopia, samma storlek och typ",FACIT_NAMES_THIS_SHEET,UNIQUE
15rvmajIHKWrLvJvnPLq61ERIgebiZOwH,Drawings/Bluebeam - set 3 /V-50-1-A0123.xlsx,V-50-1-A0123.xlsx,xlsx,application/vnd.openxmlformats-officedocument.spreadsheetml.sheet,24949,2025-11-18T02:22:12Z,Bluebeam - set 3 ,Bluebeam - set 3 ,V-50-1-A0123,,XLSX_FACIT,DEVELOPMENT,validation_set3/V-50-1-A0123/facit.xlsx,57a0ac33638845ee7dd8f30f107f1295f47e3ce7627a0d75813d53b889a49b75,"lokal kopia, samma storlek och typ",FACIT_NAMES_THIS_SHEET,UNIQUE
1tRwZ_k5llrf8MfRCjTEgZTqBGkez9KA_,Drawings/Bluebeam - set 2/W-50-1-A-0214.pdf,W-50-1-A-0214.pdf,pdf,application/pdf,683925,2025-10-20T09:24:22Z,Bluebeam - set 2,Bluebeam - set 2,W-50-1-A0214,,MARKED_REFERENCE_CANDIDATE,VALIDATION,,,ej hämtad,,2_VERSIONS_BY_SIZE
1rMXytCejfcnE8v5otgjKiqsoknkPO3s0,Drawings/Bluebeam - set 2/W-50-1-A-0211.pdf,W-50-1-A-0211.pdf,pdf,application/pdf,627404,2025-10-20T09:24:22Z,Bluebeam - set 2,Bluebeam - set 2,W-50-1-A0211,,MARKED_REFERENCE_CANDIDATE,VALIDATION,,,ej hämtad,,2_VERSIONS_BY_SIZE
1EivJZctfwMPRGaNth3t3uOaG6fFwlOkT,Drawings/Bluebeam - set 2/W-50-1-A-0214.xml,W-50-1-A-0214.xml,xml,text/xml,41905,2025-10-20T09:24:22Z,Bluebeam - set 2,Bluebeam - set 2,W-50-1-A0214,,BLUEBEAM_XML,VALIDATION,,,ej hämtad,,UNIQUE
1Zo6qlGgOeZspev-L8TB27eu4EHYiTNjz,Drawings/Bluebeam - set 2/W-50-1-A-0213.xml,W-50-1-A-0213.xml,xml,text/xml,102159,2025-10-20T09:24:22Z,Bluebeam - set 2,Bluebeam - set 2,W-50-1-A0213,,BLUEBEAM_XML,VALIDATION,,,ej hämtad,,UNIQUE
1_sJ8CX5FeNjsBa0Hz0dDOfFPMEIcb2co,Drawings/Bluebeam - set 2/W-50-1-A-0234.xlsx,W-50-1-A-0234.xlsx,xlsx,application/vnd.openxmlformats-officedocument.spreadsheetml.sheet,20320,2025-10-20T09:24:22Z,Bluebeam - set 2,Bluebeam - set 2,W-50-1-A0234,,XLSX_FACIT,VALIDATION,,,ej hämtad,,UNIQUE
1T7uo49MCF1HTEUVrvykvMxh5LHg6FZ3Z,Drawings/Bluebeam - set 2/W-50-1-A-0222.xlsx,W-50-1-A-0222.xlsx,xlsx,application/vnd.openxmlformats-officedocument.spreadsheetml.sheet,23960,2025-10-20T09:24:22Z,Bluebeam - set 2,Bluebeam - set 2,W-50-1-A0222,,XLSX_FACIT,VALIDATION,,,ej hämtad,,UNIQUE
1XSYhDn2wBtilAz-zY9EZvtTepYpQFAai,Drawings/Bluebeam - set 2/W-50-1-A-0311.xlsx,W-50-1-A-0311.xlsx,xlsx,application/vnd.openxmlformats-officedocument.spreadsheetml.sheet,17053,2025-10-20T09:24:22Z,Bluebeam - set 2,Bluebeam - set 2,W-50-1-A0311,,XLSX_FACIT,VALIDATION,,,ej hämtad,,UNIQUE
1FIsIQpEJNZ9XoYzNHJT0HWGV2jTUimun,Drawings/Bluebeam - set 2/W-50-1-A-0214.xlsx,W-50-1-A-0214.xlsx,xlsx,application/vnd.openxmlformats-officedocument.spreadsheetml.sheet,17533,2025-10-20T09:24:22Z,Bluebeam - set 2,Bluebeam - set 2,W-50-1-A0214,,XLSX_FACIT,VALIDATION,,,ej hämtad,,UNIQUE
1nTAEl-LElHRErOlUC3WYs3SP6gG2tNHn,Drawings/Bluebeam - set 2/W-50-1-A-0223.xlsx,W-50-1-A-0223.xlsx,xlsx,application/vnd.openxmlformats-officedocument.spreadsheetml.sheet,19567,2025-10-20T09:24:22Z,Bluebeam - set 2,Bluebeam - set 2,W-50-1-A0223,,XLSX_FACIT,VALIDATION,,,ej hämtad,,UNIQUE
1DYQd0uCMgoyhzjvV3puoaAqzFnf2E5iG,Drawings/Bluebeam - set 2/W-50-1-A-0213.pdf,W-50-1-A-0213.pdf,pdf,application/pdf,860939,2025-10-20T09:24:22Z,Bluebeam - set 2,Bluebeam - set 2,W-50-1-A0213,,MARKED_REFERENCE_CANDIDATE,VALIDATION,,,ej hämtad,,2_VERSIONS_BY_SIZE
1GioNWBvHt5jx8ViksUBmx9XMQ-KqrgtE,Drawings/Bluebeam - set 2/W-50-1-A-0311.pdf,W-50-1-A-0311.pdf,pdf,application/pdf,630181,2025-10-20T09:24:22Z,Bluebeam - set 2,Bluebeam - set 2,W-50-1-A0311,,MARKED_REFERENCE_CANDIDATE,VALIDATION,,,ej hämtad,,2_VERSIONS_BY_SIZE
1PwNCZHaOYgCQ_o4_6LO1ZhTzxSzuxCYB,Drawings/Bluebeam - set 2/W-50-1-A-0313.pdf,W-50-1-A-0313.pdf,pdf,application/pdf,630686,2025-10-20T09:24:22Z,Bluebeam - set 2,Bluebeam - set 2,W-50-1-A0313,,MARKED_REFERENCE_CANDIDATE,VALIDATION,,,ej hämtad,,2_VERSIONS_BY_SIZE
1qOH_5zt5pXQzRmT_PAsOoLoqZY-dFTik,Drawings/Bluebeam - set 2/W-50-1-A-0334.pdf,W-50-1-A-0334.pdf,pdf,application/pdf,551212,2025-10-20T09:24:22Z,Bluebeam - set 2,Bluebeam - set 2,W-50-1-A0334,,MARKED_REFERENCE_CANDIDATE,VALIDATION,,,ej hämtad,,2_VERSIONS_BY_SIZE
1XnxptFcAXwCBUucCTAh9aJ2UWm4rr7QS,Drawings/Bluebeam - set 2/W-50-1-A-0314.pdf,W-50-1-A-0314.pdf,pdf,application/pdf,436146,2025-10-20T09:24:22Z,Bluebeam - set 2,Bluebeam - set 2,W-50-1-A0314,,MARKED_REFERENCE_CANDIDATE,VALIDATION,,,ej hämtad,,2_VERSIONS_BY_SIZE
1H_psGVueInFlbOrust7BIfqDcUe2gmBr,Drawings/Bluebeam - set 2/W-50-1-A-0211.xml,W-50-1-A-0211.xml,xml,text/xml,49287,2025-10-20T09:24:22Z,Bluebeam - set 2,Bluebeam - set 2,W-50-1-A0211,,BLUEBEAM_XML,VALIDATION,,,ej hämtad,,UNIQUE
1clNwBLxUdWdQml_WroHtYNwJ98D1abRv,Drawings/Bluebeam - set 2/W-50-1-A-0232.xlsx,W-50-1-A-0232.xlsx,xlsx,application/vnd.openxmlformats-officedocument.spreadsheetml.sheet,33605,2025-10-20T09:24:22Z,Bluebeam - set 2,Bluebeam - set 2,W-50-1-A0232,,XLSX_FACIT,VALIDATION,,,ej hämtad,,UNIQUE
1UWTevqJ3WSa371dWcp34T_t8CF7BzGOe,Drawings/Bluebeam - set 2/W-50-1-A-0311.xml,W-50-1-A-0311.xml,xml,text/xml,35397,2025-10-20T09:24:22Z,Bluebeam - set 2,Bluebeam - set 2,W-50-1-A0311,,BLUEBEAM_XML,VALIDATION,,,ej hämtad,,UNIQUE
1Y2L4MjM2Jz11QxsXXrbsgrcF5QZ7ni73,Drawings/Bluebeam - set 2/W-50-1-A-0313.xml,W-50-1-A-0313.xml,xml,text/xml,44660,2025-10-20T09:24:22Z,Bluebeam - set 2,Bluebeam - set 2,W-50-1-A0313,,BLUEBEAM_XML,VALIDATION,,,ej hämtad,,UNIQUE
1xG1Mqc6qz2ZaZjiBP3vYety5WQcUWYMN,Drawings/Bluebeam - set 2/W-50-1-A-0224.xlsx,W-50-1-A-0224.xlsx,xlsx,application/vnd.openxmlformats-officedocument.spreadsheetml.sheet,20932,2025-10-20T09:24:22Z,Bluebeam - set 2,Bluebeam - set 2,W-50-1-A0224,,XLSX_FACIT,VALIDATION,,,ej hämtad,,UNIQUE
1aEdpHWqeP-i3WhsXVrImnxzh-WzcOAKj,Drawings/Bluebeam - set 2/W-50-1-A-0331.xlsx,W-50-1-A-0331.xlsx,xlsx,application/vnd.openxmlformats-officedocument.spreadsheetml.sheet,16394,2025-10-20T09:24:22Z,Bluebeam - set 2,Bluebeam - set 2,W-50-1-A0331,,XLSX_FACIT,VALIDATION,,,ej hämtad,,UNIQUE
1z-5orNj8dAq9r6TfFj-3fdBMd-XWdygQ,Drawings/Bluebeam - set 2/W-50-1-A-0314.xlsx,W-50-1-A-0314.xlsx,xlsx,application/vnd.openxmlformats-officedocument.spreadsheetml.sheet,13074,2025-10-20T09:24:22Z,Bluebeam - set 2,Bluebeam - set 2,W-50-1-A0314,,XLSX_FACIT,VALIDATION,,,ej hämtad,,UNIQUE
178xqcO9FcMuf-wdO6qluoLeT3tC6vUKY,Drawings/Bluebeam - set 2/W-50-1-A-0213.xlsx,W-50-1-A-0213.xlsx,xlsx,application/vnd.openxmlformats-officedocument.spreadsheetml.sheet,24824,2025-10-20T09:24:22Z,Bluebeam - set 2,Bluebeam - set 2,W-50-1-A0213,,XLSX_FACIT,VALIDATION,,,ej hämtad,,UNIQUE
1AVmUVjxogJY4ghWFoCd5MkBKWs1IiCzE,Drawings/Bluebeam - set 2/W-50-1-A-0233.xlsx,W-50-1-A-0233.xlsx,xlsx,application/vnd.openxmlformats-officedocument.spreadsheetml.sheet,27201,2025-10-20T09:24:22Z,Bluebeam - set 2,Bluebeam - set 2,W-50-1-A0233,,XLSX_FACIT,VALIDATION,,,ej hämtad,,UNIQUE
1HuEh3eN9CVV1jEH_JDDAC1FOM1y-TaOO,Drawings/Bluebeam - set 2/W-50-1-A-0314.xml,W-50-1-A-0314.xml,xml,text/xml,4847,2025-10-20T09:24:22Z,Bluebeam - set 2,Bluebeam - set 2,W-50-1-A0314,,BLUEBEAM_XML,VALIDATION,,,ej hämtad,,UNIQUE
19OD9iUJOBh7i4yru-KtOv5HCfEImmegR,Drawings/Bluebeam - set 2/W-50-1-A-0134.xml,W-50-1-A-0134.xml,xml,text/xml,185957,2025-10-20T09:24:22Z,Bluebeam - set 2,Bluebeam - set 2,W-50-1-A0134,,BLUEBEAM_XML,VALIDATION,,,ej hämtad,,UNIQUE
1e1K7SuKNILkTP68B7E0JzUgelv5hNwmZ,Drawings/Bluebeam - set 2/W-50-1-A-0222.pdf,W-50-1-A-0222.pdf,pdf,application/pdf,883864,2025-10-20T09:24:22Z,Bluebeam - set 2,Bluebeam - set 2,W-50-1-A0222,,MARKED_REFERENCE_CANDIDATE,VALIDATION,,,ej hämtad,,2_VERSIONS_BY_SIZE
1eNy3c8ezUFz9Dun7JuMJg3r6tTD5pmwQ,Drawings/Bluebeam - set 2/W-50-1-A-0332.pdf,W-50-1-A-0332.pdf,pdf,application/pdf,724414,2025-10-20T09:24:22Z,Bluebeam - set 2,Bluebeam - set 2,W-50-1-A0332,,MARKED_REFERENCE_CANDIDATE,VALIDATION,,,ej hämtad,,2_VERSIONS_BY_SIZE
1MGji6onwb7ESKbzV1yamBrAXC1kGZoXN,Drawings/Bluebeam - set 2/W-50-1-A-0333.pdf,W-50-1-A-0333.pdf,pdf,application/pdf,755311,2025-10-20T09:24:22Z,Bluebeam - set 2,Bluebeam - set 2,W-50-1-A0333,,MARKED_REFERENCE_CANDIDATE,VALIDATION,,,ej hämtad,,2_VERSIONS_BY_SIZE
1YgkeZ-SLPI4deezUhEa3Dl8Id98jQ3D6,Drawings/Bluebeam - set 2/W-50-1-A-0334.xml,W-50-1-A-0334.xml,xml,text/xml,22037,2025-10-20T09:24:22Z,Bluebeam - set 2,Bluebeam - set 2,W-50-1-A0334,,BLUEBEAM_XML,VALIDATION,,,ej hämtad,,UNIQUE
1YC7StoYT0FZtrTQGl88h3ULIITsXQSlo,Drawings/Bluebeam - set 2/W-50-1-A-0221.pdf,W-50-1-A-0221.pdf,pdf,application/pdf,699357,2025-10-20T09:24:22Z,Bluebeam - set 2,Bluebeam - set 2,W-50-1-A0221,,MARKED_REFERENCE_CANDIDATE,VALIDATION,,,ej hämtad,,2_VERSIONS_BY_SIZE
1yB3-Ip76y3jVlV52hF_SO0exyzcKw3lo,Drawings/Bluebeam - set 2/W-50-1-A-0223.pdf,W-50-1-A-0223.pdf,pdf,application/pdf,692141,2025-10-20T09:24:22Z,Bluebeam - set 2,Bluebeam - set 2,W-50-1-A0223,,MARKED_REFERENCE_CANDIDATE,VALIDATION,,,ej hämtad,,2_VERSIONS_BY_SIZE
1KdGv7DRc86SZMJHjDBrXDEvv1tAceVOo,Drawings/Bluebeam - set 2/W-50-1-A-0331.pdf,W-50-1-A-0331.pdf,pdf,application/pdf,630853,2025-10-20T09:24:22Z,Bluebeam - set 2,Bluebeam - set 2,W-50-1-A0331,,MARKED_REFERENCE_CANDIDATE,VALIDATION,,,ej hämtad,,2_VERSIONS_BY_SIZE
1MZIxsbp208yFQ-nKzE3gyESqFHuOQVV7,Drawings/Bluebeam - set 2/W-50-1-A-0333.xml,W-50-1-A-0333.xml,xml,text/xml,59129,2025-10-20T09:24:22Z,Bluebeam - set 2,Bluebeam - set 2,W-50-1-A0333,,BLUEBEAM_XML,VALIDATION,,,ej hämtad,,UNIQUE
1s3wCuvA73zMkqzgOrkLSV6esMX8zfe0z,Drawings/Bluebeam - set 2/W-50-1-A-0332.xml,W-50-1-A-0332.xml,xml,text/xml,68590,2025-10-20T09:24:22Z,Bluebeam - set 2,Bluebeam - set 2,W-50-1-A0332,,BLUEBEAM_XML,VALIDATION,,,ej hämtad,,UNIQUE
1qo-pIV7HhR9hwg9zA3t9TSb4_UBiif1V,Drawings/Bluebeam - set 2/W-50-1-A-0234.xml,W-50-1-A-0234.xml,xml,text/xml,64955,2025-10-20T09:24:22Z,Bluebeam - set 2,Bluebeam - set 2,W-50-1-A0234,,BLUEBEAM_XML,VALIDATION,,,ej hämtad,,UNIQUE
1teBNKBMPsznqEYPWTD8znqw0l_L-Qssa,Drawings/Bluebeam - set 2/W-50-1-A-0134.xlsx,W-50-1-A-0134.xlsx,xlsx,application/vnd.openxmlformats-officedocument.spreadsheetml.sheet,34707,2025-10-20T09:24:22Z,Bluebeam - set 2,Bluebeam - set 2,W-50-1-A0134,,XLSX_FACIT,VALIDATION,,,ej hämtad,,UNIQUE
1Z9FcuOCJBUcYvArO04z3ptwRt_whxQYI,Drawings/Bluebeam - set 2/W-50-1-A-0231.xlsx,W-50-1-A-0231.xlsx,xlsx,application/vnd.openxmlformats-officedocument.spreadsheetml.sheet,21997,2025-10-20T09:24:22Z,Bluebeam - set 2,Bluebeam - set 2,W-50-1-A0231,,XLSX_FACIT,VALIDATION,,,ej hämtad,,UNIQUE
1EjVBARFRGtPA-q_tyZerA6dtcXm36Hcy,Drawings/Bluebeam - set 2/W-50-1-A-0331.xml,W-50-1-A-0331.xml,xml,text/xml,31391,2025-10-20T09:24:22Z,Bluebeam - set 2,Bluebeam - set 2,W-50-1-A0331,,BLUEBEAM_XML,VALIDATION,,,ej hämtad,,UNIQUE
1Ukh4qDH_uQWz2w2C5uiBqJqLArMIGX12,Drawings/Bluebeam - set 2/W-50-1-A-0334.xlsx,W-50-1-A-0334.xlsx,xlsx,application/vnd.openxmlformats-officedocument.spreadsheetml.sheet,15285,2025-10-20T09:24:22Z,Bluebeam - set 2,Bluebeam - set 2,W-50-1-A0334,,XLSX_FACIT,VALIDATION,,,ej hämtad,,UNIQUE
1WDcGkp7X8eqYQSDtqXhx42AqCgIoazf7,Drawings/Bluebeam - set 2/W-50-1-A-0211.xlsx,W-50-1-A-0211.xlsx,xlsx,application/vnd.openxmlformats-officedocument.spreadsheetml.sheet,18227,2025-10-20T09:24:22Z,Bluebeam - set 2,Bluebeam - set 2,W-50-1-A0211,,XLSX_FACIT,VALIDATION,,,ej hämtad,,UNIQUE
1uD4pRfL_rUACIzewVKxJp2uhMPeT32I_,Drawings/Bluebeam - set 2/W-50-1-A-0332.xlsx,W-50-1-A-0332.xlsx,xlsx,application/vnd.openxmlformats-officedocument.spreadsheetml.sheet,20703,2025-10-20T09:24:22Z,Bluebeam - set 2,Bluebeam - set 2,W-50-1-A0332,,XLSX_FACIT,DEVELOPMENT,validation_set3/V-50-1-A0122/facit.xlsx,976e0a7d0df1467353fdd1370b4b641d5c077dff33287ee05b71d725b35e6584,"lokal kopia, samma storlek och typ",FACIT_NAMES_THIS_SHEET,UNIQUE
1ajtsvE5H7bEofMVs2QvmXpbi_0MalOxe,Drawings/Bluebeam - set 2/W-50-1-A-0221.xml,W-50-1-A-0221.xml,xml,text/xml,50663,2025-10-20T09:24:22Z,Bluebeam - set 2,Bluebeam - set 2,W-50-1-A0221,,BLUEBEAM_XML,VALIDATION,,,ej hämtad,,UNIQUE
1HAIK0zsqX7xlsDoqj80cbuG6cmb5EE8o,Drawings/Bluebeam - set 2/W-50-1-A-0223.xml,W-50-1-A-0223.xml,xml,text/xml,58410,2025-10-20T09:24:22Z,Bluebeam - set 2,Bluebeam - set 2,W-50-1-A0223,,BLUEBEAM_XML,VALIDATION,,,ej hämtad,,UNIQUE
1jdUaBvkgBcgsTPzPvU_AX0kg9ZDh84qg,Drawings/Bluebeam - set 2/W-50-1-A-0233.pdf,W-50-1-A-0233.pdf,pdf,application/pdf,964152,2025-10-20T09:24:22Z,Bluebeam - set 2,Bluebeam - set 2,W-50-1-A0233,,MARKED_REFERENCE_CANDIDATE,VALIDATION,,,ej hämtad,,2_VERSIONS_BY_SIZE
11w0seX5d0EysxV2-WiA9VokxG3VwBv6g,Drawings/Bluebeam - set 2/W-50-1-A-0224.pdf,W-50-1-A-0224.pdf,pdf,application/pdf,856819,2025-10-20T09:24:22Z,Bluebeam - set 2,Bluebeam - set 2,W-50-1-A0224,,MARKED_REFERENCE_CANDIDATE,VALIDATION,,,ej hämtad,,2_VERSIONS_BY_SIZE
1UfUqjkv1qnYROpVcpJ570iKA9O1CXRXP,Drawings/Bluebeam - set 2/W-50-1-A-0231.pdf,W-50-1-A-0231.pdf,pdf,application/pdf,882482,2025-10-20T09:24:22Z,Bluebeam - set 2,Bluebeam - set 2,W-50-1-A0231,,MARKED_REFERENCE_CANDIDATE,VALIDATION,,,ej hämtad,,2_VERSIONS_BY_SIZE
1CTlo2vp23h4Zuzbayh-iF0CA6B3vd3-k,Drawings/Bluebeam - set 2/W-50-1-A-0234.pdf,W-50-1-A-0234.pdf,pdf,application/pdf,772562,2025-10-20T09:24:22Z,Bluebeam - set 2,Bluebeam - set 2,W-50-1-A0234,,MARKED_REFERENCE_CANDIDATE,VALIDATION,,,ej hämtad,,2_VERSIONS_BY_SIZE
16nk7kxBKOIUnPuSskXOnEyVs3ZmKfMUU,Drawings/Bluebeam - set 2/W-50-1-A-0222.xml,W-50-1-A-0222.xml,xml,text/xml,95605,2025-10-20T09:24:22Z,Bluebeam - set 2,Bluebeam - set 2,W-50-1-A0222,,BLUEBEAM_XML,VALIDATION,,,ej hämtad,,UNIQUE
1DAKKKMwqTK8e6syzGhn3rB1Do2AyBTaF,Drawings/Bluebeam - set 2/W-50-1-A-0232.xml,W-50-1-A-0232.xml,xml,text/xml,175428,2025-10-20T09:24:22Z,Bluebeam - set 2,Bluebeam - set 2,W-50-1-A0232,,BLUEBEAM_XML,VALIDATION,,,ej hämtad,,UNIQUE
1wX2dEHbHlGsQP_uvhrqnVVdX7htiVcPK,Drawings/Bluebeam - set 2/W-50-1-A-0233.xml,W-50-1-A-0233.xml,xml,text/xml,123311,2025-10-20T09:24:22Z,Bluebeam - set 2,Bluebeam - set 2,W-50-1-A0233,,BLUEBEAM_XML,VALIDATION,,,ej hämtad,,UNIQUE
1M__MUmWIynA6yGD-8_Y6_8LPDCJ3Abh0,Drawings/Bluebeam - set 2/W-50-1-A-0231.xml,W-50-1-A-0231.xml,xml,text/xml,78350,2025-10-20T09:24:22Z,Bluebeam - set 2,Bluebeam - set 2,W-50-1-A0231,,BLUEBEAM_XML,VALIDATION,,,ej hämtad,,UNIQUE
10lWkOa5nzFpMPKSazuGyygmV-fe0fQA_,Drawings/Bluebeam - set 2/W-50-1-A-0313.xlsx,W-50-1-A-0313.xlsx,xlsx,application/vnd.openxmlformats-officedocument.spreadsheetml.sheet,17968,2025-10-20T09:24:22Z,Bluebeam - set 2,Bluebeam - set 2,W-50-1-A0313,,XLSX_FACIT,VALIDATION,,,ej hämtad,,UNIQUE
1YKSXXizSNQw4l5aFgjs2Wzq7U104e69l,Drawings/Bluebeam - set 2/W-50-1-A-0224.xml,W-50-1-A-0224.xml,xml,text/xml,70199,2025-10-20T09:24:22Z,Bluebeam - set 2,Bluebeam - set 2,W-50-1-A0224,,BLUEBEAM_XML,VALIDATION,,,ej hämtad,,UNIQUE
1oYvyjUl0g2nzr40iiZ0eY3xR5v3ikaSz,Drawings/Bluebeam - set 2/W-50-1-A-0221.xlsx,W-50-1-A-0221.xlsx,xlsx,application/vnd.openxmlformats-officedocument.spreadsheetml.sheet,18517,2025-10-20T09:24:22Z,Bluebeam - set 2,Bluebeam - set 2,W-50-1-A0221,,XLSX_FACIT,VALIDATION,,,ej hämtad,,UNIQUE
1Y5Grbvx5Twcv2g2xQRfsPAkCy0LlL8ku,Drawings/Bluebeam - set 2/W-50-1-A-0333.xlsx,W-50-1-A-0333.xlsx,xlsx,application/vnd.openxmlformats-officedocument.spreadsheetml.sheet,19550,2025-10-20T09:24:22Z,Bluebeam - set 2,Bluebeam - set 2,W-50-1-A0333,,XLSX_FACIT,VALIDATION,,,ej hämtad,,UNIQUE
1ZNACGqKZgvDfc8OUgVu9ty_C00kVGjVf,Drawings/Bluebeam - set 2/W-50-1-A-0134.pdf,W-50-1-A-0134.pdf,pdf,application/pdf,1261529,2025-10-20T09:24:22Z,Bluebeam - set 2,Bluebeam - set 2,W-50-1-A0134,,MARKED_REFERENCE_CANDIDATE,VALIDATION,,,ej hämtad,,2_VERSIONS_BY_SIZE
1NAT47tsUM8uX6o7fiBA2Y7Ownc6M9Q8W,Drawings/Bluebeam - set 2/W-50-1-A-0232.pdf,W-50-1-A-0232.pdf,pdf,application/pdf,1321055,2025-10-20T09:24:22Z,Bluebeam - set 2,Bluebeam - set 2,W-50-1-A0232,,MARKED_REFERENCE_CANDIDATE,VALIDATION,,,ej hämtad,,2_VERSIONS_BY_SIZE
1Ksb9KxnjwtEqwHwr_XdTCUkHIXxmN0cE,Drawings/Bluebeam - set 3 /Without measurement/V-50-1-A0122.pdf,V-50-1-A0122.pdf,pdf,application/pdf,525332,2025-02-03T03:18:52Z,Bluebeam - set 3 /Without measurement,Bluebeam - set 3 ,V-50-1-A0122,,CLEAN_ORIGINAL_CANDIDATE,DEVELOPMENT,styles/z/2/V-50-1-A0122.pdf,d064d3b5dc3d0fe48ba7e69b641b5084b1e714a150fd7f731bad93f03eda6207,"lokal kopia, samma namn och storlek",ANNOTATED(30) ENGINE_STRIPS_ANNOTS ID_IN_SHEET_TEXT,3_VERSIONS_BY_SIZE_x5
1lgxWJwRzZST6rVBhXZEE4ey4-XLlGzHU,Drawings/Bluebeam - set 3 /Without measurement/V-50-1-A0121.pdf,V-50-1-A0121.pdf,pdf,application/pdf,330739,2025-02-03T03:18:52Z,Bluebeam - set 3 /Without measurement,Bluebeam - set 3 ,V-50-1-A0121,,CLEAN_ORIGINAL_CANDIDATE,DEVELOPMENT,styles/test/V-50-1-A0121.pdf,a5e0f57b29311ddf255a71f28444b24c6a973ae744c7cceca4313bd75d2e1bc2,"lokal kopia, samma namn och storlek",ANNOTATED(23) ENGINE_STRIPS_ANNOTS ID_IN_SHEET_TEXT,3_VERSIONS_BY_SIZE_x2
1Gmy_QBneBdsIAbOQGYdrqYUpuyMnpK5Q,Drawings/Bluebeam - set 3 /Without measurement/V-50-1-A0322.pdf,V-50-1-A0322.pdf,pdf,application/pdf,358862,2025-02-03T03:18:52Z,Bluebeam - set 3 /Without measurement,Bluebeam - set 3 ,V-50-1-A0322,,CLEAN_ORIGINAL_CANDIDATE,DEVELOPMENT,styles/test/V-50-1-A0322.pdf,4cce1f5bce3ee02f684d7b0f7b7305124d7c5bf49e5519c325f93437046e2f81,"lokal kopia, samma namn och storlek",ANNOTATED(25) ENGINE_STRIPS_ANNOTS ID_IN_SHEET_TEXT,3_VERSIONS_BY_SIZE_x2
15Hw9zkl_IYPjjTQR5J912OCJ8GCoGj-G,Drawings/Bluebeam - set 3 /Without measurement/V-50-1-A0123.pdf,V-50-1-A0123.pdf,pdf,application/pdf,374514,2025-02-03T03:18:52Z,Bluebeam - set 3 /Without measurement,Bluebeam - set 3 ,V-50-1-A0123,,CLEAN_ORIGINAL_CANDIDATE,DEVELOPMENT,styles/z/2/V-50-1-A0123.pdf,044decc841a886fa73586e312b7c8d108a42ee951701365b5b8cd2350df31ad0,"lokal kopia, samma namn och storlek",ANNOTATED(30) ENGINE_STRIPS_ANNOTS ID_IN_SHEET_TEXT,3_VERSIONS_BY_SIZE_x3
11YP2CQa10YN4zMh1ZtjC-EQjJrJpOMu2,Drawings/Bluebeam - set 3 /Without measurement/V-50-1-A0521.pdf,V-50-1-A0521.pdf,pdf,application/pdf,324595,2025-02-03T03:18:52Z,Bluebeam - set 3 /Without measurement,Bluebeam - set 3 ,V-50-1-A0521,,CLEAN_ORIGINAL_CANDIDATE,DEVELOPMENT,styles/test/V-50-1-A0521.pdf,29db8004cf0fbf5871e10d9d7ea5284b1353be7c41259ab20f950a2c0d74193a,"lokal kopia, samma namn och storlek",ANNOTATED(24) ENGINE_STRIPS_ANNOTS ID_IN_SHEET_TEXT,2_VERSIONS_BY_SIZE_x2
1IT_zyeWEMAaajCyJoWDdMPL0JZUhkPT4,Drawings/Bluebeam - set 3 /Without measurement/V-50-1-A0323.pdf,V-50-1-A0323.pdf,pdf,application/pdf,291644,2025-02-03T03:18:52Z,Bluebeam - set 3 /Without measurement,Bluebeam - set 3 ,V-50-1-A0323,,CLEAN_ORIGINAL_CANDIDATE,DEVELOPMENT,styles/test/V-50-1-A0323.pdf,2651fa275dfadf6e027103679fa3b8ef0939e0b7ef1c47e75fb38e2f7c5d395d,"lokal kopia, samma namn och storlek",ANNOTATED(25) ENGINE_STRIPS_ANNOTS ID_IN_SHEET_TEXT,2_VERSIONS_BY_SIZE_x2
1F2WonRWT15FuiMSEAKN_h_kQhYI0g_ei,Drawings/Bluebeam - set 3 /Without measurement/V-50-1-A0321.pdf,V-50-1-A0321.pdf,pdf,application/pdf,323899,2025-02-03T03:18:52Z,Bluebeam - set 3 /Without measurement,Bluebeam - set 3 ,V-50-1-A0321,,CLEAN_ORIGINAL_CANDIDATE,DEVELOPMENT,styles/test/V-50-1-A0321.pdf,b8e6231dc8d5d8b709c1c5d5ec0e8638280670311331d2dd5320271c19188ce8,"lokal kopia, samma namn och storlek",ANNOTATED(18) ENGINE_STRIPS_ANNOTS ID_IN_SHEET_TEXT,3_VERSIONS_BY_SIZE_x2
1W6sxyIx1JHjyK6vVeLXAEbZnTxGZIhZJ,Drawings/Bluebeam - set 3 /Without measurement/V-50-1-B0122.pdf,V-50-1-B0122.pdf,pdf,application/pdf,406109,2025-02-03T03:17:26Z,Bluebeam - set 3 /Without measurement,Bluebeam - set 3 ,V-50-1-B0122,,CLEAN_ORIGINAL_CANDIDATE,DEVELOPMENT,styles/test/V-50-1-B0122.pdf,d62dc0236b89c5436af38fad22ccdf2e686d3f17cb5b80d029b82a659d047061,"lokal kopia, samma namn och storlek",ANNOTATED(39) ENGINE_STRIPS_ANNOTS ID_IN_SHEET_TEXT,2_VERSIONS_BY_SIZE_x2
10xFH-YuAAjstZ9nMPb8FCA5q7HcaLQss,Drawings/Bluebeam - set 3 /Without measurement/V-50-1-A0411.pdf,V-50-1-A0411.pdf,pdf,application/pdf,300550,2025-02-03T03:18:52Z,Bluebeam - set 3 /Without measurement,Bluebeam - set 3 ,V-50-1-A0411,,CLEAN_ORIGINAL_CANDIDATE,DEVELOPMENT,styles/test/V-50-1-A0411.pdf,635507b89c589e05f3b2373ff2e10d6a911667ed07660b4ef4e06ffbe201d1a8,"lokal kopia, samma namn och storlek",ANNOTATED(18) ENGINE_STRIPS_ANNOTS ID_IN_SHEET_TEXT,2_VERSIONS_BY_SIZE_x2
1jYTPSNIp3smz9FL3LBm8w6a0pmwyrq6E,Drawings/Bluebeam - set 3 /Without measurement/V-50-1-A0421.pdf,V-50-1-A0421.pdf,pdf,application/pdf,356254,2025-02-03T03:18:52Z,Bluebeam - set 3 /Without measurement,Bluebeam - set 3 ,V-50-1-A0421,,CLEAN_ORIGINAL_CANDIDATE,DEVELOPMENT,styles/test/V-50-1-A0421.pdf,e5303b8448ef47f04654c0c69e2828856124165755c6f6d9038a5d415add2d57,"lokal kopia, samma namn och storlek",ANNOTATED(18) ENGINE_STRIPS_ANNOTS ID_IN_SHEET_TEXT,2_VERSIONS_BY_SIZE_x2
1MXhluTlRwm4KUsOVJ6o-_3lJfF3EdUNC,Drawings/Bluebeam - set 3 /Without measurement/V-50-1-A0222.pdf,V-50-1-A0222.pdf,pdf,application/pdf,348660,2025-02-03T03:18:52Z,Bluebeam - set 3 /Without measurement,Bluebeam - set 3 ,V-50-1-A0222,,CLEAN_ORIGINAL_CANDIDATE,DEVELOPMENT,styles/test/V-50-1-A0222.pdf,7dd11ad5bcd48d000fdfe09d9dc5deb2fd79995c9e808d2a00ad18cf48ebba94,"lokal kopia, samma namn och storlek",ANNOTATED(33) ENGINE_STRIPS_ANNOTS ID_IN_SHEET_TEXT,3_VERSIONS_BY_SIZE_x2
1fHj_AVzOoIeKlkbItE0lYjv3JE6vbJp1,Drawings/Bluebeam - set 3 /Without measurement/V-50-1-A0124.pdf,V-50-1-A0124.pdf,pdf,application/pdf,366006,2025-02-03T03:18:52Z,Bluebeam - set 3 /Without measurement,Bluebeam - set 3 ,V-50-1-A0124,,CLEAN_ORIGINAL_CANDIDATE,DEVELOPMENT,styles/test/V-50-1-A0124.pdf,51310e56454f88781ff83a9f87dbb3a96a82765f6eeb33b4538e25c199a080dd,"lokal kopia, samma namn och storlek",ANNOTATED(53) ENGINE_STRIPS_ANNOTS ID_IN_SHEET_TEXT,3_VERSIONS_BY_SIZE_x2
1BOo-ZG5H_tjodGJ58bLpbpH4HCq8CrMJ,Drawings/Bluebeam - set 3 /Without measurement/V-50-1-A0412.pdf,V-50-1-A0412.pdf,pdf,application/pdf,364952,2025-02-03T03:18:52Z,Bluebeam - set 3 /Without measurement,Bluebeam - set 3 ,V-50-1-A0412,,CLEAN_ORIGINAL_CANDIDATE,DEVELOPMENT,styles/z/2/V-50-1-A0412.pdf,d25fa6954ef2c54974d54de4051b688fceca5e37e6a8db6e0362f01ee0ec95c3,"lokal kopia, samma namn och storlek",ANNOTATED(29) ENGINE_STRIPS_ANNOTS ID_IN_SHEET_TEXT,2_VERSIONS_BY_SIZE_x3
1O_3YiPQloVwdiS4CoJwXuwinLvmZVWtn,Drawings/Bluebeam - set 3 /Without measurement/V-50-1-A0422.pdf,V-50-1-A0422.pdf,pdf,application/pdf,340103,2025-02-03T03:18:52Z,Bluebeam - set 3 /Without measurement,Bluebeam - set 3 ,V-50-1-A0422,,CLEAN_ORIGINAL_CANDIDATE,DEVELOPMENT,styles/test/V-50-1-A0422.pdf,0ba07b4d366355d23903021e0b54b58c6492feca300ed92985bbebfd5de6014a,"lokal kopia, samma namn och storlek",ANNOTATED(19) ENGINE_STRIPS_ANNOTS ID_IN_SHEET_TEXT,2_VERSIONS_BY_SIZE_x2
18f0GuY5R8u6jopuq0iplilk59HZQCrqG,Drawings/Bluebeam - set 3 /Without measurement/V-50-1-A0522.pdf,V-50-1-A0522.pdf,pdf,application/pdf,369776,2025-02-03T03:18:52Z,Bluebeam - set 3 /Without measurement,Bluebeam - set 3 ,V-50-1-A0522,,CLEAN_ORIGINAL_CANDIDATE,DEVELOPMENT,styles/test/V-50-1-A0522.pdf,3d23fde7f00e60aad322aff31a47a5f3bb054df913babf53c8e2cc67b3747d46,"lokal kopia, samma namn och storlek",ANNOTATED(30) ENGINE_STRIPS_ANNOTS ID_IN_SHEET_TEXT,2_VERSIONS_BY_SIZE_x2
145HwFy1Pyu7i58FIO3CpK85B762isP9d,Drawings/Bluebeam - set 3 /Without measurement/V-50-1-A0211.pdf,V-50-1-A0211.pdf,pdf,application/pdf,293512,2025-02-03T03:18:52Z,Bluebeam - set 3 /Without measurement,Bluebeam - set 3 ,V-50-1-A0211,,CLEAN_ORIGINAL_CANDIDATE,DEVELOPMENT,styles/test/V-50-1-A0211.pdf,a0b05e818408cff17cd7c5e33d6afb0a3db937dd7ad873ba216e4dd1497b5bcd,"lokal kopia, samma namn och storlek",ANNOTATED(20) ENGINE_STRIPS_ANNOTS ID_IN_SHEET_TEXT,3_VERSIONS_BY_SIZE_x2
1qfnmEMbTyfxeYBrZ_8Wpfbo85tMcxdFe,Drawings/Bluebeam - set 3 /Without measurement/V-50-1-A0223.pdf,V-50-1-A0223.pdf,pdf,application/pdf,303306,2025-02-03T03:18:52Z,Bluebeam - set 3 /Without measurement,Bluebeam - set 3 ,V-50-1-A0223,,CLEAN_ORIGINAL_CANDIDATE,DEVELOPMENT,styles/test/V-50-1-A0223.pdf,13d7bf78d94e7175bfa95bac807cacc0497577b01df12d9d642b249022e0a249,"lokal kopia, samma namn och storlek",ANNOTATED(29) ENGINE_STRIPS_ANNOTS ID_IN_SHEET_TEXT,3_VERSIONS_BY_SIZE_x2
1b3OqWU63eLW7SAdcg35hvyqzq19CNhyX,Drawings/Bluebeam - set 3 /Without measurement/V-50-1-B0114.pdf,V-50-1-B0114.pdf,pdf,application/pdf,273970,2025-02-03T03:17:26Z,Bluebeam - set 3 /Without measurement,Bluebeam - set 3 ,V-50-1-B0114,,CLEAN_ORIGINAL_CANDIDATE,DEVELOPMENT,styles/test/V-50-1-B0114.pdf,63e5e6827caaed18443644ed099dec5b11e506ca826e3d1960a78dc92c460690,"lokal kopia, samma namn och storlek",ANNOTATED(27) ENGINE_STRIPS_ANNOTS ID_IN_SHEET_TEXT,2_VERSIONS_BY_SIZE_x2
18_KZcmcDCeQbtGMC9RFW3iFuA3PqCAfy,Drawings/Bluebeam - set 3 /Without measurement/V-50-1-A0221.pdf,V-50-1-A0221.pdf,pdf,application/pdf,289842,2025-02-03T03:18:52Z,Bluebeam - set 3 /Without measurement,Bluebeam - set 3 ,V-50-1-A0221,,CLEAN_ORIGINAL_CANDIDATE,DEVELOPMENT,styles/test/V-50-1-A0221.pdf,6b2fae8c0f76eae6ae49fd0a6ce0a68e038cd21b8417ba35b6fe1c8eb68dc611,"lokal kopia, samma namn och storlek",ANNOTATED(20) ENGINE_STRIPS_ANNOTS ID_IN_SHEET_TEXT,3_VERSIONS_BY_SIZE_x2
1UraMHCLMf8o5SuXHy5KgyacLQLanh96m,Drawings/Bluebeam - set 3 /Without measurement/V-50-1-A0423.pdf,V-50-1-A0423.pdf,pdf,application/pdf,277615,2025-02-03T03:18:52Z,Bluebeam - set 3 /Without measurement,Bluebeam - set 3 ,V-50-1-A0423,,CLEAN_ORIGINAL_CANDIDATE,DEVELOPMENT,styles/test/V-50-1-A0423.pdf,cf17cd838402ecfeaa022efa72811fe899edaf153e01d1cae49d30428e8c3c48,"lokal kopia, samma namn och storlek",ANNOTATED(12) ENGINE_STRIPS_ANNOTS ID_IN_SHEET_TEXT,2_VERSIONS_BY_SIZE_x2
1gc96hsF_7zLq5cwq6T9QUU2O4NvT5AcA,Drawings/Bluebeam - set 3 /Without measurement/V-50-1-A0523.pdf,V-50-1-A0523.pdf,pdf,application/pdf,290055,2025-02-03T03:18:52Z,Bluebeam - set 3 /Without measurement,Bluebeam - set 3 ,V-50-1-A0523,,CLEAN_ORIGINAL_CANDIDATE,DEVELOPMENT,styles/test/V-50-1-A0523.pdf,862611af56e0d72519401f1344052f6c75e418f2eb6cc3916e083c4fcda58c55,"lokal kopia, samma namn och storlek",ANNOTATED(23) ENGINE_STRIPS_ANNOTS ID_IN_SHEET_TEXT,2_VERSIONS_BY_SIZE_x2
1iLakOdVVMEFLfwZsLkWe6Rmxlnamz6RH,Drawings/Bluebeam - set 3 /Without measurement/V-50-1-B0112.pdf,V-50-1-B0112.pdf,pdf,application/pdf,270004,2025-02-03T03:17:26Z,Bluebeam - set 3 /Without measurement,Bluebeam - set 3 ,V-50-1-B0112,,CLEAN_ORIGINAL_CANDIDATE,DEVELOPMENT,styles/test/V-50-1-B0112.pdf,52d415b77dd91c4fd6602768b2f03e0c41adec4613e6105c19950884f4c0f729,"lokal kopia, samma namn och storlek",ANNOTATED(29) ENGINE_STRIPS_ANNOTS ID_IN_SHEET_TEXT,2_VERSIONS_BY_SIZE_x2
1FYxVyJrYwr-fWhBLTD3rNwHI97_P-0mK,Drawings/Bluebeam - set 3 /Without measurement/V-50-1-A0111.pdf,V-50-1-A0111.pdf,pdf,application/pdf,318941,2025-02-03T03:18:52Z,Bluebeam - set 3 /Without measurement,Bluebeam - set 3 ,V-50-1-A0111,,CLEAN_ORIGINAL_CANDIDATE,DEVELOPMENT,styles/test/V-50-1-A0111.pdf,7c3f783772bf039305862ec12beec54d7a48260c5adb53c3678efaf8970757d5,"lokal kopia, samma namn och storlek",ANNOTATED(24) ENGINE_STRIPS_ANNOTS ID_IN_SHEET_TEXT,3_VERSIONS_BY_SIZE_x2
1WHDpJ6p8zYHUnF4PTtmiyQG9Uncf1UoP,Drawings/Bluebeam - set 3 /Without measurement/V-50-1-A0112.pdf,V-50-1-A0112.pdf,pdf,application/pdf,374635,2025-02-03T03:18:52Z,Bluebeam - set 3 /Without measurement,Bluebeam - set 3 ,V-50-1-A0112,,CLEAN_ORIGINAL_CANDIDATE,DEVELOPMENT,styles/test/V-50-1-A0112.pdf,dceec0dff11fef2f68a2bc23639439c0567d44349813be14b3384c2b79b6f5f1,"lokal kopia, samma namn och storlek",ANNOTATED(27) ENGINE_STRIPS_ANNOTS ID_IN_SHEET_TEXT,3_VERSIONS_BY_SIZE_x2
1N4DvOhCS6qpEw4xVWH9u8uEu0Al3emfs,Drawings/Bluebeam - set 3 /Without measurement/V-50-1-A0512.pdf,V-50-1-A0512.pdf,pdf,application/pdf,345605,2025-02-03T03:18:52Z,Bluebeam - set 3 /Without measurement,Bluebeam - set 3 ,V-50-1-A0512,,CLEAN_ORIGINAL_CANDIDATE,DEVELOPMENT,styles/test/V-50-1-A0512.pdf,74f5e82220637f14d69636c974a7d701f6da91b966b99dbc5082378a87d32cb6,"lokal kopia, samma namn och storlek",ANNOTATED(35) ENGINE_STRIPS_ANNOTS ID_IN_SHEET_TEXT,2_VERSIONS_BY_SIZE_x2
1wurA1EeHzQ5sa4sjrSbhan9QkbHZxbQN,Drawings/Bluebeam - set 3 /Without measurement/V-50-1-A0212.pdf,V-50-1-A0212.pdf,pdf,application/pdf,376322,2025-02-03T03:18:52Z,Bluebeam - set 3 /Without measurement,Bluebeam - set 3 ,V-50-1-A0212,,CLEAN_ORIGINAL_CANDIDATE,DEVELOPMENT,styles/test/V-50-1-A0212.pdf,1f749b3ee895c106360c5c29ddb8e265f0e34fbc7afd3dc4daa11826584b1bfe,"lokal kopia, samma namn och storlek",ANNOTATED(29) ENGINE_STRIPS_ANNOTS ID_IN_SHEET_TEXT,3_VERSIONS_BY_SIZE_x2
1E8vUjDDwAfUknW2B7zAjbPKFkzSHI7b5,Drawings/Bluebeam - set 3 /Without measurement/V-50-1-A0312.pdf,V-50-1-A0312.pdf,pdf,application/pdf,324905,2025-02-03T03:18:52Z,Bluebeam - set 3 /Without measurement,Bluebeam - set 3 ,V-50-1-A0312,,CLEAN_ORIGINAL_CANDIDATE,DEVELOPMENT,styles/test/V-50-1-A0312.pdf,341c1e3eb5e0a5ea6213b198cbf599309705ba77d2351aa50486a2677ec9c004,"lokal kopia, samma namn och storlek",ANNOTATED(24) ENGINE_STRIPS_ANNOTS ID_IN_SHEET_TEXT,3_VERSIONS_BY_SIZE_x2
1gze5MHmq0YEIXm46l5IwgxhWZnMqmyEb,Drawings/Bluebeam - set 3 /Without measurement/V-50-1-A0311.pdf,V-50-1-A0311.pdf,pdf,application/pdf,297007,2025-02-03T03:18:52Z,Bluebeam - set 3 /Without measurement,Bluebeam - set 3 ,V-50-1-A0311,,CLEAN_ORIGINAL_CANDIDATE,DEVELOPMENT,styles/test/V-50-1-A0311.pdf,82bcf9400ce6b2cfd8852fa22c7c648f851f043f57197cb1e26bfadd9105cb64,"lokal kopia, samma namn och storlek",ANNOTATED(21) ENGINE_STRIPS_ANNOTS ID_IN_SHEET_TEXT,3_VERSIONS_BY_SIZE_x2
1W4sCWpyAShDH7k-FXeCdi3Tnv4WoVuYz,Drawings/Bluebeam - set 3 /Without measurement/V-50-1-A0511.pdf,V-50-1-A0511.pdf,pdf,application/pdf,290278,2025-02-03T03:18:52Z,Bluebeam - set 3 /Without measurement,Bluebeam - set 3 ,V-50-1-A0511,,CLEAN_ORIGINAL_CANDIDATE,DEVELOPMENT,styles/test/V-50-1-A0511.pdf,d1af45abc15482c0816e0ac16b40ede1ddbbf95fe88f4ce47d5cf1fc407848f8,"lokal kopia, samma namn och storlek",ANNOTATED(17) ENGINE_STRIPS_ANNOTS ID_IN_SHEET_TEXT,2_VERSIONS_BY_SIZE_x2
1LvuVT82ddYPSwdBgKTXmyrRaaSsYh9ua,Drawings/Bluebeam - set 2/Without measurement/W-50-1-A-0211.pdf,W-50-1-A-0211.pdf,pdf,application/pdf,434592,2024-12-11T03:09:16Z,Bluebeam - set 2/Without measurement,Bluebeam - set 2,W-50-1-A0211,,CLEAN_ORIGINAL_CANDIDATE,DEVELOPMENT,cvat/CVAT/W-50-1-A-0211.pdf,c990d3489422a9ad103f9be15cd17dfd8c709c55c1cd4843cc0dc9eb1a18767e,"lokal kopia, samma namn och storlek",NO_ANNOTATIONS NO_TEXT_LAYER_FOR_TITLE_BLOCK,2_VERSIONS_BY_SIZE_x3
1aoSz8MnR4_ohwcC7zneLhGuxaIoPjxXZ,Drawings/Bluebeam - set 2/Without measurement/W-50-1-A-0134.pdf,W-50-1-A-0134.pdf,pdf,application/pdf,587133,2024-12-11T03:09:16Z,Bluebeam - set 2/Without measurement,Bluebeam - set 2,W-50-1-A0134,,CLEAN_ORIGINAL_CANDIDATE,DEVELOPMENT,cvat/CVAT/W-50-1-A-0134.pdf,9b68e885ca816fd19369d66eb7758cf03fd6457d15b07e8a6342588b4bb7d412,"lokal kopia, samma namn och storlek",NO_ANNOTATIONS NO_TEXT_LAYER_FOR_TITLE_BLOCK,2_VERSIONS_BY_SIZE_x3
1lY33xWM4Ra0gkY-U9WI0wh4N8tB6E0i3,Drawings/Bluebeam - set 2/Without measurement/W-50-1-A-0213.pdf,W-50-1-A-0213.pdf,pdf,application/pdf,513872,2024-12-11T03:09:16Z,Bluebeam - set 2/Without measurement,Bluebeam - set 2,W-50-1-A0213,,CLEAN_ORIGINAL_CANDIDATE,DEVELOPMENT,cvat/CVAT/W-50-1-A-0213.pdf,c5f7db233d2ab642ec2b04688499327695f31d57b314b76eaa67901e28035dc3,"lokal kopia, samma namn och storlek",NO_ANNOTATIONS NO_TEXT_LAYER_FOR_TITLE_BLOCK,2_VERSIONS_BY_SIZE_x3
1Za9q66gLrpF1YW0y9kWJQtU7vKyQaA0-,Drawings/Bluebeam - set 2/Without measurement/W-50-1-A-0214.pdf,W-50-1-A-0214.pdf,pdf,application/pdf,515627,2024-12-11T03:09:16Z,Bluebeam - set 2/Without measurement,Bluebeam - set 2,W-50-1-A0214,,CLEAN_ORIGINAL_CANDIDATE,DEVELOPMENT,cvat/CVAT/W-50-1-A-0214.pdf,d0a69e2560cc6b0afa1494b49c3e5e4074e4cdd0100f27e25e3967fcc512fa33,"lokal kopia, samma namn och storlek",NO_ANNOTATIONS NO_TEXT_LAYER_FOR_TITLE_BLOCK,2_VERSIONS_BY_SIZE_x3
16giqTMW9rU2grDR-Xo0l7QjwTYyK2s00,Drawings/Bluebeam - set 2/Without measurement/W-50-1-A-0311.pdf,W-50-1-A-0311.pdf,pdf,application/pdf,505859,2024-12-11T03:09:16Z,Bluebeam - set 2/Without measurement,Bluebeam - set 2,W-50-1-A0311,,CLEAN_ORIGINAL_CANDIDATE,DEVELOPMENT,cvat/CVAT/W-50-1-A-0311.pdf,a3ac91856f61c90545af74a8f6e9563a01b5b1971816643c8adbabbc424f97cc,"lokal kopia, samma namn och storlek",NO_ANNOTATIONS NO_TEXT_LAYER_FOR_TITLE_BLOCK,2_VERSIONS_BY_SIZE_x3
1AUBMy6r37VN9XY7oFTgu78uj7DaaKtFZ,Drawings/Bluebeam - set 2/Without measurement/W-50-1-A-0314.pdf,W-50-1-A-0314.pdf,pdf,application/pdf,415344,2024-12-11T03:09:18Z,Bluebeam - set 2/Without measurement,Bluebeam - set 2,W-50-1-A0314,,CLEAN_ORIGINAL_CANDIDATE,DEVELOPMENT,cvat/CVAT/W-50-1-A-0314.pdf,2cb44183d07e93042c7b26a970644e939a76b2492fa47559e9d1842e0de1545e,"lokal kopia, samma namn och storlek",NO_ANNOTATIONS NO_TEXT_LAYER_FOR_TITLE_BLOCK,2_VERSIONS_BY_SIZE_x3
1TqOwYgYSKnMcrotmyFqJHL6Gvy04uYPz,Drawings/Bluebeam - set 2/Without measurement/W-50-1-A-0334.pdf,W-50-1-A-0334.pdf,pdf,application/pdf,457877,2024-12-11T03:09:18Z,Bluebeam - set 2/Without measurement,Bluebeam - set 2,W-50-1-A0334,,CLEAN_ORIGINAL_CANDIDATE,DEVELOPMENT,cvat/CVAT/W-50-1-A-0334.pdf,017e9af5dcacad64a41a50d8c15c7983b3d6d436446b25100ce1c563f0904998,"lokal kopia, samma namn och storlek",NO_ANNOTATIONS NO_TEXT_LAYER_FOR_TITLE_BLOCK,2_VERSIONS_BY_SIZE_x3
1S2bUvkjPIrPev_xzuubGIb7UMfv3k7I-,Drawings/Bluebeam - set 2/Without measurement/W-50-1-A-0313.pdf,W-50-1-A-0313.pdf,pdf,application/pdf,433325,2024-12-11T03:09:18Z,Bluebeam - set 2/Without measurement,Bluebeam - set 2,W-50-1-A0313,,CLEAN_ORIGINAL_CANDIDATE,DEVELOPMENT,cvat/CVAT/W-50-1-A-0313.pdf,5ecdb0e74bf5e73bac7658fa966be66a67043e5c09abf0d587969d63f6efe6dc,"lokal kopia, samma namn och storlek",NO_ANNOTATIONS NO_TEXT_LAYER_FOR_TITLE_BLOCK,2_VERSIONS_BY_SIZE_x3
1OdYPxGxMGapRgNdL6wDokSNiowPFNjD7,Drawings/Bluebeam - set 2/Without measurement/W-50-1-A-0232.pdf,W-50-1-A-0232.pdf,pdf,application/pdf,634496,2024-12-11T03:09:16Z,Bluebeam - set 2/Without measurement,Bluebeam - set 2,W-50-1-A0232,,CLEAN_ORIGINAL_CANDIDATE,DEVELOPMENT,cvat/CVAT/W-50-1-A-0232.pdf,1ac13be32cf0fc8d4ef90a8193fd0d3d5d8a87cdfad7fd7648819239512afcdb,"lokal kopia, samma namn och storlek",NO_ANNOTATIONS NO_TEXT_LAYER_FOR_TITLE_BLOCK,2_VERSIONS_BY_SIZE_x3
1zgWZjGKYSvcLqIyR4R4FWsy81DTKvjCm,Drawings/Bluebeam - set 2/Without measurement/W-50-1-A-0231.pdf,W-50-1-A-0231.pdf,pdf,application/pdf,587492,2024-12-11T03:09:16Z,Bluebeam - set 2/Without measurement,Bluebeam - set 2,W-50-1-A0231,,CLEAN_ORIGINAL_CANDIDATE,DEVELOPMENT,cvat/CVAT/W-50-1-A-0231.pdf,774b89b20c69ec0a69fdb8f42d881818dda2edf834fd29bd0cf4ef39e6608036,"lokal kopia, samma namn och storlek",NO_ANNOTATIONS NO_TEXT_LAYER_FOR_TITLE_BLOCK,2_VERSIONS_BY_SIZE_x3
1sagH76Um32b1OgnxfBX4-z0pf3SE2hTF,Drawings/Bluebeam - set 2/Without measurement/W-50-1-A-0224.pdf,W-50-1-A-0224.pdf,pdf,application/pdf,555539,2024-12-11T03:09:16Z,Bluebeam - set 2/Without measurement,Bluebeam - set 2,W-50-1-A0224,,CLEAN_ORIGINAL_CANDIDATE,DEVELOPMENT,cvat/CVAT/W-50-1-A-0224.pdf,fc3379b5ecd292eea6d9db0c0e59409a293f736563b66183b239de368ccfe1fd,"lokal kopia, samma namn och storlek",NO_ANNOTATIONS NO_TEXT_LAYER_FOR_TITLE_BLOCK,2_VERSIONS_BY_SIZE_x3
1jy3126aj6WhuUzQa0QSAAhPLRFYNU3xs,Drawings/Bluebeam - set 2/Without measurement/W-50-1-A-0333.pdf,W-50-1-A-0333.pdf,pdf,application/pdf,504403,2024-12-11T03:09:18Z,Bluebeam - set 2/Without measurement,Bluebeam - set 2,W-50-1-A0333,,CLEAN_ORIGINAL_CANDIDATE,DEVELOPMENT,cvat/CVAT/W-50-1-A-0333.pdf,8a335485cb82d501dbc452bee7d0ab6d0e7342d510536eae869242506aec456b,"lokal kopia, samma namn och storlek",NO_ANNOTATIONS NO_TEXT_LAYER_FOR_TITLE_BLOCK,2_VERSIONS_BY_SIZE_x3
1-1X8ySKs9cySsEnusDejuCsa2hfALhGO,Drawings/Bluebeam - set 2/Without measurement/W-50-1-A-0222.pdf,W-50-1-A-0222.pdf,pdf,application/pdf,512580,2024-12-11T03:09:16Z,Bluebeam - set 2/Without measurement,Bluebeam - set 2,W-50-1-A0222,,CLEAN_ORIGINAL_CANDIDATE,DEVELOPMENT,cvat/CVAT/W-50-1-A-0222.pdf,01b00dc107315d85460466e7f691a066215abb98f0e1cdee0908fd1cea50bc0c,"lokal kopia, samma namn och storlek",NO_ANNOTATIONS NO_TEXT_LAYER_FOR_TITLE_BLOCK,2_VERSIONS_BY_SIZE_x3
1qdDAVEJcWl3QWRVMXSq70-2U6s2WD3at,Drawings/Bluebeam - set 2/Without measurement/W-50-1-A-0332.pdf,W-50-1-A-0332.pdf,pdf,application/pdf,497120,2024-12-11T03:09:18Z,Bluebeam - set 2/Without measurement,Bluebeam - set 2,W-50-1-A0332,,CLEAN_ORIGINAL_CANDIDATE,DEVELOPMENT,cvat/CVAT/W-50-1-A-0332.pdf,4df96cbd2b9ce5a1e02a4b2a72ec3c997b4a92fb0d6ce7e608cedea5e622a200,"lokal kopia, samma namn och storlek",NO_ANNOTATIONS NO_TEXT_LAYER_FOR_TITLE_BLOCK,2_VERSIONS_BY_SIZE_x3
1fDdmwyidSyte1-kRWNqucGKL616vwtuB,Drawings/Bluebeam - set 2/Without measurement/W-50-1-A-0221.pdf,W-50-1-A-0221.pdf,pdf,application/pdf,507764,2024-12-11T03:09:16Z,Bluebeam - set 2/Without measurement,Bluebeam - set 2,W-50-1-A0221,,CLEAN_ORIGINAL_CANDIDATE,DEVELOPMENT,cvat/CVAT/W-50-1-A-0221.pdf,efc2337d6367730566b925e104beb77899d98512d2b590680578f792b3667a16,"lokal kopia, samma namn och storlek",NO_ANNOTATIONS NO_TEXT_LAYER_FOR_TITLE_BLOCK,2_VERSIONS_BY_SIZE_x3
1s14VOxK-RQt87ar3utyVdemfCvm6P6sJ,Drawings/Bluebeam - set 2/Without measurement/W-50-1-A-0331.pdf,W-50-1-A-0331.pdf,pdf,application/pdf,498022,2024-12-11T03:09:18Z,Bluebeam - set 2/Without measurement,Bluebeam - set 2,W-50-1-A0331,,CLEAN_ORIGINAL_CANDIDATE,DEVELOPMENT,cvat/CVAT/W-50-1-A-0331.pdf,778dce0ea7cd10d2d8cf062c678371581ee65b6bf5cb3237018bd9922277d838,"lokal kopia, samma namn och storlek",NO_ANNOTATIONS NO_TEXT_LAYER_FOR_TITLE_BLOCK,2_VERSIONS_BY_SIZE_x3
13UVjxICoKd9GOGGN83naRYRXqS9QGNdX,Drawings/Bluebeam - set 2/Without measurement/W-50-1-A-0234.pdf,W-50-1-A-0234.pdf,pdf,application/pdf,501278,2024-12-11T03:09:16Z,Bluebeam - set 2/Without measurement,Bluebeam - set 2,W-50-1-A0234,,CLEAN_ORIGINAL_CANDIDATE,DEVELOPMENT,cvat/CVAT/W-50-1-A-0234.pdf,2339a7bafa1ae83aa43a704180834cdce2f60e47c92f395a84f3545ceb12703b,"lokal kopia, samma namn och storlek",NO_ANNOTATIONS NO_TEXT_LAYER_FOR_TITLE_BLOCK,2_VERSIONS_BY_SIZE_x3
1KymD3BTM3n4VNwXW5xggdVee-T2h6TVM,Drawings/Bluebeam - set 2/Without measurement/W-50-1-A-0223.pdf,W-50-1-A-0223.pdf,pdf,application/pdf,452278,2024-12-11T03:09:16Z,Bluebeam - set 2/Without measurement,Bluebeam - set 2,W-50-1-A0223,,CLEAN_ORIGINAL_CANDIDATE,DEVELOPMENT,cvat/CVAT/W-50-1-A-0223.pdf,4833417a403d2ee92b91d40cb57dfb9d476bd4085cb53faec397720a01a78aed,"lokal kopia, samma namn och storlek",NO_ANNOTATIONS NO_TEXT_LAYER_FOR_TITLE_BLOCK,2_VERSIONS_BY_SIZE_x3
1-TQmF_0efsRp_Mp-Da_f_53OUVWdk3Ou,Drawings/Bluebeam - set 2/Without measurement/W-50-1-A-0233.pdf,W-50-1-A-0233.pdf,pdf,application/pdf,506428,2024-12-11T03:09:16Z,Bluebeam - set 2/Without measurement,Bluebeam - set 2,W-50-1-A0233,,CLEAN_ORIGINAL_CANDIDATE,DEVELOPMENT,cvat/CVAT/W-50-1-A-0233.pdf,8b675e76163073e5bf636d6d70414c28c0f1d397820fb01173b711facebb2715,"lokal kopia, samma namn och storlek",NO_ANNOTATIONS NO_TEXT_LAYER_FOR_TITLE_BLOCK,2_VERSIONS_BY_SIZE_x3
1no5D3uHGCmXq4owi3EV-NQkBSdddqUVy,Drawings/Other drawings (different format)/Fyrens förskola,Fyrens förskola,,application/vnd.google-apps.folder,0,2026-09-10T22:02:14.461Z,Other drawings (different format),Other drawings (different format),,,FOLDER,,,,ej hämtad,,0_VERSIONS_BY_SIZE
1IOyu85-cuPNlFUQjcHWUPAAj8lEYwGSx,Drawings/Other drawings (different format)/Priorn,Priorn,,application/vnd.google-apps.folder,0,2026-09-10T22:02:14.457Z,Other drawings (different format),Other drawings (different format),,,FOLDER,,,,ej hämtad,,0_VERSIONS_BY_SIZE
1tNDv9m3KWximZ32hHZg8o6fd5f2RIHso,Drawings/Other drawings (different format)/TOFTASKOLAN HUS B,TOFTASKOLAN HUS B,,application/vnd.google-apps.folder,0,2026-09-10T22:02:14.455Z,Other drawings (different format),Other drawings (different format),,,FOLDER,,,,ej hämtad,,0_VERSIONS_BY_SIZE
1b3WxdRKB4a1YECqF1VflFIZRVeoJK5O1,Drawings/Other drawings (different format)/Fyrtornet 2,Fyrtornet 2,,application/vnd.google-apps.folder,0,2026-09-10T22:02:14.166Z,Other drawings (different format),Other drawings (different format),,,FOLDER,,,,ej hämtad,,0_VERSIONS_BY_SIZE
1R7YnIR6IOCuGdU3mKUyYbfFxzynlRW35,Drawings/Other drawings (different format)/Hamnmagasinet,Hamnmagasinet,,application/vnd.google-apps.folder,0,2026-09-10T22:02:14.160Z,Other drawings (different format),Other drawings (different format),,,FOLDER,,,,ej hämtad,,0_VERSIONS_BY_SIZE
1H-ujZTpt_ocxKtKWPrIlbekNGBJwJA9q,Drawings/Other drawings (different format)/Ritningar,Ritningar,,application/vnd.google-apps.folder,0,2026-09-10T22:02:14.157Z,Other drawings (different format),Other drawings (different format),,,FOLDER,,,,ej hämtad,,0_VERSIONS_BY_SIZE
1pL9QltYHZ-8u5nkcCe05j8KSGouYm-1K,Drawings/Other drawings (different format)/Hyllie hybrid,Hyllie hybrid,,application/vnd.google-apps.folder,0,2026-09-10T22:02:14.121Z,Other drawings (different format),Other drawings (different format),,,FOLDER,,,,ej hämtad,,0_VERSIONS_BY_SIZE
1zwlot7yGjRmKFiFaVa5nhX3Soh0eLx0d,Drawings/Other drawings (different format)/Axis,Axis,,application/vnd.google-apps.folder,0,2026-09-10T22:02:14.118Z,Other drawings (different format),Other drawings (different format),,,FOLDER,,,,ej hämtad,,0_VERSIONS_BY_SIZE
1ZhR-7Fxef-Gg2_BJrTtnDf_7F6TNV1UN,Drawings/Other drawings (different format)/Rundstickan,Rundstickan,,application/vnd.google-apps.folder,0,2026-09-10T22:02:14.117Z,Other drawings (different format),Other drawings (different format),,,FOLDER,,,,ej hämtad,,0_VERSIONS_BY_SIZE
12pAhkb5KM3E5jQPfeGaQjmLJToSKENay,Drawings/Pipe studio - style-source-pdfs/03 - Sweco - AutoCAD 2023 - pdfplot16 - Hairline,03 - Sweco - AutoCAD 2023 - pdfplot16 - Hairline,,application/vnd.google-apps.folder,0,2026-09-10T22:02:13.484Z,Pipe studio - style-source-pdfs,Pipe studio - style-source-pdfs,,,FOLDER,,,,ej hämtad,,0_VERSIONS_BY_SIZE
14ZTPSi_yfEbm6TGA5mj7Bcdg-2VjdclB,Drawings/Pipe studio - style-source-pdfs/06 - PO Andersson - Ghostscript 9.21,06 - PO Andersson - Ghostscript 9.21,21,application/vnd.google-apps.folder,0,2026-09-10T22:02:13.476Z,Pipe studio - style-source-pdfs,Pipe studio - style-source-pdfs,,,FOLDER,,,,ej hämtad,,0_VERSIONS_BY_SIZE
1nK9ncKXlmd05D_apqWdrq7H6xcHMIT6-,Drawings/Other drawings (different format)/Vinkelboda ombyggnad 2026,Vinkelboda ombyggnad 2026,,application/vnd.google-apps.folder,0,2026-09-10T22:02:13.476Z,Other drawings (different format),Other drawings (different format),,,FOLDER,,,,ej hämtad,,0_VERSIONS_BY_SIZE
1He9KxJ9dX8a41Cwgv-v2h2rryimbY3Ei,Drawings/Pipe studio - style-source-pdfs/11 - Sweco - Bluebeam Brewery 5.0 - Uniform Stroke,11 - Sweco - Bluebeam Brewery 5.0 - Uniform Stroke,0 - uniform stroke,application/vnd.google-apps.folder,0,2026-09-10T22:02:13.476Z,Pipe studio - style-source-pdfs,Pipe studio - style-source-pdfs,,,FOLDER,,,,ej hämtad,,0_VERSIONS_BY_SIZE
1uXny4Y-sAH0kudCu_L4DfwOsLm2bRn8H,Drawings/Pipe studio - style-source-pdfs/09 - Rejlers - Bluebeam Revu - Ghostscript 9.21,09 - Rejlers - Bluebeam Revu - Ghostscript 9.21,21,application/vnd.google-apps.folder,0,2026-09-10T22:02:13.475Z,Pipe studio - style-source-pdfs,Pipe studio - style-source-pdfs,,,FOLDER,,,,ej hämtad,,0_VERSIONS_BY_SIZE
1UfstOMe0JwkoUJar5hgT4VVMcOh332OQ,Drawings/Pipe studio - style-source-pdfs/08 - PQR Malmö - Bluebeam Revu - Ghostscript 9.21,08 - PQR Malmö - Bluebeam Revu - Ghostscript 9.21,21,application/vnd.google-apps.folder,0,2026-09-10T22:02:13.475Z,Pipe studio - style-source-pdfs,Pipe studio - style-source-pdfs,,,FOLDER,,,,ej hämtad,,0_VERSIONS_BY_SIZE
1thWanM5KTUDT3rkOfWHz6Vuwsbr2QDtn,Drawings/Pipe studio - style-source-pdfs/01 - AutoCAD - pdfplot14-16 - Ghostscript 9.21,01 - AutoCAD - pdfplot14-16 - Ghostscript 9.21,21,application/vnd.google-apps.folder,0,2026-09-10T22:02:13.475Z,Pipe studio - style-source-pdfs,Pipe studio - style-source-pdfs,,,FOLDER,,,,ej hämtad,,0_VERSIONS_BY_SIZE
1SHe1n9FkmLtT55NI_akN0bsl9hBPVUOn,Drawings/Pipe studio - style-source-pdfs/10 - Kjell Petersson - Bluebeam Revu - Ghostscript 9.21,10 - Kjell Petersson - Bluebeam Revu - Ghostscript 9.21,21,application/vnd.google-apps.folder,0,2026-09-10T22:02:13.473Z,Pipe studio - style-source-pdfs,Pipe studio - style-source-pdfs,,,FOLDER,,,,ej hämtad,,0_VERSIONS_BY_SIZE
1_5kkgXzpN-zL9f5HazDK3v5JCYguWFd4,Drawings/Pipe studio - style-source-pdfs/05 - Bengt Dahlgren - Ghostscript 9.21,05 - Bengt Dahlgren - Ghostscript 9.21,21,application/vnd.google-apps.folder,0,2026-09-10T22:02:13.472Z,Pipe studio - style-source-pdfs,Pipe studio - style-source-pdfs,,,FOLDER,,,,ej hämtad,,0_VERSIONS_BY_SIZE
1hlo76TSSdHAyIhncmZC7mG5zJCWbuFgU,Drawings/Other drawings (different format)/SJÄLVSTYRELSEGÅRDEN,SJÄLVSTYRELSEGÅRDEN,,application/vnd.google-apps.folder,0,2026-09-10T22:02:13.471Z,Other drawings (different format),Other drawings (different format),,,FOLDER,,,,ej hämtad,,0_VERSIONS_BY_SIZE
1wPovIWDC2dRLNATlKQdbCwTTjgdfadp-,Drawings/Pipe studio - style-source-pdfs/04 - VVS Konsulterna - Revit - Bluebeam Brewery 5.0,04 - VVS Konsulterna - Revit - Bluebeam Brewery 5.0,0,application/vnd.google-apps.folder,0,2026-09-10T22:02:13.143Z,Pipe studio - style-source-pdfs,Pipe studio - style-source-pdfs,,,FOLDER,,,,ej hämtad,,0_VERSIONS_BY_SIZE
1Yvn9nXCnG2_h7l1FJpksyCkFBvpz67kX,Drawings/Pipe studio - style-source-pdfs/07 - Arildssons Rör - Ghostscript 9.21,07 - Arildssons Rör - Ghostscript 9.21,21,application/vnd.google-apps.folder,0,2026-09-10T22:02:13.141Z,Pipe studio - style-source-pdfs,Pipe studio - style-source-pdfs,,,FOLDER,,,,ej hämtad,,0_VERSIONS_BY_SIZE
1265WQiUsmu7-T_QONkXxy239Z7zGSisI,Drawings/Pipe studio - style-source-pdfs/02 - Sweco - AutoCAD MEP 2020 - pdfplot15,02 - Sweco - AutoCAD MEP 2020 - pdfplot15,,application/vnd.google-apps.folder,0,2026-09-10T22:02:13.139Z,Pipe studio - style-source-pdfs,Pipe studio - style-source-pdfs,,,FOLDER,,,,ej hämtad,,0_VERSIONS_BY_SIZE
1jCO2P29crnIBRkvIP2y9s3bNu7OGQD5c,Drawings/Style of drawings/3,3,,application/vnd.google-apps.folder,0,2026-09-10T22:02:12.488Z,Style of drawings,Style of drawings,,,FOLDER,,,,ej hämtad,,0_VERSIONS_BY_SIZE
1b7E7Kyd-FWJcGiyiaNERMAcFcKEeoUqD,Drawings/Style of drawings/9,9,,application/vnd.google-apps.folder,0,2026-09-10T22:02:12.485Z,Style of drawings,Style of drawings,,,FOLDER,,,,ej hämtad,,0_VERSIONS_BY_SIZE
1YnnTZvnQdvtIagGW1Z8qhdWNJ4400ADG,Drawings/Style of drawings/10,10,,application/vnd.google-apps.folder,0,2026-09-10T22:02:12.485Z,Style of drawings,Style of drawings,,,FOLDER,,,,ej hämtad,,0_VERSIONS_BY_SIZE
1NzDJQIZoKfR3xoibrjUGiLtCgYV18iL-,Drawings/Style of drawings/7,7,,application/vnd.google-apps.folder,0,2026-09-10T22:02:12.485Z,Style of drawings,Style of drawings,,,FOLDER,,,,ej hämtad,,0_VERSIONS_BY_SIZE
1HWDan9pYeHU_tu-lM-k4L1bcISoe81sA,Drawings/Style of drawings/1,1,,application/vnd.google-apps.folder,0,2026-09-10T22:02:12.484Z,Style of drawings,Style of drawings,,,FOLDER,,,,ej hämtad,,0_VERSIONS_BY_SIZE
1fMHAgW8dpFg1FBRQxnqOj5tvVDN_btPD,Drawings/Style of drawings/11,11,,application/vnd.google-apps.folder,0,2026-09-10T22:02:12.482Z,Style of drawings,Style of drawings,,,FOLDER,,,,ej hämtad,,0_VERSIONS_BY_SIZE
1raUXumD8-GDMx9qsVV3knjjptcnjER-_,Drawings/Style of drawings/8,8,,application/vnd.google-apps.folder,0,2026-09-10T22:02:12.482Z,Style of drawings,Style of drawings,,,FOLDER,,,,ej hämtad,,0_VERSIONS_BY_SIZE
1tukdoBx2t3xdRtCO5Kx1IEXFWTZjgm6B,Drawings/Style of drawings/6,6,,application/vnd.google-apps.folder,0,2026-09-10T22:02:12.482Z,Style of drawings,Style of drawings,,,FOLDER,,,,ej hämtad,,0_VERSIONS_BY_SIZE
1a4-gcUWbyAcdMT_if5EtCBIG9_luXEtr,Drawings/Style of drawings/4,4,,application/vnd.google-apps.folder,0,2026-09-10T22:02:12.479Z,Style of drawings,Style of drawings,,,FOLDER,,,,ej hämtad,,0_VERSIONS_BY_SIZE
16rF9q5dhommU4qCu5VnCZVIPkhNPZKR1,Drawings/Style of drawings/12,12,,application/vnd.google-apps.folder,0,2026-09-10T22:02:12.477Z,Style of drawings,Style of drawings,,,FOLDER,,,,ej hämtad,,0_VERSIONS_BY_SIZE
1VZTNx71H6aGROarFUTgQh2sWmGYyg7Tm,Drawings/Style of drawings/13,13,,application/vnd.google-apps.folder,0,2026-09-10T22:02:12.157Z,Style of drawings,Style of drawings,,,FOLDER,,,,ej hämtad,,0_VERSIONS_BY_SIZE
1qDwQZZJjkY7IYnlUEpx-ovHupXgiQOIn,Drawings/Style of drawings/2,2,,application/vnd.google-apps.folder,0,2026-09-10T22:02:12.153Z,Style of drawings,Style of drawings,,,FOLDER,,,,ej hämtad,,0_VERSIONS_BY_SIZE
16Qcg6-9R0iFNR0trz3UxkuWS4yndmNwL,Drawings/Style of drawings/5,5,,application/vnd.google-apps.folder,0,2026-09-10T22:02:12.151Z,Style of drawings,Style of drawings,,,FOLDER,,,,ej hämtad,,0_VERSIONS_BY_SIZE
1zpc_uOm1ztyHt2fsGcQqggbdbd3nYN-3,Drawings/Pipe studio - style-source-pdfs/01 - AutoCAD - pdfplot14-16 - Ghostscript 9.21/.gitkeep,.gitkeep,,application/octet-stream,0,2026-09-09T07:17:08Z,Pipe studio - style-source-pdfs/01 - AutoCAD - pdfplot14-16 - Ghostscript 9.21,Pipe studio - style-source-pdfs,,,SYSTEM_FILE,,,,ej hämtad,,0_VERSIONS_BY_SIZE
1sGNI7YAFN2jcvvHbVsJtT2aY7UU0xdO6,Drawings/Pipe studio - style-source-pdfs/03 - Sweco - AutoCAD 2023 - pdfplot16 - Hairline/.gitkeep,.gitkeep,,application/octet-stream,0,2026-09-09T07:17:08Z,Pipe studio - style-source-pdfs/03 - Sweco - AutoCAD 2023 - pdfplot16 - Hairline,Pipe studio - style-source-pdfs,,,SYSTEM_FILE,,,,ej hämtad,,0_VERSIONS_BY_SIZE
1RHbB5rB-4AawJL5s_REYJ0pWSgPtP3fa,Drawings/Pipe studio - style-source-pdfs/05 - Bengt Dahlgren - Ghostscript 9.21/.gitkeep,.gitkeep,,application/octet-stream,0,2026-09-09T07:17:08Z,Pipe studio - style-source-pdfs/05 - Bengt Dahlgren - Ghostscript 9.21,Pipe studio - style-source-pdfs,,,SYSTEM_FILE,,,,ej hämtad,,0_VERSIONS_BY_SIZE
1xkw2xKz5PXMZYow_UbxKysjCLYhub8zw,Drawings/Pipe studio - style-source-pdfs/08 - PQR Malmö - Bluebeam Revu - Ghostscript 9.21/.gitkeep,.gitkeep,,application/octet-stream,0,2026-09-09T07:17:08Z,Pipe studio - style-source-pdfs/08 - PQR Malmö - Bluebeam Revu - Ghostscript 9.21,Pipe studio - style-source-pdfs,,,SYSTEM_FILE,,,,ej hämtad,,0_VERSIONS_BY_SIZE
1h-XQhBTRKyU_dcl9n9qt-0JlfRD8YThx,Drawings/Pipe studio - style-source-pdfs/11 - Sweco - Bluebeam Brewery 5.0 - Uniform Stroke/.gitkeep,.gitkeep,,application/octet-stream,0,2026-09-09T07:17:08Z,Pipe studio - style-source-pdfs/11 - Sweco - Bluebeam Brewery 5.0 - Uniform Stroke,Pipe studio - style-source-pdfs,,,SYSTEM_FILE,,,,ej hämtad,,0_VERSIONS_BY_SIZE
1dDgtVwrtRLZcGJucdLWWEextayFfhk4p,Drawings/Pipe studio - style-source-pdfs/06 - PO Andersson - Ghostscript 9.21/.gitkeep,.gitkeep,,application/octet-stream,0,2026-09-09T07:17:08Z,Pipe studio - style-source-pdfs/06 - PO Andersson - Ghostscript 9.21,Pipe studio - style-source-pdfs,,,SYSTEM_FILE,,,,ej hämtad,,0_VERSIONS_BY_SIZE
1sPTF7gqniL3e4X8miZLKrqTWoS7tB_5f,Drawings/Pipe studio - style-source-pdfs/09 - Rejlers - Bluebeam Revu - Ghostscript 9.21/.gitkeep,.gitkeep,,application/octet-stream,0,2026-09-09T07:17:08Z,Pipe studio - style-source-pdfs/09 - Rejlers - Bluebeam Revu - Ghostscript 9.21,Pipe studio - style-source-pdfs,,,SYSTEM_FILE,,,,ej hämtad,,0_VERSIONS_BY_SIZE
1S6kLt4SLyRN_dG68TSHplpfoHfyaRC6S,Drawings/Pipe studio - style-source-pdfs/10 - Kjell Petersson - Bluebeam Revu - Ghostscript 9.21/.gitkeep,.gitkeep,,application/octet-stream,0,2026-09-09T07:17:08Z,Pipe studio - style-source-pdfs/10 - Kjell Petersson - Bluebeam Revu - Ghostscript 9.21,Pipe studio - style-source-pdfs,,,SYSTEM_FILE,,,,ej hämtad,,0_VERSIONS_BY_SIZE
1E3G513VmcQa80T0FT2uB_n8y9M3Xw86L,Drawings/Pipe studio - style-source-pdfs/07 - Arildssons Rör - Ghostscript 9.21/.gitkeep,.gitkeep,,application/octet-stream,0,2026-09-09T07:17:08Z,Pipe studio - style-source-pdfs/07 - Arildssons Rör - Ghostscript 9.21,Pipe studio - style-source-pdfs,,,SYSTEM_FILE,,,,ej hämtad,,0_VERSIONS_BY_SIZE
1ltQQr3jVti4Qp6NvTcdSVFfgG6FnrKK-,Drawings/Pipe studio - style-source-pdfs/02 - Sweco - AutoCAD MEP 2020 - pdfplot15/.gitkeep,.gitkeep,,application/octet-stream,0,2026-09-09T07:17:08Z,Pipe studio - style-source-pdfs/02 - Sweco - AutoCAD MEP 2020 - pdfplot15,Pipe studio - style-source-pdfs,,,SYSTEM_FILE,,,,ej hämtad,,0_VERSIONS_BY_SIZE
1pxuw4kmOYk3yI7qK7bNN9B2ExeqZo_8Y,Drawings/Pipe studio - style-source-pdfs/04 - VVS Konsulterna - Revit - Bluebeam Brewery 5.0/.gitkeep,.gitkeep,,application/octet-stream,0,2026-09-09T07:17:08Z,Pipe studio - style-source-pdfs/04 - VVS Konsulterna - Revit - Bluebeam Brewery 5.0,Pipe studio - style-source-pdfs,,,SYSTEM_FILE,,,,ej hämtad,,0_VERSIONS_BY_SIZE
1cskHkM-0ZlWYFSJFNX5Tjg2kwas561p5,Drawings/Pipe studio - style-source-pdfs/07 - Arildssons Rör - Ghostscript 9.21/Bläckhornet.pdf,Bläckhornet.pdf,pdf,application/pdf,2622812,2026-09-09T03:10:06Z,Pipe studio - style-source-pdfs/07 - Arildssons Rör - Ghostscript 9.21,Pipe studio - style-source-pdfs,,,STYLE_SOURCE_PDF,DEVELOPMENT,styles/src/07 - Arildssons Rör - Ghostscript 9.21/Bläckhornet.pdf,d7ec89dd229a1b442d62bc3961c6c312a4017735d40c5f8bb7b6a3e5d210331e,"lokal kopia, samma storlek och typ",NO_ANNOTATIONS,2_VERSIONS_BY_SIZE
1R8RTTcvA5kG5OObPSbLCdBtrvUlTBfOp,Drawings/Pipe studio - style-source-pdfs/05 - Bengt Dahlgren - Ghostscript 9.21/Löpöglan 2.pdf,Löpöglan 2.pdf,pdf,application/pdf,898856,2026-09-09T03:09:26Z,Pipe studio - style-source-pdfs/05 - Bengt Dahlgren - Ghostscript 9.21,Pipe studio - style-source-pdfs,,,STYLE_SOURCE_PDF,DEVELOPMENT,styles/src/05 - Bengt Dahlgren - Ghostscript 9.21/Löpöglan 2.pdf,4d043ad94bf7cd85c1b8d4e3b365af1fbdd62ddd5dd659d785348e83c1c28d09,"lokal kopia, samma storlek och typ",NO_ANNOTATIONS,2_VERSIONS_BY_SIZE
1SGqRSCsDMDsz0ve1D-gP6-69hshlq_3Z,Drawings/Pipe studio - style-source-pdfs/06 - PO Andersson - Ghostscript 9.21/Badskon 1.pdf,Badskon 1.pdf,pdf,application/pdf,270469,2026-09-09T03:08:14Z,Pipe studio - style-source-pdfs/06 - PO Andersson - Ghostscript 9.21,Pipe studio - style-source-pdfs,,,STYLE_SOURCE_PDF,DEVELOPMENT,styles/src/06 - PO Andersson - Ghostscript 9.21/Badskon 1.pdf,26700259cef8676d897e8533a37c9d0cb321554bb41ec7fa82216722ae25a62c,"lokal kopia, samma namn och storlek",NO_ANNOTATIONS,2_VERSIONS_BY_SIZE
1L_5TAoX_yqKgf_sRYrW-3pmzA3jGLh-P,Drawings/CVAT/V-50-1-A0222_cvat_job3293980/annotations.xml,annotations.xml,xml,text/xml,208233,2026-09-01T11:30:30Z,CVAT/V-50-1-A0222_cvat_job3293980,CVAT,V-50-1-A0222,,CVAT_REFERENCE,DEVELOPMENT,cvat/CVAT/V-50-1-A0222_cvat_job3293980/annotations.xml,f5c5a048f239181fe71dec3b0a33a5bf0e6e7089109afdfe59e6b4db4c682483,"lokal kopia, samma namn och storlek",CVAT_IMAGE_IS_THIS_SHEET SHAPES(0),33_VERSIONS_BY_SIZE
1hFIMpwPguxT-CuYsen_MVh-2TrbU_r6_,Drawings/CVAT/V-50-1-A0123_cvat_job3293975/annotations.xml,annotations.xml,xml,text/xml,496832,2026-09-01T11:30:30Z,CVAT/V-50-1-A0123_cvat_job3293975,CVAT,V-50-1-A0123,,CVAT_REFERENCE,DEVELOPMENT,cvat/CVAT/V-50-1-A0123_cvat_job3293975/annotations.xml,cf5aa8bedbe0aafd1808652e339dabf8cb77e085a48840502c58e1c02d36db81,"lokal kopia, samma namn och storlek",CVAT_IMAGE_IS_THIS_SHEET SHAPES(0),33_VERSIONS_BY_SIZE
1fFln9FLYXuJUem22b4YLGjzwBz3-A-yR,Drawings/CVAT/W-50-1-A-0134_cvat_job3144607/annotations.xml,annotations.xml,xml,text/xml,475190,2026-09-01T11:30:28Z,CVAT/W-50-1-A-0134_cvat_job3144607,CVAT,W-50-1-A0134,,CVAT_REFERENCE,DEVELOPMENT,cvat/CVAT/W-50-1-A-0134_cvat_job3144607/annotations.xml,4e3bd02de0646f21d40e09d95a24603f078c4336958faf631797dde35a34059f,"lokal kopia, samma namn och storlek",CVAT_IMAGE_IS_THIS_SHEET SHAPES(0),33_VERSIONS_BY_SIZE
1DzvHyzVueOHgZhJISKhtQnl6qCdZcFAZ,Drawings/CVAT/W-50-1-A-0123_cvat_job3045493/annotations.xml,annotations.xml,xml,text/xml,453606,2026-09-01T11:30:28Z,CVAT/W-50-1-A-0123_cvat_job3045493,CVAT,W-50-1-A0123,,CVAT_REFERENCE,DEVELOPMENT,cvat/CVAT/W-50-1-A-0123_cvat_job3045493/annotations.xml,28ab13d163df9f229ecd5b6f9f3251facd9a0eb98d9ec79726b4ef66228ce538,"lokal kopia, samma namn och storlek",CVAT_IMAGE_IS_THIS_SHEET SHAPES(0),33_VERSIONS_BY_SIZE
1Z-8Ctgab9pt3VPL8TpdAXHfF8M6qPDBz,Drawings/CVAT/W-50-1-A-0114_cvat_job3045490/annotations.xml,annotations.xml,xml,text/xml,433328,2026-09-01T11:30:28Z,CVAT/W-50-1-A-0114_cvat_job3045490,CVAT,W-50-1-A0114,,CVAT_REFERENCE,DEVELOPMENT,cvat/CVAT/W-50-1-A-0114_cvat_job3045490/annotations.xml,bad4f3488318476cbe9a240b099b57212aa6fa69a3505dd7bd1021fa0876bc04,"lokal kopia, samma namn och storlek",CVAT_IMAGE_IS_THIS_SHEET SHAPES(0),33_VERSIONS_BY_SIZE
1SRcZhZmzsW_6mnOVi-mhDDzIsAiNTOKW,Drawings/CVAT/V-50-1-A0212_cvat_job3293978/annotations.xml,annotations.xml,xml,text/xml,393019,2026-09-01T11:30:30Z,CVAT/V-50-1-A0212_cvat_job3293978,CVAT,V-50-1-A0212,,CVAT_REFERENCE,DEVELOPMENT,cvat/CVAT/V-50-1-A0212_cvat_job3293978/annotations.xml,d17a071e05e8ce9dd801ac4df7fc6585550509f5e0e808aa4a6eb9e83595f012,"lokal kopia, samma namn och storlek",CVAT_IMAGE_IS_THIS_SHEET SHAPES(0),33_VERSIONS_BY_SIZE
1ae4wocMedI3e7sBZz4mE9jN1spdMt2th,Drawings/CVAT/W-50-1-A-0011_cvat_job2947372/annotations.xml,annotations.xml,xml,text/xml,325859,2026-09-01T11:30:30Z,CVAT/W-50-1-A-0011_cvat_job2947372,CVAT,W-50-1-A0011,,CVAT_REFERENCE,DEVELOPMENT,cvat/CVAT/W-50-1-A-0011_cvat_job2947372/annotations.xml,50e6be46f63bfa5f57f8b3aabbb780d0a90a86d35ac718ff7b23b57366bc3c5a,"lokal kopia, samma namn och storlek",CVAT_IMAGE_IS_THIS_SHEET SHAPES(2),33_VERSIONS_BY_SIZE
1ebD978LXKS8O5OL_chSqKcGLsk9VvcdC,Drawings/CVAT/V-50-1-A0312_cvat_job3293983/annotations.xml,annotations.xml,xml,text/xml,298692,2026-09-01T11:30:30Z,CVAT/V-50-1-A0312_cvat_job3293983,CVAT,V-50-1-A0312,,CVAT_REFERENCE,DEVELOPMENT,cvat/CVAT/V-50-1-A0312_cvat_job3293983/annotations.xml,840b10d5b199512dc64cdde962db869d26161d840e8bc0569c7d52f1ffb0432c,"lokal kopia, samma namn och storlek",CVAT_IMAGE_IS_THIS_SHEET SHAPES(0),33_VERSIONS_BY_SIZE
1VHn-l0sZjGqkIU2llBX3yNkO8pbmNNlh,Drawings/CVAT/V-50-1-A0223_cvat_job3293981/annotations.xml,annotations.xml,xml,text/xml,194067,2026-09-01T11:31:00Z,CVAT/V-50-1-A0223_cvat_job3293981,CVAT,V-50-1-A0223,,CVAT_REFERENCE,DEVELOPMENT,cvat/CVAT/V-50-1-A0223_cvat_job3293981/annotations.xml,259ea8324e326d0d21246ca554bf0b523c4d726065453683bb1ba4d9707a58f1,"lokal kopia, samma namn och storlek",CVAT_IMAGE_IS_THIS_SHEET SHAPES(0),33_VERSIONS_BY_SIZE
1oB5qGfXq8B78-_9eM3v23AMn0TgtHtN7,Drawings/CVAT/W-50-1-A-0013_cvat_job2945685/annotations.xml,annotations.xml,xml,text/xml,199013,2026-09-01T11:30:28Z,CVAT/W-50-1-A-0013_cvat_job2945685,CVAT,W-50-1-A0013,,CVAT_REFERENCE,DEVELOPMENT,cvat/CVAT/W-50-1-A-0013_cvat_job2945685/annotations.xml,fc70c01c8d1912fcbe91b8e6715d485db9295ab47f3ee8019e7a0dba8c183837,"lokal kopia, samma namn och storlek",CVAT_IMAGE_IS_THIS_SHEET SHAPES(0),33_VERSIONS_BY_SIZE
1t93DieTBeZ5wUfNWAuzi5oBOMRzMDMZB,Drawings/CVAT/V-50-1-A0111_cvat_job3293971/annotations.xml,annotations.xml,xml,text/xml,154479,2026-09-01T11:30:30Z,CVAT/V-50-1-A0111_cvat_job3293971,CVAT,V-50-1-A0111,,CVAT_REFERENCE,DEVELOPMENT,cvat/CVAT/V-50-1-A0111_cvat_job3293971/annotations.xml,a44315be13439011b56d6ee5120203b59db4dc5cbe818415e6206cc121425592,"lokal kopia, samma namn och storlek",CVAT_IMAGE_IS_THIS_SHEET SHAPES(0),33_VERSIONS_BY_SIZE
1H0xodKPEyYZUCH__sid1xfOOfE4Vvhw6,Drawings/CVAT/V-50-1-A0221_cvat_job3293979/annotations.xml,annotations.xml,xml,text/xml,130995,2026-09-01T11:30:30Z,CVAT/V-50-1-A0221_cvat_job3293979,CVAT,V-50-1-A0221,,CVAT_REFERENCE,DEVELOPMENT,cvat/CVAT/V-50-1-A0221_cvat_job3293979/annotations.xml,506b1b7d79088a9aeb18b1ef82ea919376be8429de9ca18ee7e4f829aab6e134,"lokal kopia, samma namn och storlek",CVAT_IMAGE_IS_THIS_SHEET SHAPES(0),33_VERSIONS_BY_SIZE
1KhzOBSZC56l0B9Q5xoZUeqv6r1wRborR,Drawings/CVAT/W-50-1-A-0021_cvat_job3045478/annotations.xml,annotations.xml,xml,text/xml,122085,2026-09-01T11:30:28Z,CVAT/W-50-1-A-0021_cvat_job3045478,CVAT,W-50-1-A0021,,CVAT_REFERENCE,DEVELOPMENT,cvat/CVAT/W-50-1-A-0021_cvat_job3045478/annotations.xml,92d765296a7d834314d6b4adec046f804c12b224b197555eb3e8d10077af4126,"lokal kopia, samma namn och storlek",CVAT_IMAGE_IS_THIS_SHEET SHAPES(0),33_VERSIONS_BY_SIZE
14dhdo8ZsJASmUGor3Ed9IqMBpblzibQ7,Drawings/CVAT/V-50-1-A0321_cvat_job3293984/annotations.xml,annotations.xml,xml,text/xml,139660,2026-09-01T11:30:30Z,CVAT/V-50-1-A0321_cvat_job3293984,CVAT,V-50-1-A0321,,CVAT_REFERENCE,DEVELOPMENT,cvat/CVAT/V-50-1-A0321_cvat_job3293984/annotations.xml,4a1fb9e35057dca59c4a1e805957b1c4b39460b8efb60ec095ed4d9cbd63e8eb,"lokal kopia, samma namn och storlek",CVAT_IMAGE_IS_THIS_SHEET SHAPES(0),33_VERSIONS_BY_SIZE
18TgJIDHF656zydp8aEdbLv1R62GZP7cP,Drawings/CVAT/W-50-1-A-0031_cvat_job3045483/annotations.xml,annotations.xml,xml,text/xml,105866,2026-09-01T11:30:28Z,CVAT/W-50-1-A-0031_cvat_job3045483,CVAT,W-50-1-A0031,,CVAT_REFERENCE,DEVELOPMENT,cvat/CVAT/W-50-1-A-0031_cvat_job3045483/annotations.xml,0b6781388ce4eb310102745e5f8fc074c89a10de131ed3dc778e077e75477f30,"lokal kopia, samma namn och storlek",CVAT_IMAGE_IS_THIS_SHEET SHAPES(0),33_VERSIONS_BY_SIZE
1-MRYP8vXgwvSS1_1BmnF1sfBMrukIK-Q,Drawings/CVAT/W-50-1-A-0113_cvat_job3045489/annotations.xml,annotations.xml,xml,text/xml,681184,2026-09-01T11:30:28Z,CVAT/W-50-1-A-0113_cvat_job3045489,CVAT,W-50-1-A0113,,CVAT_REFERENCE,DEVELOPMENT,cvat/CVAT/W-50-1-A-0113_cvat_job3045489/annotations.xml,3964f95104ffca192d7cd11bf72d7e1097633ffdacb08b95546fbbf5a145dd1d,"lokal kopia, samma namn och storlek",CVAT_IMAGE_IS_THIS_SHEET SHAPES(0),33_VERSIONS_BY_SIZE
1vuK7B_Hc-5c8-vwq6OfceTGfF78w6GJa,Drawings/CVAT/W-50-1-A-0133_cvat_job3045502/annotations.xml,annotations.xml,xml,text/xml,462080,2026-09-01T11:30:28Z,CVAT/W-50-1-A-0133_cvat_job3045502,CVAT,W-50-1-A0133,,CVAT_REFERENCE,DEVELOPMENT,cvat/CVAT/W-50-1-A-0133_cvat_job3045502/annotations.xml,8c4b9e2cf8b7555db4b4156b7bbc2beb15b1d4425e0ec1f66da6c1891958eae3,"lokal kopia, samma namn och storlek",CVAT_IMAGE_IS_THIS_SHEET SHAPES(0),33_VERSIONS_BY_SIZE
1DI2sr9IIBu1vZrtfSrvic5aHMBFmvYYP,Drawings/CVAT/V-50-1-A0124_cvat_job3293976/annotations.xml,annotations.xml,xml,text/xml,373706,2026-09-01T11:30:30Z,CVAT/V-50-1-A0124_cvat_job3293976,CVAT,V-50-1-A0124,,CVAT_REFERENCE,DEVELOPMENT,cvat/CVAT/V-50-1-A0124_cvat_job3293976/annotations.xml,0b7823607b4e23f877252c2e9f95fb476dd7791ae8a8ef85514c8d417481c4da,"lokal kopia, samma namn och storlek",CVAT_IMAGE_IS_THIS_SHEET SHAPES(0),33_VERSIONS_BY_SIZE
1a3lBpiCCG3hEHdfPU8ik8FZI18d4_4DB,Drawings/CVAT/V-50-1-A0112_cvat_job3293972/annotations.xml,annotations.xml,xml,text/xml,342157,2026-09-01T11:30:30Z,CVAT/V-50-1-A0112_cvat_job3293972,CVAT,V-50-1-A0112,,CVAT_REFERENCE,DEVELOPMENT,cvat/CVAT/V-50-1-A0112_cvat_job3293972/annotations.xml,740f45ef9c1581de996ea4e74cff66db28e9fe8a3802b5d02a2b1e9668fa09bd,"lokal kopia, samma namn och storlek",CVAT_IMAGE_IS_THIS_SHEET SHAPES(0),33_VERSIONS_BY_SIZE
1RhGJQHcFRW_juN6T3t9gjCs3RTXUvvl9,Drawings/CVAT/V-50-1-A0322_cvat_job3293985/annotations.xml,annotations.xml,xml,text/xml,261275,2026-09-01T11:30:30Z,CVAT/V-50-1-A0322_cvat_job3293985,CVAT,V-50-1-A0322,,CVAT_REFERENCE,DEVELOPMENT,cvat/CVAT/V-50-1-A0322_cvat_job3293985/annotations.xml,8dee4b21f358e16e219893e837665c558fabb0779bdf1528714d12caf382ffbe,"lokal kopia, samma namn och storlek",CVAT_IMAGE_IS_THIS_SHEET SHAPES(0),33_VERSIONS_BY_SIZE
14hhIjZo_BBYo3APyy8qSngeJY3oUAvI8,Drawings/CVAT/V-50-1-A0121_cvat_job3293973/annotations.xml,annotations.xml,xml,text/xml,166578,2026-09-01T11:30:30Z,CVAT/V-50-1-A0121_cvat_job3293973,CVAT,V-50-1-A0121,,CVAT_REFERENCE,DEVELOPMENT,cvat/CVAT/V-50-1-A0121_cvat_job3293973/annotations.xml,38235138492d012c5b09cd87bbe69261219a06361a0aca6d09da0fb395ce9448,"lokal kopia, samma namn och storlek",CVAT_IMAGE_IS_THIS_SHEET SHAPES(0),33_VERSIONS_BY_SIZE
19NNqn474hh2IHYUScXmzqg4CI7Pn9PbH,Drawings/CVAT/V-50-1-A0311_cvat_job3293982/annotations.xml,annotations.xml,xml,text/xml,133493,2026-09-01T11:30:30Z,CVAT/V-50-1-A0311_cvat_job3293982,CVAT,V-50-1-A0311,,CVAT_REFERENCE,DEVELOPMENT,cvat/CVAT/V-50-1-A0311_cvat_job3293982/annotations.xml,3e2bdc7e5097716aca3b8398fb3ec5778a3bf076a7797b813210e1a51eb982bf,"lokal kopia, samma namn och storlek",CVAT_IMAGE_IS_THIS_SHEET SHAPES(0),33_VERSIONS_BY_SIZE
1jCjnrVWOBHaxdm4RN1U7EGjyZtYujyzY,Drawings/CVAT/W-50-1-A-0023_cvat_job3045480/annotations.xml,annotations.xml,xml,text/xml,145597,2026-09-01T11:30:28Z,CVAT/W-50-1-A-0023_cvat_job3045480,CVAT,W-50-1-A0023,,CVAT_REFERENCE,DEVELOPMENT,cvat/CVAT/W-50-1-A-0023_cvat_job3045480/annotations.xml,4e38385bb2f2b53dd7cdfaced177b31748304379f4b4f33bd8b1b812e41d78dc,"lokal kopia, samma namn och storlek",CVAT_IMAGE_IS_THIS_SHEET SHAPES(0),33_VERSIONS_BY_SIZE
1tfSIW1mcivsM5QUPEiXDowHz5a9GUVf_,Drawings/CVAT/W-50-1-A-0032_cvat_job3045484/annotations.xml,annotations.xml,xml,text/xml,180915,2026-09-01T11:30:28Z,CVAT/W-50-1-A-0032_cvat_job3045484,CVAT,W-50-1-A0032,,CVAT_REFERENCE,DEVELOPMENT,cvat/CVAT/W-50-1-A-0032_cvat_job3045484/annotations.xml,905f3cbc414447a80595d82187f17d1dd98512414aa1a5a5b010b88fa8628a56,"lokal kopia, samma namn och storlek",CVAT_IMAGE_IS_THIS_SHEET SHAPES(0),33_VERSIONS_BY_SIZE
1lR6pgbXCE_r9lPRCcgQK_4p4ph5NaSu9,Drawings/CVAT/W-50-1-A-0022_cvat_job3045479/annotations.xml,annotations.xml,xml,text/xml,133407,2026-09-01T11:30:28Z,CVAT/W-50-1-A-0022_cvat_job3045479,CVAT,W-50-1-A0022,,CVAT_REFERENCE,DEVELOPMENT,cvat/CVAT/W-50-1-A-0022_cvat_job3045479/annotations.xml,6d5318a6099aec99478ad21c04b8a42ab89aa885bfa028f9331e893deb981be3,"lokal kopia, samma namn och storlek",CVAT_IMAGE_IS_THIS_SHEET SHAPES(0),33_VERSIONS_BY_SIZE
1MWO1cufwRgLJLaRe6jcV7yzqWLPDUnb4,Drawings/CVAT/V-50-1-A0211_cvat_job3293977/annotations.xml,annotations.xml,xml,text/xml,118970,2026-09-01T11:30:30Z,CVAT/V-50-1-A0211_cvat_job3293977,CVAT,V-50-1-A0211,,CVAT_REFERENCE,DEVELOPMENT,cvat/CVAT/V-50-1-A0211_cvat_job3293977/annotations.xml,c8e11699ecc3915234b0724fb6ee4e1497420fd765803ab3491c63f091b9f4bf,"lokal kopia, samma namn och storlek",CVAT_IMAGE_IS_THIS_SHEET SHAPES(0),33_VERSIONS_BY_SIZE
1Sn6D02xGw2-Ssd2Vkc3FijJfQa7SvcRa,Drawings/CVAT/W-50-1-A-0033_cvat_job1641396/annotations.xml,annotations.xml,xml,text/xml,2820,2026-09-01T11:30:30Z,CVAT/W-50-1-A-0033_cvat_job1641396,CVAT,W-50-1-A0033,,CVAT_REFERENCE,DEVELOPMENT,cvat/CVAT/W-50-1-A-0033_cvat_job1641396/annotations.xml,dd77c7871ba4d16fd916f44717768390d7f96520e3c037ba41f243396a779590,"lokal kopia, samma namn och storlek",CVAT_IMAGE_IS_THIS_SHEET SHAPES(0),33_VERSIONS_BY_SIZE
1cM0TzHRp33rfH6FfzFKc7w6z3oH7LIQj,Drawings/CVAT/W-50-1-A-0112_cvat_job3045487/annotations.xml,annotations.xml,xml,text/xml,220113,2026-09-01T11:30:28Z,CVAT/W-50-1-A-0112_cvat_job3045487,CVAT,W-50-1-A0112,,CVAT_REFERENCE,DEVELOPMENT,cvat/CVAT/W-50-1-A-0112_cvat_job3045487/annotations.xml,3123dded0f52905dd96197807b73e4f3b32dae08db6b34084703b5af5e9d1036,"lokal kopia, samma namn och storlek",CVAT_IMAGE_IS_THIS_SHEET SHAPES(0),33_VERSIONS_BY_SIZE
1iFIDtop5pFF97qEOSgf_wSN3En3hN1ix,Drawings/CVAT/W-50-1-A-0014_cvat_job3045476/annotations.xml,annotations.xml,xml,text/xml,187455,2026-09-01T10:25:40Z,CVAT/W-50-1-A-0014_cvat_job3045476,CVAT,W-50-1-A0014,,CVAT_REFERENCE,DEVELOPMENT,cvat/CVAT/W-50-1-A-0014_cvat_job3045476/annotations.xml,6e65fff7452a80fb2c4f3ea958514184967bc81de07608130fbf6e2f36d61013,"lokal kopia, samma namn och storlek",CVAT_IMAGE_IS_THIS_SHEET SHAPES(0),33_VERSIONS_BY_SIZE
1VBqgCSzhFTvv26_blJM6JwWuykYj2D74,Drawings/CVAT/W-50-1-A-0024_cvat_job3045481/annotations.xml,annotations.xml,xml,text/xml,196082,2026-09-01T10:25:42Z,CVAT/W-50-1-A-0024_cvat_job3045481,CVAT,W-50-1-A0024,,CVAT_REFERENCE,DEVELOPMENT,cvat/CVAT/W-50-1-A-0024_cvat_job3045481/annotations.xml,312d7672f5cfe5fb978d8648f68ca665f2c7a9de56a9b1394dcdc7ffc284c204,"lokal kopia, samma namn och storlek",CVAT_IMAGE_IS_THIS_SHEET SHAPES(0),33_VERSIONS_BY_SIZE
1G4Pf8idDJcKSiqCaK9cGMh19iqF0CCsC,Drawings/CVAT/W-50-1-A-0111_cvat_job3045486/annotations.xml,annotations.xml,xml,text/xml,671811,2026-09-01T10:25:40Z,CVAT/W-50-1-A-0111_cvat_job3045486,CVAT,W-50-1-A0111,,CVAT_REFERENCE,DEVELOPMENT,cvat/CVAT/W-50-1-A-0111_cvat_job3045486/annotations.xml,c49d911cf9ac7072b8eafef4d2539c4f7da4b3d60c1ed30d45dbb2327d72d711,"lokal kopia, samma namn och storlek",CVAT_IMAGE_IS_THIS_SHEET SHAPES(0),33_VERSIONS_BY_SIZE
1RWfqNV6lgSBp6-UuQb-dy1_TqStvcVq_,Drawings/CVAT/W-50-1-A-0034_cvat_job3045485/annotations.xml,annotations.xml,xml,text/xml,125184,2026-09-01T10:25:42Z,CVAT/W-50-1-A-0034_cvat_job3045485,CVAT,W-50-1-A0034,,CVAT_REFERENCE,DEVELOPMENT,cvat/CVAT/W-50-1-A-0034_cvat_job3045485/annotations.xml,e5c8f745f7d9d8c7e51e02d91282f4029c3de4d0e35785f0d5c8aee3b85c0e83,"lokal kopia, samma namn och storlek",CVAT_IMAGE_IS_THIS_SHEET SHAPES(0),33_VERSIONS_BY_SIZE
1G1hOxZN3GtWbWlD7WZS4YLTpTjsgcKA9,Drawings/CVAT/W-50-1-A-0033_cvat_job3005645/annotations.xml,annotations.xml,xml,text/xml,35696,2026-09-01T10:25:42Z,CVAT/W-50-1-A-0033_cvat_job3005645,CVAT,W-50-1-A0033,,CVAT_REFERENCE,DEVELOPMENT,cvat/CVAT/W-50-1-A-0033_cvat_job3005645/annotations.xml,4ce1b4365e9bb6e2469fb85e3674d1e1ad5a75b582c46f73973f6b7a838fcfe5,"lokal kopia, samma namn och storlek",CVAT_IMAGE_IS_THIS_SHEET SHAPES(0),33_VERSIONS_BY_SIZE
1FvZKNbB4GFqJorFiejjOMY0UbiPvJKJc,Drawings/Style of drawings/9/Godsfinkan 2.pdf,Godsfinkan 2.pdf,pdf,application/pdf,17968866,2026-08-21T09:53:36Z,Style of drawings/9,Style of drawings,,,STYLE_PDF,DEVELOPMENT,styles/z/9/Godsfinkan 2.pdf,1b774efb7c5619bc8ccf4066b1660b48b282a2ec987cbfb227af19f05aec5f97,"lokal kopia, samma namn och storlek",NO_ANNOTATIONS,IDENTICAL_IN_2_PLACES
1lyT2ZBnSUjnpDD4QReJ9E01IZHgnHV6w,Drawings/Style of drawings/10/Löpöglan 2.pdf,Löpöglan 2.pdf,pdf,application/pdf,23274736,2026-08-21T09:55:08Z,Style of drawings/10,Style of drawings,,,STYLE_PDF,DEVELOPMENT,styles/z/10/Löpöglan 2.pdf,c9dd8d042e4864de25973b4236701fdd451fb6ab4dc926d4dec62f70a90bc75a,"lokal kopia, samma storlek och typ",NO_ANNOTATIONS,2_VERSIONS_BY_SIZE_x2
1rJIlfUns0O3lfu30RSLq2ackaLM0OkJX,Drawings/Style of drawings/11/Bläckhornet.pdf,Bläckhornet.pdf,pdf,application/pdf,18954156,2026-08-21T09:55:42Z,Style of drawings/11,Style of drawings,,,STYLE_PDF,DEVELOPMENT,styles/z/11/Bläckhornet.pdf,284fce9b4fbd491e1e012644be1a03a85ab743ed3892e3b4c2001ba5b90e272e,"lokal kopia, samma storlek och typ",NO_ANNOTATIONS,2_VERSIONS_BY_SIZE_x2
1hIcF6oepT_McKvLuHbWHz0qYNAVkYSC5,"Drawings/Pipe studio - style-source-pdfs/04 - VVS Konsulterna - Revit - Bluebeam Brewery 5.0/V50-1-0842 - Plan B2, Del 42, Värme & Sanitäranlägg-.pdf","V50-1-0842 - Plan B2, Del 42, Värme & Sanitäranlägg-.pdf",pdf,application/pdf,277531,2026-08-21T09:46:58Z,Pipe studio - style-source-pdfs/04 - VVS Konsulterna - Revit - Bluebeam Brewery 5.0,Pipe studio - style-source-pdfs,V-50-1-0842,,STYLE_SOURCE_PDF,DEVELOPMENT,"styles/src/04 - VVS Konsulterna - Revit - Bluebeam Brewery 5.0/V50-1-0842 - Plan B2, Del 42, Värme & Sanitäranlägg-.pdf",ef53f8474ca0a36eb6e0eaa55909c54c87af856b3e87806ca95be652d1c4cb70,"lokal kopia, samma storlek och typ",NO_ANNOTATIONS ID_IN_SHEET_TEXT,IDENTICAL_IN_4_PLACES
1dUSw9lgnsLJHSAdHL8Q3d1t128qcOZRi,Drawings/Pipe studio - style-source-pdfs/08 - PQR Malmö - Bluebeam Revu - Ghostscript 9.21/6.pdf,6.pdf,pdf,application/pdf,1920367,2026-08-17T04:58:30Z,Pipe studio - style-source-pdfs/08 - PQR Malmö - Bluebeam Revu - Ghostscript 9.21,Pipe studio - style-source-pdfs,,,STYLE_SOURCE_PDF,DEVELOPMENT,styles/z/4/6.pdf,8f070fe1eea57a52d84e89ae9232f587f332dbedbde2daeb05aa3edd33697ade,"lokal kopia, samma namn och storlek",NO_ANNOTATIONS,3_VERSIONS_BY_SIZE_x2
1cZHEQbBDQW2OO0UMrjJ1i9qw1xYs4J3b,Drawings/Pipe studio - style-source-pdfs/01 - AutoCAD - pdfplot14-16 - Ghostscript 9.21/W-50-1-A-0131.pdf,W-50-1-A-0131.pdf,pdf,application/pdf,608976,2026-08-17T04:54:18Z,Pipe studio - style-source-pdfs/01 - AutoCAD - pdfplot14-16 - Ghostscript 9.21,Pipe studio - style-source-pdfs,W-50-1-A0131,,STYLE_SOURCE_PDF,DEVELOPMENT,styles/src/00 - skalstockar/W-50-1-A-0131.pdf,2a0ec2a4e5e53f6536f6d0e505ec36584879d038d8be01f86269afd1febd4c11,"lokal kopia, samma namn och storlek",NO_ANNOTATIONS NO_TEXT_LAYER_FOR_TITLE_BLOCK,2_VERSIONS_BY_SIZE_x5
1Wh9pYG1iCNNaHEb4sGX1ST7iwRCSIyoF,Drawings/Pipe studio - style-source-pdfs/11 - Sweco - Bluebeam Brewery 5.0 - Uniform Stroke/R1502.pdf,R1502.pdf,pdf,application/pdf,877521,2026-08-17T05:00:18Z,Pipe studio - style-source-pdfs/11 - Sweco - Bluebeam Brewery 5.0 - Uniform Stroke,Pipe studio - style-source-pdfs,,,STYLE_SOURCE_PDF,DEVELOPMENT,styles/z/6/R1502.pdf,93f060ebf7760e1e3ede566f613315b54f99ca7432516fcd507c7e73d0b2bf6c,"lokal kopia, samma namn och storlek",NO_ANNOTATIONS,IDENTICAL_IN_2_PLACES
1X4UA7D8GnuooCwbpg1kwP-lzRimIOOhr,Drawings/Pipe studio - style-source-pdfs/01 - AutoCAD - pdfplot14-16 - Ghostscript 9.21/V-50-1-A0101.pdf,V-50-1-A0101.pdf,pdf,application/pdf,440269,2026-08-17T04:17:54Z,Pipe studio - style-source-pdfs/01 - AutoCAD - pdfplot14-16 - Ghostscript 9.21,Pipe studio - style-source-pdfs,V-50-1-A0101,,STYLE_SOURCE_PDF,DEVELOPMENT,styles/src/01 - AutoCAD - pdfplot14-16 - Ghostscript 9.21/V-50-1-A0101.pdf,ad71f5dcfd7a5058d96db626e65bb4181a3b69e1886964c2a38ac0ac3bd9892e,"lokal kopia, samma namn och storlek",ANNOTATED(343) ENGINE_STRIPS_ANNOTS NO_TEXT_LAYER_FOR_TITLE_BLOCK,IDENTICAL_IN_3_PLACES
1VrQB2fmQRzQCeuka3B0fuK7c_gJYp9Cj,Drawings/Pipe studio - style-source-pdfs/10 - Kjell Petersson - Bluebeam Revu - Ghostscript 9.21/10.pdf,10.pdf,pdf,application/pdf,182893,2026-08-17T05:03:10Z,Pipe studio - style-source-pdfs/10 - Kjell Petersson - Bluebeam Revu - Ghostscript 9.21,Pipe studio - style-source-pdfs,,,STYLE_SOURCE_PDF,DEVELOPMENT,styles/z/9/10.pdf,6089f60be80a4b55cf6035569a61a7ae37651b2131f7b44e6f133cd65455437e,"lokal kopia, samma namn och storlek",NO_ANNOTATIONS,3_VERSIONS_BY_SIZE_x2
1JLQ_5NvTSlDcJjScqtD66SDdxmvAI__7,Drawings/Pipe studio - style-source-pdfs/09 - Rejlers - Bluebeam Revu - Ghostscript 9.21/2.pdf,2.pdf,pdf,application/pdf,183576,2026-08-17T04:59:42Z,Pipe studio - style-source-pdfs/09 - Rejlers - Bluebeam Revu - Ghostscript 9.21,Pipe studio - style-source-pdfs,,,STYLE_SOURCE_PDF,DEVELOPMENT,styles/z/5/2.pdf,f66fd5bcac89c070671434bd5994aef2e2769b978520a5f60873816547f822f8,"lokal kopia, samma namn och storlek",NO_ANNOTATIONS,2_VERSIONS_BY_SIZE_x2
1et3qGX6hVq3oeqWfF5DDINk1LeV3Nntl,Drawings/Pipe studio - style-source-pdfs/02 - Sweco - AutoCAD MEP 2020 - pdfplot15/V-50-1-A0122.pdf,V-50-1-A0122.pdf,pdf,application/pdf,525332,2026-08-17T04:55:20Z,Pipe studio - style-source-pdfs/02 - Sweco - AutoCAD MEP 2020 - pdfplot15,Pipe studio - style-source-pdfs,V-50-1-A0122,,STYLE_SOURCE_PDF,DEVELOPMENT,styles/z/2/V-50-1-A0122.pdf,d064d3b5dc3d0fe48ba7e69b641b5084b1e714a150fd7f731bad93f03eda6207,"lokal kopia, samma namn och storlek",ANNOTATED(30) ENGINE_STRIPS_ANNOTS ID_IN_SHEET_TEXT,3_VERSIONS_BY_SIZE_x5
1a_GY_SOEsg3zCBZbwtryW2NwqVJOxAa7,Drawings/Style of drawings/9/11.pdf,11.pdf,pdf,application/pdf,385357,2026-08-17T05:03:10Z,Style of drawings/9,Style of drawings,,,STYLE_PDF,DEVELOPMENT,styles/z/9/11.pdf,b1cca43007c2527999d9204bac86279d5c06b8bc70db3d6a0c1b551792c8f2c1,"lokal kopia, samma namn och storlek",NO_ANNOTATIONS,2_VERSIONS_BY_SIZE
1hwO6lHalre70v6r9wCgoRYVCflL04vEQ,Drawings/Style of drawings/9/7.pdf,7.pdf,pdf,application/pdf,298393,2026-08-17T05:03:10Z,Style of drawings/9,Style of drawings,,,STYLE_PDF,DEVELOPMENT,styles/z/9/7.pdf,db1a1f570507963114ba91170b3f2076897b6e8050aa8f1634882c166ab07a52,"lokal kopia, samma namn och storlek",NO_ANNOTATIONS,4_VERSIONS_BY_SIZE
1iMreTA1dN9vNeI2nk-zXwsLOACyzYSFg,Drawings/Style of drawings/9/9.pdf,9.pdf,pdf,application/pdf,287919,2026-08-17T05:03:10Z,Style of drawings/9,Style of drawings,,,STYLE_PDF,DEVELOPMENT,styles/z/9/9.pdf,2023baa9557700517b6187341f8850a6370e9a5033c361d6680c6ca4382734a7,"lokal kopia, samma namn och storlek",NO_ANNOTATIONS,4_VERSIONS_BY_SIZE_x2
1fBueAbRWvq250w5bb1BtZ7vA0Lqe_2mK,Drawings/Style of drawings/9/78.pdf,78.pdf,pdf,application/pdf,261662,2026-08-17T05:03:10Z,Style of drawings/9,Style of drawings,,,STYLE_PDF,DEVELOPMENT,styles/z/9/78.pdf,804bc9500f4c265f005e1b2ca250a8e8f7d6febfc5300e8706bb96b54c4039ed,"lokal kopia, samma namn och storlek",NO_ANNOTATIONS,UNIQUE
1R4WRh6AG11qSW61j7z3OrxqBRENvS8Ny,Drawings/Style of drawings/9/12.pdf,12.pdf,pdf,application/pdf,211817,2026-08-17T05:03:10Z,Style of drawings/9,Style of drawings,,,STYLE_PDF,DEVELOPMENT,styles/z/9/12.pdf,efdb5ff8adb301da22160ec614625098f19cf7056aac7ef09362321e3e24ecef,"lokal kopia, samma namn och storlek",NO_ANNOTATIONS,2_VERSIONS_BY_SIZE
1WDtZ26-cEXtue4Uy1IKk_Jwf3kHzpdSB,Drawings/Style of drawings/9/10.pdf,10.pdf,pdf,application/pdf,182893,2026-08-17T05:03:10Z,Style of drawings/9,Style of drawings,,,STYLE_PDF,DEVELOPMENT,styles/z/9/10.pdf,6089f60be80a4b55cf6035569a61a7ae37651b2131f7b44e6f133cd65455437e,"lokal kopia, samma namn och storlek",NO_ANNOTATIONS,3_VERSIONS_BY_SIZE_x2
1FzAyfernUBbGnqT3ozrgwGdQKoCV7yRr,Drawings/Style of drawings/9/8.pdf,8.pdf,pdf,application/pdf,182254,2026-08-17T05:03:10Z,Style of drawings/9,Style of drawings,,,STYLE_PDF,DEVELOPMENT,styles/z/9/8.pdf,5f8edaeca72d87476b440bf5368fb9cb81ce2d2e004eb1eb6daf2d659669b1d9,"lokal kopia, samma namn och storlek",NO_ANNOTATIONS,3_VERSIONS_BY_SIZE
1lAWy56Y1lHojprWltf_v4hAQjTusE8dy,Drawings/Style of drawings/12/V-50-1-A0201.pdf,V-50-1-A0201.pdf,pdf,application/pdf,407149,2026-08-17T04:17:54Z,Style of drawings/12,Style of drawings,V-50-1-A0201,,STYLE_PDF,DEVELOPMENT,styles/Priorn/V-50-1-A0201.pdf,cbb4f5082365a2a3dadd17d5124c51180639a738acba3f71b19195b71d9ca40d,"lokal kopia, samma namn och storlek",ANNOTATED(273) ENGINE_STRIPS_ANNOTS NO_TEXT_LAYER_FOR_TITLE_BLOCK,IDENTICAL_IN_2_PLACES
17Y6O6wAsFDAzvtmXkBR9hxQyZJuHMlWD,Drawings/Style of drawings/12/V-50-1-A0202.pdf,V-50-1-A0202.pdf,pdf,application/pdf,386016,2026-08-17T04:17:54Z,Style of drawings/12,Style of drawings,V-50-1-A0202,,STYLE_PDF,DEVELOPMENT,styles/Priorn/V-50-1-A0202.pdf,9e7bf7fe63b29dc63bd82df083f8794909c0541ea5e9305897eb7c100144f5f9,"lokal kopia, samma namn och storlek",ANNOTATED(233) ENGINE_STRIPS_ANNOTS NO_TEXT_LAYER_FOR_TITLE_BLOCK,IDENTICAL_IN_2_PLACES
17u3qVJQlfjht8EF7osP56XiazKGpnALV,Drawings/Style of drawings/12/V-50-1-A0001.pdf,V-50-1-A0001.pdf,pdf,application/pdf,406596,2026-08-17T04:17:54Z,Style of drawings/12,Style of drawings,V-50-1-A0001,,STYLE_PDF,DEVELOPMENT,styles/Priorn/V-50-1-A0001.pdf,0f85ea113062bf33d6742fc6b1be29608514b251d9591f516527a6a4be6aa358,"lokal kopia, samma namn och storlek",ANNOTATED(254) ENGINE_STRIPS_ANNOTS NO_TEXT_LAYER_FOR_TITLE_BLOCK,2_VERSIONS_BY_SIZE_x2
1MdklbDNYJxuaFGT6J4VvLNaydP2OFA_p,Drawings/Style of drawings/12/V-56-1-A0102.pdf,V-56-1-A0102.pdf,pdf,application/pdf,370400,2026-08-17T04:17:54Z,Style of drawings/12,Style of drawings,V-56-1-A0102,,STYLE_PDF,DEVELOPMENT,styles/Priorn/V-56-1-A0102.pdf,88d1d4c7c850ef122f4ac851d65c8cae7fe8288854b41e89fcc4a277bc260198,"lokal kopia, samma namn och storlek",ANNOTATED(108) ENGINE_STRIPS_ANNOTS ID_NOT_IN_SHEET_TEXT,IDENTICAL_IN_2_PLACES
13XbZc5O5dVEa0D6ZOvbR9jMq1hFAr3Zx,Drawings/Style of drawings/12/V-50-2-A0003.pdf,V-50-2-A0003.pdf,pdf,application/pdf,338561,2026-08-17T04:17:54Z,Style of drawings/12,Style of drawings,V-50-2-A0003,,STYLE_PDF,,,,ej hämtad,,UNIQUE
1h4wdjSCmVBdram3fh-EmP8vSYhd4nUFa,Drawings/Style of drawings/12/V-56-1-A0101.pdf,V-56-1-A0101.pdf,pdf,application/pdf,372238,2026-08-17T04:17:54Z,Style of drawings/12,Style of drawings,V-56-1-A0101,,STYLE_PDF,DEVELOPMENT,styles/Priorn/V-56-1-A0101.pdf,9510f39d0f23d2b2fd80e6349f84e87d8156a48ab3b6a9950e98485243606249,"lokal kopia, samma namn och storlek",ANNOTATED(111) ENGINE_STRIPS_ANNOTS ID_NOT_IN_SHEET_TEXT,IDENTICAL_IN_2_PLACES
1Up704DwSidur8bMnXlCgl0e0T25CWpHo,Drawings/Style of drawings/12/V-50-8-001.pdf,V-50-8-001.pdf,pdf,application/pdf,333110,2026-08-17T04:17:54Z,Style of drawings/12,Style of drawings,V-50-8-0001,,STYLE_PDF,,,,ej hämtad,,2_VERSIONS_BY_SIZE
1TN_vcHXEi4M9qi_oq0uEV8o5XIu9Vy9T,Drawings/Style of drawings/12/V-50-2-A0001.pdf,V-50-2-A0001.pdf,pdf,application/pdf,341698,2026-08-17T04:17:54Z,Style of drawings/12,Style of drawings,V-50-2-A0001,,STYLE_PDF,,,,ej hämtad,,UNIQUE
1UJCjWPI_NApBSGD56eAoukSRpZjNZcmp,Drawings/Style of drawings/12/V-50-2-A0002.pdf,V-50-2-A0002.pdf,pdf,application/pdf,306370,2026-08-17T04:17:54Z,Style of drawings/12,Style of drawings,V-50-2-A0002,,STYLE_PDF,,,,ej hämtad,,UNIQUE
17KnzMgj1t2O7P65-WZez8beU5kFBEdf1,Drawings/Style of drawings/12/V-50-1-A0002.pdf,V-50-1-A0002.pdf,pdf,application/pdf,276069,2026-08-17T04:17:54Z,Style of drawings/12,Style of drawings,V-50-1-A0002,,STYLE_PDF,DEVELOPMENT,styles/Priorn/V-50-1-A0002.pdf,dc6f993cb7077edcbe908deeb84d88bbbb76c8ea00e62a1070b9db8c486c9308,"lokal kopia, samma namn och storlek",ANNOTATED(72) ENGINE_STRIPS_ANNOTS NO_TEXT_LAYER_FOR_TITLE_BLOCK,IDENTICAL_IN_2_PLACES
1_29Dh7-u3AzYPKzYbbyujIyLTFMtxRdS,Drawings/Style of drawings/12/V-50-1-A0402.pdf,V-50-1-A0402.pdf,pdf,application/pdf,295809,2026-08-17T04:17:54Z,Style of drawings/12,Style of drawings,V-50-1-A0402,,STYLE_PDF,DEVELOPMENT,styles/Priorn/V-50-1-A0402.pdf,c610b51a9707bb057006f684f1ac8f9df5418e08b1944aeef5cd0b29f83fb47d,"lokal kopia, samma namn och storlek",ANNOTATED(118) ENGINE_STRIPS_ANNOTS NO_TEXT_LAYER_FOR_TITLE_BLOCK,IDENTICAL_IN_2_PLACES
1xkJfpLjZEdV5AxvvkYhUHHysvN1rH3pE,Drawings/Style of drawings/12/V-50-6-A0102.pdf,V-50-6-A0102.pdf,pdf,application/pdf,266818,2026-08-17T04:17:54Z,Style of drawings/12,Style of drawings,V-50-6-A0102,,STYLE_PDF,,,,ej hämtad,,UNIQUE
1M2nrEZnYO24DMSRfOl2HK2DWttcdpCwD,Drawings/Style of drawings/12/V-50-6-A0301.pdf,V-50-6-A0301.pdf,pdf,application/pdf,235425,2026-08-17T04:17:54Z,Style of drawings/12,Style of drawings,V-50-6-A0301,,STYLE_PDF,,,,ej hämtad,,UNIQUE
1jkXgOkn6ATLp_aoCLh6fJdbXQxd59txf,Drawings/Style of drawings/12/V-50-1-A0101.pdf,V-50-1-A0101.pdf,pdf,application/pdf,440269,2026-08-17T04:17:54Z,Style of drawings/12,Style of drawings,V-50-1-A0101,,STYLE_PDF,DEVELOPMENT,styles/src/01 - AutoCAD - pdfplot14-16 - Ghostscript 9.21/V-50-1-A0101.pdf,ad71f5dcfd7a5058d96db626e65bb4181a3b69e1886964c2a38ac0ac3bd9892e,"lokal kopia, samma namn och storlek",ANNOTATED(343) ENGINE_STRIPS_ANNOTS NO_TEXT_LAYER_FOR_TITLE_BLOCK,IDENTICAL_IN_3_PLACES
1GVS6LhzeS0KXL4zs-M_WCASATRy0sWgE,Drawings/Style of drawings/12/V-50-1-A0301.pdf,V-50-1-A0301.pdf,pdf,application/pdf,506627,2026-08-17T04:17:54Z,Style of drawings/12,Style of drawings,V-50-1-A0301,,STYLE_PDF,DEVELOPMENT,styles/Priorn/V-50-1-A0301.pdf,9baa254d13888c84a66d6c4a0f64caaf3d501f27d17b6f06dde3d4308c063770,"lokal kopia, samma namn och storlek",ANNOTATED(349) ENGINE_STRIPS_ANNOTS NO_TEXT_LAYER_FOR_TITLE_BLOCK,IDENTICAL_IN_2_PLACES
1GzwIcnTV9UwyhSUKMmbHiJVeMb1EM2iw,Drawings/Style of drawings/12/V-53-1-A0101.pdf,V-53-1-A0101.pdf,pdf,application/pdf,350170,2026-08-17T04:17:54Z,Style of drawings/12,Style of drawings,V-53-1-A0101,,STYLE_PDF,DEVELOPMENT,styles/Priorn/V-53-1-A0101.pdf,406b654da3fc2e8c2a2db005b83aef4ae14265f7a5d3cd446af0967b1de94ba2,"lokal kopia, samma namn och storlek",ANNOTATED(145) ENGINE_STRIPS_ANNOTS NO_TEXT_LAYER_FOR_TITLE_BLOCK,IDENTICAL_IN_2_PLACES
1xNB5XazExx9SX-xhy18TkdJXou7IxE6b,Drawings/Style of drawings/12/V-50-1-A0102.pdf,V-50-1-A0102.pdf,pdf,application/pdf,405684,2026-08-17T04:17:54Z,Style of drawings/12,Style of drawings,V-50-1-A0102,,STYLE_PDF,DEVELOPMENT,styles/Priorn/V-50-1-A0102.pdf,53d541f1d17e592d6f597bfe3970f7c68b06819739dbc2ab4095d3ddf2c26583,"lokal kopia, samma namn och storlek",ANNOTATED(268) ENGINE_STRIPS_ANNOTS NO_TEXT_LAYER_FOR_TITLE_BLOCK,IDENTICAL_IN_2_PLACES
1qIWXAvwezETFowbytgpHC1fMC19fhiUz,Drawings/Style of drawings/12/V-50-1-A0302.pdf,V-50-1-A0302.pdf,pdf,application/pdf,403464,2026-08-17T04:17:54Z,Style of drawings/12,Style of drawings,V-50-1-A0302,,STYLE_PDF,DEVELOPMENT,styles/Priorn/V-50-1-A0302.pdf,7e5b1720855cf93265c933168838cb75c41ca8f90081040ba898b9178a28d6c5,"lokal kopia, samma namn och storlek",ANNOTATED(273) ENGINE_STRIPS_ANNOTS NO_TEXT_LAYER_FOR_TITLE_BLOCK,IDENTICAL_IN_2_PLACES
11VqrJcpfrq8tYej0lRiubJYrVo8tJAvh,Drawings/Style of drawings/12/V-50-1-A0401.pdf,V-50-1-A0401.pdf,pdf,application/pdf,302224,2026-08-17T04:17:54Z,Style of drawings/12,Style of drawings,V-50-1-A0401,,STYLE_PDF,DEVELOPMENT,styles/Priorn/V-50-1-A0401.pdf,8fe7fe5d278a66ff8f45e33f69384f21cd3853326881283b25990aa346c63a09,"lokal kopia, samma namn och storlek",ANNOTATED(127) ENGINE_STRIPS_ANNOTS NO_TEXT_LAYER_FOR_TITLE_BLOCK,IDENTICAL_IN_2_PLACES
1kx3APu1Tf14vcp5lAt5EIMw-egrbtlt0,Drawings/Style of drawings/12/V-53-1-A0102.pdf,V-53-1-A0102.pdf,pdf,application/pdf,340885,2026-08-17T04:17:54Z,Style of drawings/12,Style of drawings,V-53-1-A0102,,STYLE_PDF,DEVELOPMENT,styles/Priorn/V-53-1-A0102.pdf,96da4f48f5e55b913eabccdfff95c40164ad09a4aeca29c5cb0ea556e8c22dc8,"lokal kopia, samma namn och storlek",ANNOTATED(131) ENGINE_STRIPS_ANNOTS NO_TEXT_LAYER_FOR_TITLE_BLOCK,IDENTICAL_IN_2_PLACES
1YqU-ofnM9F2tbD5q-sMRlj7gfNmDE4vm,Drawings/Style of drawings/12/V-53-1-A0001.pdf,V-53-1-A0001.pdf,pdf,application/pdf,315285,2026-08-17T04:17:54Z,Style of drawings/12,Style of drawings,V-53-1-A0001,,STYLE_PDF,DEVELOPMENT,styles/Priorn/V-53-1-A0001.pdf,d16a52f528e09522d582448e7253af159b68a303ec1063933c7b522d0848abb7,"lokal kopia, samma namn och storlek",ANNOTATED(92) ENGINE_STRIPS_ANNOTS NO_TEXT_LAYER_FOR_TITLE_BLOCK,IDENTICAL_IN_2_PLACES
1M2hd0ecoivYgTT-mGmEEBtMJ3BzWNWFr,Drawings/Style of drawings/12/V-50-6-A0101.pdf,V-50-6-A0101.pdf,pdf,application/pdf,257211,2026-08-17T04:17:54Z,Style of drawings/12,Style of drawings,V-50-6-A0101,,STYLE_PDF,,,,ej hämtad,,UNIQUE
1Pg0ka4BX8W2wY9G9p1SfDKT01EmdvPB_,Drawings/Style of drawings/12/V-50-6-A0402.pdf,V-50-6-A0402.pdf,pdf,application/pdf,244263,2026-08-17T04:17:54Z,Style of drawings/12,Style of drawings,V-50-6-A0402,,STYLE_PDF,,,,ej hämtad,,UNIQUE
1cb8UYeXqp3JMuA7F8sIfgOvW80d-ZVhn,Drawings/Style of drawings/12/V-50-6-A0001.pdf,V-50-6-A0001.pdf,pdf,application/pdf,279167,2026-08-17T04:17:54Z,Style of drawings/12,Style of drawings,V-50-6-A0001,,STYLE_PDF,,,,ej hämtad,,UNIQUE
1ACLaS2lKECdfiLsO5bjSjDBIUtZQxHnI,Drawings/Style of drawings/12/V-50-6-A0302.pdf,V-50-6-A0302.pdf,pdf,application/pdf,243731,2026-08-17T04:17:54Z,Style of drawings/12,Style of drawings,V-50-6-A0302,,STYLE_PDF,,,,ej hämtad,,UNIQUE
1uYy0GqbXDVbWy4Zx-_MnNvuR3pJwGmOn,Drawings/Style of drawings/12/V-50-6-A0201.pdf,V-50-6-A0201.pdf,pdf,application/pdf,251546,2026-08-17T04:17:54Z,Style of drawings/12,Style of drawings,V-50-6-A0201,,STYLE_PDF,,,,ej hämtad,,UNIQUE
12Xla7-iVGE87Tia6_yAVUy4kZkeWsHPF,Drawings/Style of drawings/12/V-50-6-A0202.pdf,V-50-6-A0202.pdf,pdf,application/pdf,249688,2026-08-17T04:17:54Z,Style of drawings/12,Style of drawings,V-50-6-A0202,,STYLE_PDF,,,,ej hämtad,,UNIQUE
1CGZT_m-z537ix-K3uT4TC5mZBtddQWIS,Drawings/Style of drawings/12/V-50-6-A0002.pdf,V-50-6-A0002.pdf,pdf,application/pdf,245110,2026-08-17T04:17:54Z,Style of drawings/12,Style of drawings,V-50-6-A0002,,STYLE_PDF,,,,ej hämtad,,UNIQUE
1c_WnYPijtpInaBRr3U6NUrB6ipa3_evQ,Drawings/Style of drawings/12/V-50-6-A0401.pdf,V-50-6-A0401.pdf,pdf,application/pdf,245696,2026-08-17T04:17:54Z,Style of drawings/12,Style of drawings,V-50-6-A0401,,STYLE_PDF,,,,ej hämtad,,UNIQUE
1YmxBJmPVJLYxnCkZ4Dqxhcr0Us1Exbso,Drawings/Other drawings (different format)/Badmössan.pdf,Badmössan.pdf,pdf,application/pdf,7611643,2026-08-12T11:45:16Z,Other drawings (different format),Other drawings (different format),,,OTHER_FORMAT_PDF,DEVELOPMENT,styles/z/5/Badm#U00f6ssan.pdf,37e5734b0c513511506d33283ccc39a066a69acdc2f0e1884cb6f15b38875358,"lokal kopia, samma storlek och typ",NO_ANNOTATIONS,IDENTICAL_IN_2_PLACES
1MsrrbJFrHhWo3Bewz1GYgmxPBfp0u9JS,Drawings/Other drawings (different format)/Bläckhornet.pdf,Bläckhornet.pdf,pdf,application/pdf,18954156,2026-08-12T11:10:44Z,Other drawings (different format),Other drawings (different format),,,OTHER_FORMAT_PDF,DEVELOPMENT,styles/z/11/Bläckhornet.pdf,284fce9b4fbd491e1e012644be1a03a85ab743ed3892e3b4c2001ba5b90e272e,"lokal kopia, samma storlek och typ",NO_ANNOTATIONS,2_VERSIONS_BY_SIZE_x2
1MASxWpiZq8cGVbio5IuIpDbgMCl6z31I,Drawings/Other drawings (different format)/Godsfinkan 2.pdf,Godsfinkan 2.pdf,pdf,application/pdf,17968866,2026-08-12T11:56:22Z,Other drawings (different format),Other drawings (different format),,,OTHER_FORMAT_PDF,DEVELOPMENT,styles/z/9/Godsfinkan 2.pdf,1b774efb7c5619bc8ccf4066b1660b48b282a2ec987cbfb227af19f05aec5f97,"lokal kopia, samma namn och storlek",NO_ANNOTATIONS,IDENTICAL_IN_2_PLACES
1nwO0ldEQVwGdWHY2s-1L42KM37ca05RB,Drawings/Other drawings (different format)/Pulpeten 5.pdf,Pulpeten 5.pdf,pdf,application/pdf,27468588,2026-08-12T11:31:36Z,Other drawings (different format),Other drawings (different format),,,OTHER_FORMAT_PDF,,,,ej hämtad,,UNIQUE
1gML6OyjIeDiWeQOUYEIv_jc6-m8VUPtn,Drawings/Other drawings (different format)/Badskon 2.pdf,Badskon 2.pdf,pdf,application/pdf,15732079,2026-08-12T11:47:20Z,Other drawings (different format),Other drawings (different format),,,OTHER_FORMAT_PDF,DEVELOPMENT,styles/z/4/Badskon 2.pdf,5feea2afa3fd41fd6223980cc3c2451e9a60cb8bbf9b423541251bd7b19255f1,"lokal kopia, samma namn och storlek",NO_ANNOTATIONS,IDENTICAL_IN_2_PLACES
1BOB4P_3Yb_R40vheX-z_BE3pjrgnPqxL,Drawings/Other drawings (different format)/badmössan Yttre VA.pdf,badmössan Yttre VA.pdf,pdf,application/pdf,787952,2026-08-12T11:43:58Z,Other drawings (different format),Other drawings (different format),,,OTHER_FORMAT_PDF,,,,ej hämtad,,UNIQUE
1WE07hT2ohokKEPq7oDQuTA_UJ_rNgsQs,Drawings/Other drawings (different format)/Badskon 1.pdf,Badskon 1.pdf,pdf,application/pdf,2962483,2026-08-12T11:46:30Z,Other drawings (different format),Other drawings (different format),,,OTHER_FORMAT_PDF,DEVELOPMENT,styles/z/3/Badskon 1.pdf,fdedae1d380e148769056d2029775b4080e68a2cb931139696c43c692159bce4,"lokal kopia, samma namn och storlek",NO_ANNOTATIONS,2_VERSIONS_BY_SIZE_x2
10d_cfRY-Q6MUX8InYC_3k8MPBoGFLzAX,Drawings/Other drawings (different format)/Löpöglan 2.pdf,Löpöglan 2.pdf,pdf,application/pdf,23274736,2026-08-12T11:23:34Z,Other drawings (different format),Other drawings (different format),,,OTHER_FORMAT_PDF,DEVELOPMENT,styles/z/10/Löpöglan 2.pdf,c9dd8d042e4864de25973b4236701fdd451fb6ab4dc926d4dec62f70a90bc75a,"lokal kopia, samma storlek och typ",NO_ANNOTATIONS,2_VERSIONS_BY_SIZE_x2
1Hio_EEv7FCzKIHAllTShLf0sJL8-15JT,Drawings/Pipe studio - style-source-pdfs/05 - Bengt Dahlgren - Ghostscript 9.21/1760279_1.pdf,1760279_1.pdf,pdf,application/pdf,454408,2026-07-30T10:57:50Z,Pipe studio - style-source-pdfs/05 - Bengt Dahlgren - Ghostscript 9.21,Pipe studio - style-source-pdfs,1760279_1,,STYLE_SOURCE_PDF,DEVELOPMENT,styles/z/13/1760279_1.pdf,fa21c4b46b4a4774f6396cbc6a37796cc9ec63e0c610a6e95e5e678b7bd72598,"lokal kopia, samma namn och storlek",NO_ANNOTATIONS ID_NOT_IN_SHEET_TEXT,IDENTICAL_IN_4_PLACES
1rNbrwwM--Oojm4QRpJte1KDZgBPA6Fzm,Drawings/Style of drawings/13/1760294_1.pdf,1760294_1.pdf,pdf,application/pdf,357229,2026-07-30T10:57:50Z,Style of drawings/13,Style of drawings,1760294_1,,STYLE_PDF,DEVELOPMENT,styles/z/13/1760294_1.pdf,5a710052739fa5c6ce84ee368bf80ca9f0537d67dfb3e819d7ec53fc3f348fc7,"lokal kopia, samma namn och storlek",NO_ANNOTATIONS ID_NOT_IN_SHEET_TEXT,IDENTICAL_IN_3_PLACES
1Ngmt81gFgVZlaSkX-411FpR6D0RFPfaH,Drawings/Style of drawings/13/1760296_1.pdf,1760296_1.pdf,pdf,application/pdf,337961,2026-07-30T10:57:50Z,Style of drawings/13,Style of drawings,1760296_1,,STYLE_PDF,DEVELOPMENT,styles/z/13/1760296_1.pdf,d4d523708cdbd4aba58d4ed53667331e019a5ec003fa1bc19f4baf6970ec9c5b,"lokal kopia, samma namn och storlek",NO_ANNOTATIONS ID_NOT_IN_SHEET_TEXT,IDENTICAL_IN_3_PLACES
1NzttPiZ633-o1gcIABJ3s9rJX8FvUO1E,Drawings/Style of drawings/13/1760317_1.pdf,1760317_1.pdf,pdf,application/pdf,239741,2026-07-30T10:57:50Z,Style of drawings/13,Style of drawings,1760317_1,,STYLE_PDF,DEVELOPMENT,styles/z/13/1760317_1.pdf,fa2fd7e8995a3bc122bbf7f9d5d156308fed45ccb003894a53fd8888ba53a55b,"lokal kopia, samma namn och storlek",NO_ANNOTATIONS ID_NOT_IN_SHEET_TEXT,IDENTICAL_IN_3_PLACES
11s0NNvAacVDfDb8-TOwsrD-f9aBMJC00,Drawings/Style of drawings/13/1760269_1.pdf,1760269_1.pdf,pdf,application/pdf,203120,2026-07-30T10:57:50Z,Style of drawings/13,Style of drawings,1760269_1,,STYLE_PDF,DEVELOPMENT,styles/z/13/1760269_1.pdf,dced7a1381d1664f40edc35dacdc99b855337497277f1cf0aa40d5678bf56952,"lokal kopia, samma namn och storlek",NO_ANNOTATIONS ID_NOT_IN_SHEET_TEXT,IDENTICAL_IN_3_PLACES
1cyHJ1fLzNX00NzWA4d4dIEcgdp3GxoTD,Drawings/Style of drawings/13/1760272_1.pdf,1760272_1.pdf,pdf,application/pdf,136868,2026-07-30T10:57:50Z,Style of drawings/13,Style of drawings,1760272_1,,STYLE_PDF,DEVELOPMENT,styles/z/13/1760272_1.pdf,cef7cbfb162d2a91bc12f475bda2f9c36f007ab82cd478854c4e5b8a5be4394d,"lokal kopia, samma namn och storlek",NO_ANNOTATIONS ID_NOT_IN_SHEET_TEXT,IDENTICAL_IN_3_PLACES
11PFbeuupS0kn34GiyNGkUE9Gbb9hYV3w,Drawings/Style of drawings/13/1760274_1.pdf,1760274_1.pdf,pdf,application/pdf,497688,2026-07-30T10:57:50Z,Style of drawings/13,Style of drawings,1760274_1,,STYLE_PDF,DEVELOPMENT,styles/z/13/1760274_1.pdf,a155562a6d8e83a54ee0cb84867240424cd25a20aaa26f3b5a8a4175687d13bb,"lokal kopia, samma namn och storlek",NO_ANNOTATIONS ID_NOT_IN_SHEET_TEXT,IDENTICAL_IN_3_PLACES
1g2TVHURrXYojNV4Z_cAtDRu1XU-fNI08,Drawings/Style of drawings/13/1760290_1.pdf,1760290_1.pdf,pdf,application/pdf,387003,2026-07-30T10:57:50Z,Style of drawings/13,Style of drawings,1760290_1,,STYLE_PDF,DEVELOPMENT,styles/z/13/1760290_1.pdf,ddaede21558a906c5f423cb0f8f578855e765575153082f62ad3de9c8172e50c,"lokal kopia, samma namn och storlek",NO_ANNOTATIONS ID_NOT_IN_SHEET_TEXT,IDENTICAL_IN_3_PLACES
1RJrudThaMejl6uTSlEckQTe3Kg9G863x,Drawings/Style of drawings/13/1760292_1.pdf,1760292_1.pdf,pdf,application/pdf,374427,2026-07-30T10:57:50Z,Style of drawings/13,Style of drawings,1760292_1,,STYLE_PDF,DEVELOPMENT,styles/z/13/1760292_1.pdf,725ed0099b68a3efca4851fd33d728b954449256a159106b09d96a64a1e0b384,"lokal kopia, samma namn och storlek",NO_ANNOTATIONS ID_NOT_IN_SHEET_TEXT,IDENTICAL_IN_3_PLACES
1u9EDm-Tmb2JKPKlVtbhxhKYQYVB32Vg_,Drawings/Style of drawings/13/1760273_1.pdf,1760273_1.pdf,pdf,application/pdf,319681,2026-07-30T10:57:50Z,Style of drawings/13,Style of drawings,1760273_1,,STYLE_PDF,DEVELOPMENT,styles/z/13/1760273_1.pdf,f0369faa5a9a79c5cc869606c9553364cdfe069c7de7731d532ce6afd1fc67d3,"lokal kopia, samma namn och storlek",NO_ANNOTATIONS ID_NOT_IN_SHEET_TEXT,IDENTICAL_IN_3_PLACES
1JSJ4JG4HbTz1ypGJe_5PwxiX_YSoDaxy,Drawings/Style of drawings/13/1760289_1.pdf,1760289_1.pdf,pdf,application/pdf,290322,2026-07-30T10:57:50Z,Style of drawings/13,Style of drawings,1760289_1,,STYLE_PDF,DEVELOPMENT,styles/z/13/1760289_1.pdf,200ac5ab4a50bf5768e932f0f3fc264676f70e68e4391ea355e21598561b6f87,"lokal kopia, samma namn och storlek",NO_ANNOTATIONS ID_NOT_IN_SHEET_TEXT,IDENTICAL_IN_3_PLACES
17lSgt65pxmXl30tXLze3RfcHKn9nKRCF,Drawings/Style of drawings/13/1760308_1.pdf,1760308_1.pdf,pdf,application/pdf,286432,2026-07-30T10:57:50Z,Style of drawings/13,Style of drawings,1760308_1,,STYLE_PDF,DEVELOPMENT,styles/z/13/1760308_1.pdf,8af743c8a1e1779611f93ff3a5b7d6e611f37188db9a12155a5721180dd927e3,"lokal kopia, samma namn och storlek",NO_ANNOTATIONS ID_NOT_IN_SHEET_TEXT,IDENTICAL_IN_3_PLACES
19GSVKm7nn55I56OpgsT9RUmKHgKvLseW,Drawings/Style of drawings/13/1760295_1.pdf,1760295_1.pdf,pdf,application/pdf,266035,2026-07-30T10:57:50Z,Style of drawings/13,Style of drawings,1760295_1,,STYLE_PDF,DEVELOPMENT,styles/z/13/1760295_1.pdf,ca9081e7a5e32a26c573b32cf112e8ffe5ce05bfe619711524070a7732581fac,"lokal kopia, samma namn och storlek",NO_ANNOTATIONS ID_NOT_IN_SHEET_TEXT,IDENTICAL_IN_3_PLACES
1KBSl3iX1UQG0-ZAiw9sPoaKmTmcc4Hbr,Drawings/Style of drawings/13/1760313_1.pdf,1760313_1.pdf,pdf,application/pdf,254850,2026-07-30T10:57:50Z,Style of drawings/13,Style of drawings,1760313_1,,STYLE_PDF,DEVELOPMENT,styles/z/13/1760313_1.pdf,82f92c317fbb38c294977e02b55d41ed3220c6e982b1f508d464e55b7047b7ed,"lokal kopia, samma namn och storlek",NO_ANNOTATIONS ID_NOT_IN_SHEET_TEXT,IDENTICAL_IN_3_PLACES
1948JpH_8C-BrT1Q6Cd-CBMeN2WeDVUsn,Drawings/Style of drawings/13/1760276_1.pdf,1760276_1.pdf,pdf,application/pdf,251314,2026-07-30T10:57:50Z,Style of drawings/13,Style of drawings,1760276_1,,STYLE_PDF,DEVELOPMENT,styles/z/13/1760276_1.pdf,e69471766087014e7051660eef4c25770fde7707e5bac96b8523a153e1fd1493,"lokal kopia, samma namn och storlek",NO_ANNOTATIONS ID_NOT_IN_SHEET_TEXT,IDENTICAL_IN_3_PLACES
1s8W6xkO1J0jjRJrD1R0rR13FK_lYCaF4,Drawings/Style of drawings/13/1760311_1.pdf,1760311_1.pdf,pdf,application/pdf,238211,2026-07-30T10:57:50Z,Style of drawings/13,Style of drawings,1760311_1,,STYLE_PDF,DEVELOPMENT,styles/z/13/1760311_1.pdf,5b4412bfa76706f0bb059775ec65f67066da52344a24d4d89dad99fdd23a7dd1,"lokal kopia, samma namn och storlek",NO_ANNOTATIONS ID_NOT_IN_SHEET_TEXT,IDENTICAL_IN_3_PLACES
1k4erYDi955TIAaBSsW9rnfV5_mr2CaUO,Drawings/Style of drawings/13/1760270_1.pdf,1760270_1.pdf,pdf,application/pdf,160175,2026-07-30T10:57:50Z,Style of drawings/13,Style of drawings,1760270_1,,STYLE_PDF,DEVELOPMENT,styles/z/13/1760270_1.pdf,3973d319a46bd02fa4aba09ad1fea68ae85fe45087ab820b8362059081a45cfe,"lokal kopia, samma namn och storlek",NO_ANNOTATIONS ID_NOT_IN_SHEET_TEXT,IDENTICAL_IN_3_PLACES
15NxI_nrBApkTMZGnOESncIRlG6fZqb1v,Drawings/Style of drawings/13/1760268_1.pdf,1760268_1.pdf,pdf,application/pdf,160529,2026-07-30T10:57:50Z,Style of drawings/13,Style of drawings,1760268_1,,STYLE_PDF,DEVELOPMENT,styles/z/13/1760268_1.pdf,57d9a9cbb3b239531024e0d2f63dbd49eb2db0da5014cbde61b517558ad707bf,"lokal kopia, samma namn och storlek",NO_ANNOTATIONS ID_NOT_IN_SHEET_TEXT,IDENTICAL_IN_3_PLACES
1B4F9mZXUbkZaXnWYv95XV1g0hxuwiKfh,Drawings/Style of drawings/13/1760314_1.pdf,1760314_1.pdf,pdf,application/pdf,162115,2026-07-30T10:57:50Z,Style of drawings/13,Style of drawings,1760314_1,,STYLE_PDF,DEVELOPMENT,styles/z/13/1760314_1.pdf,f29934d912bbaa8988e7793cc12c0a8596dfb46865d1983095e5cfd74de8ed71,"lokal kopia, samma namn och storlek",NO_ANNOTATIONS ID_NOT_IN_SHEET_TEXT,IDENTICAL_IN_3_PLACES
18b3GRcyHCzLuL55FPfn2zt6hmMUf8CUT,Drawings/Style of drawings/13/1760315_1.pdf,1760315_1.pdf,pdf,application/pdf,134692,2026-07-30T10:57:50Z,Style of drawings/13,Style of drawings,1760315_1,,STYLE_PDF,DEVELOPMENT,styles/z/13/1760315_1.pdf,09add2d08fd422983c86d9670ca0a6093d7386ccf92aba2d0502dbe7458732e5,"lokal kopia, samma namn och storlek",NO_ANNOTATIONS ID_NOT_IN_SHEET_TEXT,IDENTICAL_IN_3_PLACES
1IHpG-LHKB73WbzFhpU86UMzvkJJb7vmC,Drawings/Style of drawings/13/1760316_1.pdf,1760316_1.pdf,pdf,application/pdf,154657,2026-07-30T10:57:50Z,Style of drawings/13,Style of drawings,1760316_1,,STYLE_PDF,DEVELOPMENT,styles/z/13/1760316_1.pdf,6229fd5fc3ebe099c29b0fe3d2991f7e3f2cd8ef75824e0cb67c90543c0452fb,"lokal kopia, samma namn och storlek",NO_ANNOTATIONS ID_NOT_IN_SHEET_TEXT,IDENTICAL_IN_3_PLACES
1sF9Hh1VCgllt3VkW3F-W7l2_mive03is,Drawings/Style of drawings/13/1760271_1.pdf,1760271_1.pdf,pdf,application/pdf,155417,2026-07-30T10:57:50Z,Style of drawings/13,Style of drawings,1760271_1,,STYLE_PDF,DEVELOPMENT,styles/z/13/1760271_1.pdf,5d89c252738295f8ef9a1313d9d50dcafd4d91c694d851f39d39b419a76b4c31,"lokal kopia, samma namn och storlek",NO_ANNOTATIONS ID_NOT_IN_SHEET_TEXT,IDENTICAL_IN_3_PLACES
1oxz4ddmPvyo1jsNoDCeAmyE6dCZJbySo,Drawings/Style of drawings/13/1760291_1.pdf,1760291_1.pdf,pdf,application/pdf,476296,2026-07-30T10:57:50Z,Style of drawings/13,Style of drawings,1760291_1,,STYLE_PDF,DEVELOPMENT,styles/z/13/1760291_1.pdf,22a95922ee44f850f163a69e5e6749aee59217fa31653793e5ee08ae13375b7d,"lokal kopia, samma namn och storlek",NO_ANNOTATIONS ID_NOT_IN_SHEET_TEXT,IDENTICAL_IN_3_PLACES
1ZbFKGEpUXKD0UAR-_HNikRVtmj5cubAu,Drawings/Style of drawings/13/1760282_1.pdf,1760282_1.pdf,pdf,application/pdf,475575,2026-07-30T10:57:50Z,Style of drawings/13,Style of drawings,1760282_1,,STYLE_PDF,DEVELOPMENT,styles/z/13/1760282_1.pdf,004f4f6c22af393db6b26e179285fb27c063809876149b9d7c3de70247e9e786,"lokal kopia, samma namn och storlek",NO_ANNOTATIONS ID_NOT_IN_SHEET_TEXT,IDENTICAL_IN_3_PLACES
1BcDIy3P4EOpQFu7PX-sPSS7g5yIIBrUn,Drawings/Style of drawings/13/1760279_1.pdf,1760279_1.pdf,pdf,application/pdf,454408,2026-07-30T10:57:50Z,Style of drawings/13,Style of drawings,1760279_1,,STYLE_PDF,DEVELOPMENT,styles/z/13/1760279_1.pdf,fa21c4b46b4a4774f6396cbc6a37796cc9ec63e0c610a6e95e5e678b7bd72598,"lokal kopia, samma namn och storlek",NO_ANNOTATIONS ID_NOT_IN_SHEET_TEXT,IDENTICAL_IN_4_PLACES
1lXo8nBpJpMqXaUHsDGX0IYhzPZjQLv0t,Drawings/Style of drawings/13/1760309_1.pdf,1760309_1.pdf,pdf,application/pdf,406837,2026-07-30T10:57:50Z,Style of drawings/13,Style of drawings,1760309_1,,STYLE_PDF,DEVELOPMENT,styles/z/13/1760309_1.pdf,4870256bfbdb4dae19b0af20dfbfeb5b1a523a391c03fe659f03bdfc50bc7f3c,"lokal kopia, samma namn och storlek",NO_ANNOTATIONS ID_NOT_IN_SHEET_TEXT,IDENTICAL_IN_3_PLACES
1WlLDrrqJ1YdhAlwAgGEN4HRz-2dKrKP2,Drawings/Style of drawings/13/1760288_1.pdf,1760288_1.pdf,pdf,application/pdf,383322,2026-07-30T10:57:50Z,Style of drawings/13,Style of drawings,1760288_1,,STYLE_PDF,DEVELOPMENT,styles/z/13/1760288_1.pdf,3ef61c851cdf069d3a3f49bb0796bfdffd61be99faa40e679e78ba31fbe7812d,"lokal kopia, samma namn och storlek",NO_ANNOTATIONS ID_NOT_IN_SHEET_TEXT,IDENTICAL_IN_3_PLACES
19jYue0Qe-AYrU3SzxGeTRJGtuo8J8tbj,Drawings/Style of drawings/13/1760297_1.pdf,1760297_1.pdf,pdf,application/pdf,429359,2026-07-30T10:57:50Z,Style of drawings/13,Style of drawings,1760297_1,,STYLE_PDF,DEVELOPMENT,styles/z/13/1760297_1.pdf,c1a7c168c8ff6c9bd58d2177b708e8fdcdfa833cca0a116450cfee0171974a95,"lokal kopia, samma namn och storlek",NO_ANNOTATIONS ID_NOT_IN_SHEET_TEXT,IDENTICAL_IN_3_PLACES
10B6vmzCYYX4aDLLcfu1CC3RZd9ualJjw,Drawings/Style of drawings/13/1760303_1.pdf,1760303_1.pdf,pdf,application/pdf,426959,2026-07-30T10:57:50Z,Style of drawings/13,Style of drawings,1760303_1,,STYLE_PDF,DEVELOPMENT,styles/z/13/1760303_1.pdf,94e654341c281e4544eae04cf380ef8ef288542d649ca7606bfea576e3293f67,"lokal kopia, samma namn och storlek",NO_ANNOTATIONS ID_NOT_IN_SHEET_TEXT,IDENTICAL_IN_3_PLACES
1KfuuGjcxpVTv7N3QeaiYtwCFIkQ9tz_4,Drawings/Style of drawings/13/1760284_1.pdf,1760284_1.pdf,pdf,application/pdf,370741,2026-07-30T10:57:50Z,Style of drawings/13,Style of drawings,1760284_1,,STYLE_PDF,DEVELOPMENT,styles/z/13/1760284_1.pdf,55a66130e809daffd531eefef6af2227e0487aa6bc19cc4253407493c6fcec20,"lokal kopia, samma namn och storlek",NO_ANNOTATIONS ID_NOT_IN_SHEET_TEXT,IDENTICAL_IN_3_PLACES
1rsnFmIsqH3E8aAwhdPLs4uSUXDFdpcM-,Drawings/Style of drawings/13/1760286_1.pdf,1760286_1.pdf,pdf,application/pdf,356422,2026-07-30T10:57:50Z,Style of drawings/13,Style of drawings,1760286_1,,STYLE_PDF,DEVELOPMENT,styles/z/13/1760286_1.pdf,bf0ee1043d63100b887278e4f2f1eca1e3617a91087b9fe4f5f452080ec6a76d,"lokal kopia, samma namn och storlek",NO_ANNOTATIONS ID_NOT_IN_SHEET_TEXT,IDENTICAL_IN_3_PLACES
1fErfAMZizCSYiBofDCJf8Z_c_iyTsEyW,Drawings/Style of drawings/13/1760312_1.pdf,1760312_1.pdf,pdf,application/pdf,277232,2026-07-30T10:57:50Z,Style of drawings/13,Style of drawings,1760312_1,,STYLE_PDF,DEVELOPMENT,styles/z/13/1760312_1.pdf,df21f6ba75b12336b383f8148879ced592440449d0452856685380bb298bfae3,"lokal kopia, samma namn och storlek",NO_ANNOTATIONS ID_NOT_IN_SHEET_TEXT,IDENTICAL_IN_3_PLACES
1IHiDvUpu7g4tWWZOa4yj6iunrnt0HX9E,Drawings/Style of drawings/13/1760293_1.pdf,1760293_1.pdf,pdf,application/pdf,262730,2026-07-30T10:57:50Z,Style of drawings/13,Style of drawings,1760293_1,,STYLE_PDF,DEVELOPMENT,styles/z/13/1760293_1.pdf,e95236a50eb3d23b84120d61de1262072f301fac4c3a36a810b7953bfe839fd1,"lokal kopia, samma namn och storlek",NO_ANNOTATIONS ID_NOT_IN_SHEET_TEXT,IDENTICAL_IN_3_PLACES
1llAXpNoteJr1F8YaE3xcuez52irLsPL8,Drawings/Style of drawings/13/1760275_1.pdf,1760275_1.pdf,pdf,application/pdf,269801,2026-07-30T10:57:50Z,Style of drawings/13,Style of drawings,1760275_1,,STYLE_PDF,DEVELOPMENT,styles/z/13/1760275_1.pdf,e0048546fe5b89b94440c7c2a88c4f86ba7158585477218fc3422a2e44b89be9,"lokal kopia, samma namn och storlek",NO_ANNOTATIONS ID_NOT_IN_SHEET_TEXT,IDENTICAL_IN_3_PLACES
16ea7GnKAPq87_lM-q7HKu6g96-tWOKE0,Drawings/Style of drawings/13/1760310_1.pdf,1760310_1.pdf,pdf,application/pdf,290955,2026-07-30T10:57:50Z,Style of drawings/13,Style of drawings,1760310_1,,STYLE_PDF,DEVELOPMENT,styles/z/13/1760310_1.pdf,60974e00f3cafafb8b8b30043b00a1d7396bb166dd3e78ea7ba212df491b5df2,"lokal kopia, samma namn och storlek",NO_ANNOTATIONS ID_NOT_IN_SHEET_TEXT,IDENTICAL_IN_3_PLACES
16_iIBHjM3HfcxzikgSK2n_nrA0bMxwro,Drawings/Style of drawings/13/1760305_1.pdf,1760305_1.pdf,pdf,application/pdf,244439,2026-07-30T10:57:50Z,Style of drawings/13,Style of drawings,1760305_1,,STYLE_PDF,DEVELOPMENT,styles/z/13/1760305_1.pdf,37f134aed25a6e63520e5080af370fef3beefda10beab6db1e0e799ad72c127c,"lokal kopia, samma namn och storlek",NO_ANNOTATIONS ID_NOT_IN_SHEET_TEXT,IDENTICAL_IN_3_PLACES
1wHc06s3saJYax8lUCgV48tHhR4Z_-Q4b,Drawings/Style of drawings/13/1760307_1.pdf,1760307_1.pdf,pdf,application/pdf,247291,2026-07-30T10:57:50Z,Style of drawings/13,Style of drawings,1760307_1,,STYLE_PDF,DEVELOPMENT,styles/z/13/1760307_1.pdf,9b742393d1714d9db3367cfc5d3a553e5f9a1561c2909ef9187d3c7ddb832768,"lokal kopia, samma namn och storlek",NO_ANNOTATIONS ID_NOT_IN_SHEET_TEXT,IDENTICAL_IN_3_PLACES
1PI3agAim34ztsN1MsDwgRh70-cW1e7Lq,Drawings/Style of drawings/13/1760277_1.pdf,1760277_1.pdf,pdf,application/pdf,200144,2026-07-30T10:57:50Z,Style of drawings/13,Style of drawings,1760277_1,,STYLE_PDF,DEVELOPMENT,styles/z/13/1760277_1.pdf,6637314788c2c1a1f56797ab5987aff609ad5d7568b1aee7a1468962bf07856e,"lokal kopia, samma namn och storlek",NO_ANNOTATIONS ID_NOT_IN_SHEET_TEXT,IDENTICAL_IN_3_PLACES
1O56RpYJ35whCANPJ1Qdt3wioxhYUx-Os,Drawings/Style of drawings/13/1760285_1.pdf,1760285_1.pdf,pdf,application/pdf,485699,2026-07-30T10:57:50Z,Style of drawings/13,Style of drawings,1760285_1,,STYLE_PDF,DEVELOPMENT,styles/z/13/1760285_1.pdf,133f689dce6fe4274a1f1edc23e2a608262f06d5cb7935077aa89064134d27f8,"lokal kopia, samma namn och storlek",NO_ANNOTATIONS ID_NOT_IN_SHEET_TEXT,IDENTICAL_IN_3_PLACES
12-_d0cmSn1uG0NVw_cCZqzDbaWQ9aR0O,Drawings/Style of drawings/13/1760281_1.pdf,1760281_1.pdf,pdf,application/pdf,385572,2026-07-30T10:57:50Z,Style of drawings/13,Style of drawings,1760281_1,,STYLE_PDF,DEVELOPMENT,styles/z/13/1760281_1.pdf,1eaa47b76e5dd22cd429498c653928e120df63619bfe1dbd26587b9c60ebc279,"lokal kopia, samma namn och storlek",NO_ANNOTATIONS ID_NOT_IN_SHEET_TEXT,IDENTICAL_IN_3_PLACES
1FSvn30uorPCyNvhnZL6dYuwPb3U3z5fl,Drawings/Style of drawings/13/1760280_1.pdf,1760280_1.pdf,pdf,application/pdf,361702,2026-07-30T10:57:50Z,Style of drawings/13,Style of drawings,1760280_1,,STYLE_PDF,DEVELOPMENT,styles/z/13/1760280_1.pdf,8f92345c66237647d8d8538db6dbf70d7f49ef12732924d1d5607f771f82f9ee,"lokal kopia, samma namn och storlek",NO_ANNOTATIONS ID_NOT_IN_SHEET_TEXT,IDENTICAL_IN_3_PLACES
1GY4d4oUo1gIJ16-d4v_lV4X6ONA07WeQ,Drawings/Style of drawings/13/1760300_1.pdf,1760300_1.pdf,pdf,application/pdf,356989,2026-07-30T10:57:50Z,Style of drawings/13,Style of drawings,1760300_1,,STYLE_PDF,DEVELOPMENT,styles/z/13/1760300_1.pdf,23cccc6742fbbc6268e1ba1a5ad44a064fceb0bf9026bf957c965c1b3b3dacf4,"lokal kopia, samma namn och storlek",NO_ANNOTATIONS ID_NOT_IN_SHEET_TEXT,IDENTICAL_IN_3_PLACES
1bY7VZNzlxuizA1m5Mae0cmvjf4VdbnT2,Drawings/Style of drawings/13/1760306_1.pdf,1760306_1.pdf,pdf,application/pdf,346879,2026-07-30T10:57:50Z,Style of drawings/13,Style of drawings,1760306_1,,STYLE_PDF,DEVELOPMENT,styles/z/13/1760306_1.pdf,1748198f0b7fb4793da94118de93a047783f4818e2394a2408e1a658e0c5eb5d,"lokal kopia, samma namn och storlek",NO_ANNOTATIONS ID_NOT_IN_SHEET_TEXT,IDENTICAL_IN_3_PLACES
1sVeo0dMNlbvpZgCdfBdthCh6So6UWE3M,Drawings/Style of drawings/13/1760283_1.pdf,1760283_1.pdf,pdf,application/pdf,380312,2026-07-30T10:57:50Z,Style of drawings/13,Style of drawings,1760283_1,,STYLE_PDF,DEVELOPMENT,styles/z/13/1760283_1.pdf,a7ad26b02f9be35e0baf38ae2f83382b4302f12155e8b982fc125675c080396d,"lokal kopia, samma namn och storlek",NO_ANNOTATIONS ID_NOT_IN_SHEET_TEXT,IDENTICAL_IN_3_PLACES
1Y4Gh4lArW1Jfx5gyBXVN3erNewj2lXYR,Drawings/Style of drawings/13/1760302_1.pdf,1760302_1.pdf,pdf,application/pdf,323827,2026-07-30T10:57:50Z,Style of drawings/13,Style of drawings,1760302_1,,STYLE_PDF,DEVELOPMENT,styles/z/13/1760302_1.pdf,90dae64cc6e63206ab23b21108790bea844e6d7e652cbe724ae938dc502bbf74,"lokal kopia, samma namn och storlek",NO_ANNOTATIONS ID_NOT_IN_SHEET_TEXT,IDENTICAL_IN_3_PLACES
1NP5MaakwW8_rYFz9vlAu7ZcXGgzKl2nD,Drawings/Style of drawings/13/1760298_1.pdf,1760298_1.pdf,pdf,application/pdf,319611,2026-07-30T10:57:50Z,Style of drawings/13,Style of drawings,1760298_1,,STYLE_PDF,DEVELOPMENT,styles/z/13/1760298_1.pdf,286181fc9d7024566e8acfc0b26dc61149e77953bb43f20ec659abf311e6f8d1,"lokal kopia, samma namn och storlek",NO_ANNOTATIONS ID_NOT_IN_SHEET_TEXT,IDENTICAL_IN_3_PLACES
1Je9n2wr6o4Vn9VMN4VsahMlD2m6FYhTz,Drawings/Style of drawings/13/1760304_1.pdf,1760304_1.pdf,pdf,application/pdf,304326,2026-07-30T10:57:50Z,Style of drawings/13,Style of drawings,1760304_1,,STYLE_PDF,DEVELOPMENT,styles/z/13/1760304_1.pdf,c76dfec98e040425308fead8944b57e620ea4bd075a74c5a89a596f52c4596eb,"lokal kopia, samma namn och storlek",NO_ANNOTATIONS ID_NOT_IN_SHEET_TEXT,IDENTICAL_IN_3_PLACES
12MHP2L8wHdxfUViHZ8OHFh7NE_xYcimW,Drawings/Style of drawings/13/1760278_1.pdf,1760278_1.pdf,pdf,application/pdf,326720,2026-07-30T10:57:50Z,Style of drawings/13,Style of drawings,1760278_1,,STYLE_PDF,DEVELOPMENT,styles/z/13/1760278_1.pdf,1f5793b6a01dd9a33ba063dfee53956fcfd59e525f04a888484957ebe2550b3e,"lokal kopia, samma namn och storlek",NO_ANNOTATIONS ID_NOT_IN_SHEET_TEXT,IDENTICAL_IN_3_PLACES
1s0gbM2jPKO2bRzQEGAd1PW-sdYtatnlP,Drawings/Style of drawings/13/1760287_1.pdf,1760287_1.pdf,pdf,application/pdf,279080,2026-07-30T10:57:50Z,Style of drawings/13,Style of drawings,1760287_1,,STYLE_PDF,DEVELOPMENT,styles/z/13/1760287_1.pdf,89f3305950da43607e07b8c68dff9774ec3c55e57c4f5070eafefe00ba93004c,"lokal kopia, samma namn och storlek",NO_ANNOTATIONS ID_NOT_IN_SHEET_TEXT,IDENTICAL_IN_3_PLACES
1lnRcDdeRPV9IepiBPvBQ7K8kWd7M9xyf,Drawings/Style of drawings/13/1760301_1.pdf,1760301_1.pdf,pdf,application/pdf,266427,2026-07-30T10:57:50Z,Style of drawings/13,Style of drawings,1760301_1,,STYLE_PDF,DEVELOPMENT,styles/z/13/1760301_1.pdf,f31c319b61e1a0860b3c37c37b7a2583c56e1df60056fa70d80f5987020ba527,"lokal kopia, samma namn och storlek",NO_ANNOTATIONS ID_NOT_IN_SHEET_TEXT,IDENTICAL_IN_3_PLACES
1EBT3ISJwDG9idh98Sj0xlkll3klBwi8J,Drawings/Style of drawings/13/1760299_1.pdf,1760299_1.pdf,pdf,application/pdf,256395,2026-07-30T10:57:50Z,Style of drawings/13,Style of drawings,1760299_1,,STYLE_PDF,DEVELOPMENT,styles/z/13/1760299_1.pdf,11dc663c7133ca8a9a0c47ea2f1e33443c1ac1bc894641ebf2811ff0e66852b0,"lokal kopia, samma namn och storlek",NO_ANNOTATIONS ID_NOT_IN_SHEET_TEXT,IDENTICAL_IN_3_PLACES
1KgU2BzK_aRHWgVg1OhCuHhhZ-cgfVMm-,Drawings/Other drawings (different format)/Icon_,Icon_,,application/octet-stream,0,2026-07-15T12:49:00Z,Other drawings (different format),Other drawings (different format),,,SYSTEM_FILE,,,,ej hämtad,,0_VERSIONS_BY_SIZE
1b0g7Wo-rau6ruUw2ZGW1ScWHz9S08K7j,Drawings/Pipe studio - style-source-pdfs/01 - AutoCAD - pdfplot14-16 - Ghostscript 9.21/10.pdf,10.pdf,pdf,application/pdf,261771,2026-04-28T04:23:44Z,Pipe studio - style-source-pdfs/01 - AutoCAD - pdfplot14-16 - Ghostscript 9.21,Pipe studio - style-source-pdfs,,,STYLE_SOURCE_PDF,DEVELOPMENT,styles/src/01 - AutoCAD - pdfplot14-16 - Ghostscript 9.21/10.pdf,68f600bdf85799f9f623fb096154e197dbdb5ce708e327f7c75b887da025f4c9,"lokal kopia, samma namn och storlek",NO_ANNOTATIONS,3_VERSIONS_BY_SIZE_x2
1Ta62FD10_lkPW2xubdNGb3wpkyZDaotO,Drawings/Pipe studio - style-source-pdfs/03 - Sweco - AutoCAD 2023 - pdfplot16 - Hairline/R9UHA10-CLB001-002.pdf,R9UHA10-CLB001-002.pdf,pdf,application/pdf,327634,2026-04-28T04:12:38Z,Pipe studio - style-source-pdfs/03 - Sweco - AutoCAD 2023 - pdfplot16 - Hairline,Pipe studio - style-source-pdfs,R9UHA10-CLB001-002,,STYLE_SOURCE_PDF,DEVELOPMENT,styles/src/03 - Sweco - AutoCAD 2023 - pdfplot16 - Hairline/R9UHA10-CLB001-002.pdf,3d1ea6884cc22c9640d4c78af59507ec24d7c399bf708e3cdb89ab70bb04773c,"lokal kopia, samma namn och storlek",ANNOTATED(71) ENGINE_STRIPS_ANNOTS ID_NOT_IN_SHEET_TEXT,IDENTICAL_IN_4_PLACES
1-TSjObm7sSfU_ETWJBCcsJhPu3y5F5k1,Drawings/Style of drawings/8/R9UHA10-CLB001-001.pdf,R9UHA10-CLB001-001.pdf,pdf,application/pdf,401476,2026-04-28T04:12:38Z,Style of drawings/8,Style of drawings,R9UHA10-CLB001-001,,STYLE_PDF,DEVELOPMENT,styles/Ritningar/R9UHA10-CLB001-001.pdf,24e15c29471858b0e29b0e7ca2ea83e3b3f426d2d048fbb62f8e070dcb5b6e05,"lokal kopia, samma namn och storlek",ANNOTATED(76) ENGINE_STRIPS_ANNOTS ID_NOT_IN_SHEET_TEXT,IDENTICAL_IN_3_PLACES
1lIQWk0cXD9T6IlXrSv0_xW3PFnHIfcO-,Drawings/Style of drawings/8/R9UHA10-CLB001-004.pdf,R9UHA10-CLB001-004.pdf,pdf,application/pdf,334627,2026-04-28T04:12:38Z,Style of drawings/8,Style of drawings,R9UHA10-CLB001-004,,STYLE_PDF,DEVELOPMENT,styles/src/00 - skalstockar/R9UHA10-CLB001-004.pdf,07b1d5f29d9124da2cbacc8af593b49d11042baaea93dd915e239ee1c2ccbe9f,"lokal kopia, samma namn och storlek",ANNOTATED(69) ENGINE_STRIPS_ANNOTS ID_NOT_IN_SHEET_TEXT,IDENTICAL_IN_4_PLACES
13NxS3uXC-jAqcWHT9OgAZiK-YqppC1I1,Drawings/Style of drawings/8/R9UHA10-CLB001-002.pdf,R9UHA10-CLB001-002.pdf,pdf,application/pdf,327634,2026-04-28T04:12:38Z,Style of drawings/8,Style of drawings,R9UHA10-CLB001-002,,STYLE_PDF,DEVELOPMENT,styles/src/03 - Sweco - AutoCAD 2023 - pdfplot16 - Hairline/R9UHA10-CLB001-002.pdf,3d1ea6884cc22c9640d4c78af59507ec24d7c399bf708e3cdb89ab70bb04773c,"lokal kopia, samma namn och storlek",ANNOTATED(71) ENGINE_STRIPS_ANNOTS ID_NOT_IN_SHEET_TEXT,IDENTICAL_IN_4_PLACES
1DUc2v0nYPLLNc7aXIlKQW4efst412FW2,Drawings/Style of drawings/8/R9UHA10-CLB001-003.pdf,R9UHA10-CLB001-003.pdf,pdf,application/pdf,345047,2026-04-28T04:12:38Z,Style of drawings/8,Style of drawings,R9UHA10-CLB001-003,,STYLE_PDF,DEVELOPMENT,styles/Ritningar/R9UHA10-CLB001-003.pdf,8280f63e7d64353733fba40cbf4b389beff55c34a81f37a70c1f7dd054a72f09,"lokal kopia, samma namn och storlek",ANNOTATED(73) ENGINE_STRIPS_ANNOTS ID_NOT_IN_SHEET_TEXT,IDENTICAL_IN_3_PLACES
1iCHpU6yZuDC2nnqpfmqOAXzoyILEQOJK,Drawings/Other drawings (different format)/R9UHA10-CLB001-001.pdf,R9UHA10-CLB001-001.pdf,pdf,application/pdf,401476,2026-04-28T04:12:38Z,Other drawings (different format),Other drawings (different format),R9UHA10-CLB001-001,,OTHER_FORMAT_PDF,DEVELOPMENT,styles/Ritningar/R9UHA10-CLB001-001.pdf,24e15c29471858b0e29b0e7ca2ea83e3b3f426d2d048fbb62f8e070dcb5b6e05,"lokal kopia, samma namn och storlek",ANNOTATED(76) ENGINE_STRIPS_ANNOTS ID_NOT_IN_SHEET_TEXT,IDENTICAL_IN_3_PLACES
11jSJ0L4vcJ2MMLOpSBffxc8gT86xflR5,Drawings/Other drawings (different format)/R9UHA10-CLB001-003.pdf,R9UHA10-CLB001-003.pdf,pdf,application/pdf,345047,2026-04-28T04:12:38Z,Other drawings (different format),Other drawings (different format),R9UHA10-CLB001-003,,OTHER_FORMAT_PDF,DEVELOPMENT,styles/Ritningar/R9UHA10-CLB001-003.pdf,8280f63e7d64353733fba40cbf4b389beff55c34a81f37a70c1f7dd054a72f09,"lokal kopia, samma namn och storlek",ANNOTATED(73) ENGINE_STRIPS_ANNOTS ID_NOT_IN_SHEET_TEXT,IDENTICAL_IN_3_PLACES
1kkkcInjm9HxBLP0isrGpnuGw8VeFR8JY,Drawings/Other drawings (different format)/R9UHA10-CLB001-002.pdf,R9UHA10-CLB001-002.pdf,pdf,application/pdf,327634,2026-04-28T04:12:38Z,Other drawings (different format),Other drawings (different format),R9UHA10-CLB001-002,,OTHER_FORMAT_PDF,DEVELOPMENT,styles/src/03 - Sweco - AutoCAD 2023 - pdfplot16 - Hairline/R9UHA10-CLB001-002.pdf,3d1ea6884cc22c9640d4c78af59507ec24d7c399bf708e3cdb89ab70bb04773c,"lokal kopia, samma namn och storlek",ANNOTATED(71) ENGINE_STRIPS_ANNOTS ID_NOT_IN_SHEET_TEXT,IDENTICAL_IN_4_PLACES
1xPW5KGrrjppSTuDfrYZXa19A0451yQte,Drawings/Other drawings (different format)/R9UHA10-CLB001-004.pdf,R9UHA10-CLB001-004.pdf,pdf,application/pdf,334627,2026-04-28T04:12:38Z,Other drawings (different format),Other drawings (different format),R9UHA10-CLB001-004,,OTHER_FORMAT_PDF,DEVELOPMENT,styles/src/00 - skalstockar/R9UHA10-CLB001-004.pdf,07b1d5f29d9124da2cbacc8af593b49d11042baaea93dd915e239ee1c2ccbe9f,"lokal kopia, samma namn och storlek",ANNOTATED(69) ENGINE_STRIPS_ANNOTS ID_NOT_IN_SHEET_TEXT,IDENTICAL_IN_4_PLACES
1RZ74uEnpN4IaXnKJo7MKq4IzHNERU0ic,"Drawings/Style of drawings/7/V53-1-1242 - Plan 03, Del 42, Spillvattenanläggning.pdf","V53-1-1242 - Plan 03, Del 42, Spillvattenanläggning.pdf",pdf,application/pdf,199132,2026-02-13T11:49:06Z,Style of drawings/7,Style of drawings,V-53-1-1242,,STYLE_PDF,,,,ej hämtad,,IDENTICAL_IN_2_PLACES
1QgksNw9p_RBOCMx7I8T2zhM9LYYlCxfJ,"Drawings/Style of drawings/7/V53-1-1024 - Plan 01, Del 24, Spillvattenanläggning.pdf","V53-1-1024 - Plan 01, Del 24, Spillvattenanläggning.pdf",pdf,application/pdf,200796,2026-02-13T11:48:18Z,Style of drawings/7,Style of drawings,V-53-1-1024,,STYLE_PDF,,,,ej hämtad,,IDENTICAL_IN_2_PLACES
1oIO4rkJMQR0mSL3TRI1ZYhG1Wriiy3O4,"Drawings/Style of drawings/7/V53-1-1134 - Plan 02, Del 34, Spillvattenanläggning.pdf","V53-1-1134 - Plan 02, Del 34, Spillvattenanläggning.pdf",pdf,application/pdf,184205,2026-02-13T11:48:46Z,Style of drawings/7,Style of drawings,V-53-1-1134,,STYLE_PDF,,,,ej hämtad,,IDENTICAL_IN_2_PLACES
1_apXgSB8qNFGVD6wV_BdGT5By36qoF2Y,"Drawings/Style of drawings/7/V50-1-1212 - Plan 03, Del 12, Värme & Sanitäranlägg-.pdf","V50-1-1212 - Plan 03, Del 12, Värme & Sanitäranlägg-.pdf",pdf,application/pdf,209809,2026-02-13T11:49:00Z,Style of drawings/7,Style of drawings,V-50-1-1212,,STYLE_PDF,,,,ej hämtad,,IDENTICAL_IN_2_PLACES
1cA9jGL3Tnjily12dcLQdoKfM-eps8Hxi,"Drawings/Style of drawings/7/V50-1-1522 - Plan 06, Del 22, Värme & Sanitäranlägg-.pdf","V50-1-1522 - Plan 06, Del 22, Värme & Sanitäranlägg-.pdf",pdf,application/pdf,183595,2026-02-13T11:49:50Z,Style of drawings/7,Style of drawings,V-50-1-1522,,STYLE_PDF,,,,ej hämtad,,IDENTICAL_IN_2_PLACES
19m7l-NPSX0w2jL8Ik6YB7pjlUe_ZoHIe,"Drawings/Style of drawings/7/V50-1-1311 - Plan 04, Del 11, Värme & Sanitäranlägg-.pdf","V50-1-1311 - Plan 04, Del 11, Värme & Sanitäranlägg-.pdf",pdf,application/pdf,169245,2026-02-13T11:49:14Z,Style of drawings/7,Style of drawings,V-50-1-1311,,STYLE_PDF,,,,ej hämtad,,IDENTICAL_IN_2_PLACES
1-5J5k6Wo0lh4Qq-5kJSwSmkaDj8GNhvQ,"Drawings/Style of drawings/7/V50-1-1022 - Plan 01, Del 22, Värme & Sanitäranlägg-.pdf","V50-1-1022 - Plan 01, Del 22, Värme & Sanitäranlägg-.pdf",pdf,application/pdf,169740,2026-02-13T11:48:10Z,Style of drawings/7,Style of drawings,V-50-1-1022,,STYLE_PDF,,,,ej hämtad,,IDENTICAL_IN_2_PLACES
1NFHUDsQHfv1-TEmQscW_ipOaNpi4rQtD,"Drawings/Style of drawings/7/V50-1-0934 - Plan B1, Del 34, Värme & Sanitäranlägg-.pdf","V50-1-0934 - Plan B1, Del 34, Värme & Sanitäranlägg-.pdf",pdf,application/pdf,182698,2026-02-13T11:47:48Z,Style of drawings/7,Style of drawings,V-50-1-0934,,STYLE_PDF,,,,ej hämtad,,IDENTICAL_IN_2_PLACES
1-WXFm5-XyyUt_k6PeYwosjJuaREDsiSW,"Drawings/Style of drawings/7/V53-1-1611 - Plan 07, Del 11, Spillvattenanläggning.pdf","V53-1-1611 - Plan 07, Del 11, Spillvattenanläggning.pdf",pdf,application/pdf,149540,2026-02-13T11:50:10Z,Style of drawings/7,Style of drawings,V-53-1-1611,,STYLE_PDF,,,,ej hämtad,,IDENTICAL_IN_2_PLACES
19uPB3s3tdgjv2R6OlnOpt60nhjAyOmGJ,"Drawings/Style of drawings/7/V53-1-1034 - Plan 01, Del 34, Spillvattenanläggning.pdf","V53-1-1034 - Plan 01, Del 34, Spillvattenanläggning.pdf",pdf,application/pdf,159554,2026-02-13T11:48:18Z,Style of drawings/7,Style of drawings,V-53-1-1034,,STYLE_PDF,,,,ej hämtad,,IDENTICAL_IN_2_PLACES
1i1poqDU4y_UVY1yNVCXnO6_fAT4GalOL,"Drawings/Style of drawings/7/V53-1-1124 - Plan 02, Del 24, Spillvattenanläggning.pdf","V53-1-1124 - Plan 02, Del 24, Spillvattenanläggning.pdf",pdf,application/pdf,168778,2026-02-13T11:48:46Z,Style of drawings/7,Style of drawings,V-53-1-1124,,STYLE_PDF,,,,ej hämtad,,IDENTICAL_IN_2_PLACES
1eNKGSC2r37TzkTY8Z3uX2hF9HZi3EHPj,"Drawings/Style of drawings/7/V50-1-1011 - Plan 01, Del 11, Värme & Sanitäranlägg-.pdf","V50-1-1011 - Plan 01, Del 11, Värme & Sanitäranlägg-.pdf",pdf,application/pdf,156156,2026-02-13T11:48:12Z,Style of drawings/7,Style of drawings,V-50-1-1011,,STYLE_PDF,,,,ej hämtad,,IDENTICAL_IN_2_PLACES
1iydU-4_R8q2KVJcWmz1ZyJ4UakBdv2Uv,"Drawings/Style of drawings/7/V53-1-0832 - Plan B2, Del 32, Spillvattenanläggning, ÖG.pdf","V53-1-0832 - Plan B2, Del 32, Spillvattenanläggning, ÖG.pdf",pdf,application/pdf,123288,2026-02-13T11:47:26Z,Style of drawings/7,Style of drawings,V-53-1-0832,,STYLE_PDF,,,,ej hämtad,,IDENTICAL_IN_2_PLACES
1kl6KejJoJXghALyFmybE3r9yK7MOQkc6,"Drawings/Style of drawings/7/V50-1-1624 - Plan 07, Del 24, Värme & Sanitäranlägg-.pdf","V50-1-1624 - Plan 07, Del 24, Värme & Sanitäranlägg-.pdf",pdf,application/pdf,240826,2026-02-13T11:50:04Z,Style of drawings/7,Style of drawings,V-50-1-1624,,STYLE_PDF,,,,ej hämtad,,IDENTICAL_IN_2_PLACES
1NkKTqz4HKNR7poIVY7Ig7f7YJDS3K33S,"Drawings/Style of drawings/7/V53-1-1042 - Plan 01, Del 42, Spillvattenanläggning.pdf","V53-1-1042 - Plan 01, Del 42, Spillvattenanläggning.pdf",pdf,application/pdf,237933,2026-02-13T11:48:18Z,Style of drawings/7,Style of drawings,V-53-1-1042,,STYLE_PDF,,,,ej hämtad,,IDENTICAL_IN_2_PLACES
14PPYVFwBpQzbXNkqXfiP_BkvA_mFj5Rq,"Drawings/Style of drawings/7/V50-1-1034 - Plan 01, Del 34, Värme & Sanitäranlägg-.pdf","V50-1-1034 - Plan 01, Del 34, Värme & Sanitäranlägg-.pdf",pdf,application/pdf,244644,2026-02-13T11:48:10Z,Style of drawings/7,Style of drawings,V-50-1-1034,,STYLE_PDF,,,,ej hämtad,,IDENTICAL_IN_2_PLACES
19G0CI8MynEb_A2Ud1qOKUu6W0t4_1iKe,"Drawings/Style of drawings/7/V53-1-1142 - Plan 02, Del 42, Spillvattenanläggning.pdf","V53-1-1142 - Plan 02, Del 42, Spillvattenanläggning.pdf",pdf,application/pdf,256373,2026-02-13T11:48:46Z,Style of drawings/7,Style of drawings,V-53-1-1142,,STYLE_PDF,,,,ej hämtad,,IDENTICAL_IN_2_PLACES
1kfqJXCJ_3Fba0KdJ_EonABXMrYFkF3Zx,"Drawings/Style of drawings/7/V50-1-1334 - Plan 04, Del 34, Värme & Sanitäranlägg-.pdf","V50-1-1334 - Plan 04, Del 34, Värme & Sanitäranlägg-.pdf",pdf,application/pdf,232526,2026-02-13T11:49:14Z,Style of drawings/7,Style of drawings,V-50-1-1334,,STYLE_PDF,,,,ej hämtad,,IDENTICAL_IN_2_PLACES
1DyZfmxcrqux9ncfEXIdIbv3BBN4Z7_4j,"Drawings/Style of drawings/7/V50-1-1534 - Plan 06, Del 34, Värme & Sanitäranlägg-.pdf","V50-1-1534 - Plan 06, Del 34, Värme & Sanitäranlägg-.pdf",pdf,application/pdf,205794,2026-02-13T11:49:48Z,Style of drawings/7,Style of drawings,V-50-1-1534,,STYLE_PDF,,,,ej hämtad,,IDENTICAL_IN_2_PLACES
1l-wuufF_coiofX06vn_K2vsXPQju3lbF,"Drawings/Style of drawings/7/V53-1-1424 - Plan 05, Del 24, Spillvattenanläggning.pdf","V53-1-1424 - Plan 05, Del 24, Spillvattenanläggning.pdf",pdf,application/pdf,155792,2026-02-13T11:49:40Z,Style of drawings/7,Style of drawings,V-53-1-1424,,STYLE_PDF,,,,ej hämtad,,IDENTICAL_IN_2_PLACES
1VNbWotI31Rwx1miae_U3LQCCoyHnU6sI,"Drawings/Style of drawings/7/V50-1-0922 - Plan B1, Del 22, Värme & Sanitäranlägg-.pdf","V50-1-0922 - Plan B1, Del 22, Värme & Sanitäranlägg-.pdf",pdf,application/pdf,121813,2026-02-13T11:47:48Z,Style of drawings/7,Style of drawings,V-50-1-0922,,STYLE_PDF,,,,ej hämtad,,IDENTICAL_IN_2_PLACES
1o4DERfM0M8-g-UPo-pUxRclFQ_zcB9Bs,"Drawings/Style of drawings/7/V50-1-1322 - Plan 04, Del 22, Värme & Sanitäranlägg-.pdf","V50-1-1322 - Plan 04, Del 22, Värme & Sanitäranlägg-.pdf",pdf,application/pdf,177000,2026-02-13T11:49:14Z,Style of drawings/7,Style of drawings,V-50-1-1322,,STYLE_PDF,,,,ej hämtad,,IDENTICAL_IN_2_PLACES
1nEtX-Ncb-J0uxbPUtw2Bj5XiVztSumim,"Drawings/Style of drawings/7/V53-1-2023 - Plan 11, Del 23, Spillvattenanläggning.pdf","V53-1-2023 - Plan 11, Del 23, Spillvattenanläggning.pdf",pdf,application/pdf,130379,2026-02-13T11:51:12Z,Style of drawings/7,Style of drawings,V-53-1-2023,,STYLE_PDF,,,,ej hämtad,,IDENTICAL_IN_2_PLACES
13-TYwM-9-H-5JBJCLL6-RxzTfVtdqq4T,"Drawings/Style of drawings/7/V53-1-1812 - Plan 09, Del 12, Spillvattenanläggning.pdf","V53-1-1812 - Plan 09, Del 12, Spillvattenanläggning.pdf",pdf,application/pdf,123864,2026-02-13T11:50:42Z,Style of drawings/7,Style of drawings,V-53-1-1812,,STYLE_PDF,,,,ej hämtad,,IDENTICAL_IN_2_PLACES
1OPtnBf80eKi22ObLwv_tqW8HyadjDfs0,"Drawings/Style of drawings/7/V50-1-0911 - Plan B1, Del 11, Värme & Sanitäranlägg-.pdf","V50-1-0911 - Plan B1, Del 11, Värme & Sanitäranlägg-.pdf",pdf,application/pdf,131290,2026-02-13T11:47:48Z,Style of drawings/7,Style of drawings,V-50-1-0911,,STYLE_PDF,,,,ej hämtad,,IDENTICAL_IN_2_PLACES
1DToeAufNDktrhs-sXRAFwxE35Tx8vYj0,"Drawings/Style of drawings/7/V50-1-1823 - Plan 09, Del 23, Värme & Sanitäranlägg-.pdf","V50-1-1823 - Plan 09, Del 23, Värme & Sanitäranlägg-.pdf",pdf,application/pdf,153414,2026-02-13T11:50:34Z,Style of drawings/7,Style of drawings,V-50-1-1823,,STYLE_PDF,,,,ej hämtad,,IDENTICAL_IN_2_PLACES
1Ktc2OVHmcMihxGyYxUn3dpx0oON8SZpY,"Drawings/Style of drawings/7/V50-1-1244 - Plan 03, Del 44, Värme & Sanitäranlägg-.pdf","V50-1-1244 - Plan 03, Del 44, Värme & Sanitäranlägg-.pdf",pdf,application/pdf,189255,2026-02-13T11:49:00Z,Style of drawings/7,Style of drawings,V-50-1-1244,,STYLE_PDF,,,,ej hämtad,,IDENTICAL_IN_2_PLACES
15VvLtUR0PJx4Yo1S9Kv2yfmh_f5lk-WG,"Drawings/Style of drawings/7/V53-1-1511 - Plan 06, Del 11, Spillvattenanläggning.pdf","V53-1-1511 - Plan 06, Del 11, Spillvattenanläggning.pdf",pdf,application/pdf,136798,2026-02-13T11:49:56Z,Style of drawings/7,Style of drawings,V-53-1-1511,,STYLE_PDF,,,,ej hämtad,,IDENTICAL_IN_2_PLACES
1lcLLoz3xNOOGoHJonYTo3j8XFP3cNGWD,"Drawings/Style of drawings/7/V50-1-1114 - Plan 02, Del 14, Värme & Sanitäranlägg-.pdf","V50-1-1114 - Plan 02, Del 14, Värme & Sanitäranlägg-.pdf",pdf,application/pdf,414945,2026-02-13T12:11:02Z,Style of drawings/7,Style of drawings,V-50-1-1114,,STYLE_PDF,,,,ej hämtad,,IDENTICAL_IN_2_PLACES
1AoPsY_1TMG32E9P6Hr7aWR1vKGG83oPC,"Drawings/Style of drawings/7/V53-1-0811 - Plan B2, Del 11, Spillvattenanläggning, ÖG.pdf","V53-1-0811 - Plan B2, Del 11, Spillvattenanläggning, ÖG.pdf",pdf,application/pdf,119435,2026-02-13T12:11:02Z,Style of drawings/7,Style of drawings,V-53-1-0811,,STYLE_PDF,,,,ej hämtad,,IDENTICAL_IN_2_PLACES
16Z60lLD1thxgvNtqnGa1WDLSlhsBS_VA,"Drawings/Style of drawings/7/V50-1-1723 - Plan 08, Del 23, Värme & Sanitäranlägg-.pdf","V50-1-1723 - Plan 08, Del 23, Värme & Sanitäranlägg-.pdf",pdf,application/pdf,250789,2026-02-13T11:50:16Z,Style of drawings/7,Style of drawings,V-50-1-1723,,STYLE_PDF,,,,ej hämtad,,IDENTICAL_IN_2_PLACES
16GUjXhlQZZxne5bED58APMt8BywacpBX,"Drawings/Style of drawings/7/V53-1-1642 - Plan 07, Del 42, Spillvattenanläggning.pdf","V53-1-1642 - Plan 07, Del 42, Spillvattenanläggning.pdf",pdf,application/pdf,243004,2026-02-13T11:50:10Z,Style of drawings/7,Style of drawings,V-53-1-1642,,STYLE_PDF,,,,ej hämtad,,IDENTICAL_IN_2_PLACES
1n8kCCgz50ScXzZEW4JF_6x47O4EcKxuS,"Drawings/Style of drawings/7/V50-1-1242 - Plan 03, Del 42, Värme & Sanitäranlägg-.pdf","V50-1-1242 - Plan 03, Del 42, Värme & Sanitäranlägg-.pdf",pdf,application/pdf,271104,2026-02-13T11:49:00Z,Style of drawings/7,Style of drawings,V-50-1-1242,,STYLE_PDF,,,,ej hämtad,,IDENTICAL_IN_2_PLACES
1W1g1ZsoY8GKvxoOqxVlcjH0q-fNPgOXR,"Drawings/Style of drawings/7/V53-1-1342 - Plan 04, Del 42, Spillvattenanläggning.pdf","V53-1-1342 - Plan 04, Del 42, Spillvattenanläggning.pdf",pdf,application/pdf,199735,2026-02-13T11:49:22Z,Style of drawings/7,Style of drawings,V-53-1-1342,,STYLE_PDF,,,,ej hämtad,,IDENTICAL_IN_2_PLACES
1V9tRpVfE1_Zo5DYAzzDk2p7O8OJRjnha,"Drawings/Style of drawings/7/V50-1-1412 - Plan 05, Del 12, Värme & Sanitäranlägg-.pdf","V50-1-1412 - Plan 05, Del 12, Värme & Sanitäranlägg-.pdf",pdf,application/pdf,207813,2026-02-13T11:49:32Z,Style of drawings/7,Style of drawings,V-50-1-1412,,STYLE_PDF,,,,ej hämtad,,IDENTICAL_IN_2_PLACES
1EadP8NW23jBpFWulkWNp7R7x9FodtplQ,"Drawings/Style of drawings/7/V53-1-1534 - Plan 06, Del 34, Spillvattenanläggning.pdf","V53-1-1534 - Plan 06, Del 34, Spillvattenanläggning.pdf",pdf,application/pdf,180839,2026-02-13T11:49:56Z,Style of drawings/7,Style of drawings,V-53-1-1534,,STYLE_PDF,,,,ej hämtad,,IDENTICAL_IN_2_PLACES
1bNfcA5peGcrpsWR1LzU8lp8gsjh5jQbF,"Drawings/Style of drawings/7/V53-1-1944 - Plan 10, Del 44, Spillvattenanläggning.pdf","V53-1-1944 - Plan 10, Del 44, Spillvattenanläggning.pdf",pdf,application/pdf,172381,2026-02-13T11:51:00Z,Style of drawings/7,Style of drawings,V-53-1-1944,,STYLE_PDF,DEVELOPMENT,styles/S1_plan10_del44.pdf,d5aa4b95c723f6a2949876f06e5b1e7327a86b38f439adcbe20e1fa875e33b87,"lokal kopia, samma storlek och typ",NO_ANNOTATIONS ID_IN_SHEET_TEXT,IDENTICAL_IN_2_PLACES
1MHkHroUf_hPBIV3e5EUlePGB5C5bMOXw,"Drawings/Style of drawings/7/V50-1-1622 - Plan 07, Del 22, Värme & Sanitäranlägg-.pdf","V50-1-1622 - Plan 07, Del 22, Värme & Sanitäranlägg-.pdf",pdf,application/pdf,187804,2026-02-13T11:50:04Z,Style of drawings/7,Style of drawings,V-50-1-1622,,STYLE_PDF,,,,ej hämtad,,IDENTICAL_IN_2_PLACES
1yocgCPtmZwXI9hPmvt6M0uOVjFDtRZHW,"Drawings/Style of drawings/7/V53-1-0932 - Plan B1, Del 32, Spillvattenanläggning.pdf","V53-1-0932 - Plan B1, Del 32, Spillvattenanläggning.pdf",pdf,application/pdf,202865,2026-02-13T11:47:58Z,Style of drawings/7,Style of drawings,V-53-1-0932,,STYLE_PDF,,,,ej hämtad,,IDENTICAL_IN_2_PLACES
1a7_P9hSIFqoKJLZCKpLZsN9MOobqmnPq,"Drawings/Style of drawings/7/V53-1-1524 - Plan 06, Del 24, Spillvattenanläggning.pdf","V53-1-1524 - Plan 06, Del 24, Spillvattenanläggning.pdf",pdf,application/pdf,158660,2026-02-13T11:49:56Z,Style of drawings/7,Style of drawings,V-53-1-1524,,STYLE_PDF,,,,ej hämtad,,IDENTICAL_IN_2_PLACES
1M0SXPVaCFXxX6wHsHjvPbbefMET3k5zu,"Drawings/Style of drawings/7/V53-1-0922 - Plan B1, Del 22, Spillvattenanläggning.pdf","V53-1-0922 - Plan B1, Del 22, Spillvattenanläggning.pdf",pdf,application/pdf,109037,2026-02-13T11:47:58Z,Style of drawings/7,Style of drawings,V-53-1-0922,,STYLE_PDF,,,,ej hämtad,,IDENTICAL_IN_2_PLACES
1xoEPdbpftvMX3-xW5gGSK5hG7zOxVKhy,"Drawings/Style of drawings/7/V50-1-0813 - Plan B2, Del 13, Värme & Sanitäranlägg-.pdf","V50-1-0813 - Plan B2, Del 13, Värme & Sanitäranlägg-.pdf",pdf,application/pdf,126187,2026-02-13T11:47:16Z,Style of drawings/7,Style of drawings,V-50-1-0813,,STYLE_PDF,,,,ej hämtad,,IDENTICAL_IN_2_PLACES
1T8ysy1xcEXqEOwp9eZZ_6StwqsKYC63M,"Drawings/Style of drawings/7/V53-1-0841 - Plan B2, Del 41, Spillvattenanläggning, ÖG.pdf","V53-1-0841 - Plan B2, Del 41, Spillvattenanläggning, ÖG.pdf",pdf,application/pdf,114965,2026-02-13T11:47:26Z,Style of drawings/7,Style of drawings,V-53-1-0841,,STYLE_PDF,,,,ej hämtad,,IDENTICAL_IN_2_PLACES
1oSxjatGmSVKcycv2CLyZXx_jpePfj9Qy,"Drawings/Style of drawings/7/V53-1-0934 - Plan B1, Del 34, Spillvattenanläggning.pdf","V53-1-0934 - Plan B1, Del 34, Spillvattenanläggning.pdf",pdf,application/pdf,178633,2026-02-13T11:47:58Z,Style of drawings/7,Style of drawings,V-53-1-0934,,STYLE_PDF,,,,ej hämtad,,IDENTICAL_IN_2_PLACES
1lXmEYGhTHgtbankqvxsTUDPG-8_t17BP,"Drawings/Style of drawings/7/V50-1-1112 - Plan 02, Del 12, Värme & Sanitäranlägg-.pdf","V50-1-1112 - Plan 02, Del 12, Värme & Sanitäranlägg-.pdf",pdf,application/pdf,310341,2026-02-13T12:11:02Z,Style of drawings/7,Style of drawings,V-50-1-1112,,STYLE_PDF,,,,ej hämtad,,IDENTICAL_IN_2_PLACES
1AHuN7vapDn4fvG_juzy-a9wcgB-yXnnr,"Drawings/Style of drawings/7/V50-1-1121 - Plan 02, Del 21, Värme & Sanitäranlägg-.pdf","V50-1-1121 - Plan 02, Del 21, Värme & Sanitäranlägg-.pdf",pdf,application/pdf,307814,2026-02-13T11:48:38Z,Style of drawings/7,Style of drawings,V-50-1-1121,,STYLE_PDF,,,,ej hämtad,,IDENTICAL_IN_2_PLACES
1IrqozjPZEUKMhkoslgy2XCF7LlwaM8O-,"Drawings/Style of drawings/7/V53-1-1742 - Plan 08, Del 42, Spillvattenanläggning.pdf","V53-1-1742 - Plan 08, Del 42, Spillvattenanläggning.pdf",pdf,application/pdf,222827,2026-02-13T11:50:26Z,Style of drawings/7,Style of drawings,V-53-1-1742,,STYLE_PDF,,,,ej hämtad,,IDENTICAL_IN_2_PLACES
1V0E9joNQAeiaJ63Vxd2IEJsGRpvigH63,"Drawings/Style of drawings/7/V53-1-1942 - Plan 10, Del 42, Spillvattenanläggning.pdf","V53-1-1942 - Plan 10, Del 42, Spillvattenanläggning.pdf",pdf,application/pdf,215564,2026-02-13T11:51:00Z,Style of drawings/7,Style of drawings,V-53-1-1942,,STYLE_PDF,,,,ej hämtad,,IDENTICAL_IN_2_PLACES
1jfuZ2KQ8BgTpBxBssVNvJ-vVPw9CbR02,"Drawings/Style of drawings/7/V50-1-1421 - Plan 05, Del 21, Värme & Sanitäranlägg-.pdf","V50-1-1421 - Plan 05, Del 21, Värme & Sanitäranlägg-.pdf",pdf,application/pdf,298291,2026-02-13T11:49:32Z,Style of drawings/7,Style of drawings,V-50-1-1421,,STYLE_PDF,,,,ej hämtad,,IDENTICAL_IN_2_PLACES
11mGpFcXvxYeiQvZVAl7EvjDXloeEzAHa,"Drawings/Style of drawings/7/V50-1-1341 - Plan 04, Del 41, Värme & Sanitäranlägg-.pdf","V50-1-1341 - Plan 04, Del 41, Värme & Sanitäranlägg-.pdf",pdf,application/pdf,215034,2026-02-13T11:49:14Z,Style of drawings/7,Style of drawings,V-50-1-1341,,STYLE_PDF,,,,ej hämtad,,IDENTICAL_IN_2_PLACES
1EerW-u9OJZ5M6XrKosuiJa7WvCjdBFJP,"Drawings/Style of drawings/7/V53-1-1432 - Plan 05, Del 32, Spillvattenanläggning.pdf","V53-1-1432 - Plan 05, Del 32, Spillvattenanläggning.pdf",pdf,application/pdf,195234,2026-02-13T11:49:40Z,Style of drawings/7,Style of drawings,V-53-1-1432,,STYLE_PDF,,,,ej hämtad,,IDENTICAL_IN_2_PLACES
18cr9CC4mlVjatA7KF5A2uDmjO2ztrDod,"Drawings/Style of drawings/7/V50-1-1041 - Plan 01, Del 41, Värme & Sanitäranlägg-.pdf","V50-1-1041 - Plan 01, Del 41, Värme & Sanitäranlägg-.pdf",pdf,application/pdf,237475,2026-02-13T11:48:10Z,Style of drawings/7,Style of drawings,V-50-1-1041,,STYLE_PDF,,,,ej hämtad,,IDENTICAL_IN_2_PLACES
1VCLmsxqRQN-d6cB4T_oieIGVbJli3nuu,"Drawings/Style of drawings/7/V53-1-1532 - Plan 06, Del 32, Spillvattenanläggning.pdf","V53-1-1532 - Plan 06, Del 32, Spillvattenanläggning.pdf",pdf,application/pdf,180268,2026-02-13T11:49:56Z,Style of drawings/7,Style of drawings,V-53-1-1532,,STYLE_PDF,,,,ej hämtad,,IDENTICAL_IN_2_PLACES
1sW3yREbjohFvGoPkGflgwmLxXgoOU7EU,"Drawings/Style of drawings/7/V53-1-1522 - Plan 06, Del 22, Spillvattenanläggning.pdf","V53-1-1522 - Plan 06, Del 22, Spillvattenanläggning.pdf",pdf,application/pdf,142350,2026-02-13T11:49:56Z,Style of drawings/7,Style of drawings,V-53-1-1522,,STYLE_PDF,,,,ej hämtad,,IDENTICAL_IN_2_PLACES
1Ed6lZD_lobXDFPwFZl1h1UjktE2Twc5g,"Drawings/Style of drawings/7/V50-1-1541 - Plan 06, Del 41, Värme & Sanitäranlägg-.pdf","V50-1-1541 - Plan 06, Del 41, Värme & Sanitäranlägg-.pdf",pdf,application/pdf,184045,2026-02-13T11:49:48Z,Style of drawings/7,Style of drawings,V-50-1-1541,,STYLE_PDF,,,,ej hämtad,,IDENTICAL_IN_2_PLACES
1a9-sw8H2J979fcWhSEJJLSfOiPIbDS_f,"Drawings/Style of drawings/7/V53-1-1344 - Plan 04, Del 44, Spillvattenanläggning.pdf","V53-1-1344 - Plan 04, Del 44, Spillvattenanläggning.pdf",pdf,application/pdf,138373,2026-02-13T11:49:22Z,Style of drawings/7,Style of drawings,V-53-1-1344,,STYLE_PDF,,,,ej hämtad,,IDENTICAL_IN_2_PLACES
1YASDkHb6jUJfYIS6Jzq6NP7GIfLvN5NH,"Drawings/Style of drawings/7/V53-1-0924 - Plan B1, Del 24, Spillvattenanläggning.pdf","V53-1-0924 - Plan B1, Del 24, Spillvattenanläggning.pdf",pdf,application/pdf,142438,2026-02-13T11:47:58Z,Style of drawings/7,Style of drawings,V-53-1-0924,,STYLE_PDF,,,,ej hämtad,,IDENTICAL_IN_2_PLACES
1sj607I4PHBb49Pxprs4A_7qglfcpRfy-,"Drawings/Style of drawings/7/V53-1-1821 - Plan 09, Del 21, Spillvattenanläggning.pdf","V53-1-1821 - Plan 09, Del 21, Spillvattenanläggning.pdf",pdf,application/pdf,127619,2026-02-13T11:50:42Z,Style of drawings/7,Style of drawings,V-53-1-1821,,STYLE_PDF,,,,ej hämtad,,IDENTICAL_IN_2_PLACES
1I3ZRYYjUHWkuUwhFzdUt6DhhjCUJdIjz,"Drawings/Style of drawings/7/V53-1-1044 - Plan 01, Del 44, Spillvattenanläggning.pdf","V53-1-1044 - Plan 01, Del 44, Spillvattenanläggning.pdf",pdf,application/pdf,141474,2026-02-13T11:48:18Z,Style of drawings/7,Style of drawings,V-53-1-1044,,STYLE_PDF,,,,ej hämtad,,IDENTICAL_IN_2_PLACES
1rX_WYTM1RlQz24E2JKgeKCKXcKTPW41O,"Drawings/Style of drawings/7/V53-1-1422 - Plan 05, Del 22, Spillvattenanläggning.pdf","V53-1-1422 - Plan 05, Del 22, Spillvattenanläggning.pdf",pdf,application/pdf,140602,2026-02-13T11:49:40Z,Style of drawings/7,Style of drawings,V-53-1-1422,,STYLE_PDF,,,,ej hämtad,,IDENTICAL_IN_2_PLACES
1VhmYTiIK2Y51j0R9sJ4-At98xIGWS8Lk,"Drawings/Style of drawings/7/V50-1-1924 - Plan 10, Del 24, Värme & Sanitäranlägg-.pdf","V50-1-1924 - Plan 10, Del 24, Värme & Sanitäranlägg-.pdf",pdf,application/pdf,197562,2026-02-13T12:11:02Z,Style of drawings/7,Style of drawings,V-50-1-1924,,STYLE_PDF,,,,ej hämtad,,IDENTICAL_IN_2_PLACES
1OHYtxhOw7m1-RXUPcA7Bze_mzE5XonhY,"Drawings/Style of drawings/7/V50-1-1023 - Plan 01, Del 23, Värme & Sanitäranlägg-.pdf","V50-1-1023 - Plan 01, Del 23, Värme & Sanitäranlägg-.pdf",pdf,application/pdf,253267,2026-02-13T11:48:10Z,Style of drawings/7,Style of drawings,V-50-1-1023,,STYLE_PDF,,,,ej hämtad,,IDENTICAL_IN_2_PLACES
139vKWa1A-RQvSvqMYuy0P8jD-e5il2VF,"Drawings/Style of drawings/7/V53-1-1232 - Plan 03, Del 32, Spillvattenanläggning.pdf","V53-1-1232 - Plan 03, Del 32, Spillvattenanläggning.pdf",pdf,application/pdf,204354,2026-02-13T11:49:06Z,Style of drawings/7,Style of drawings,V-53-1-1232,,STYLE_PDF,,,,ej hämtad,,IDENTICAL_IN_2_PLACES
1_ZBeBRVHrrxBnF6wQtHMRV1o3qL1irNl,"Drawings/Style of drawings/7/V50-1-1332 - Plan 04, Del 32, Värme & Sanitäranlägg-.pdf","V50-1-1332 - Plan 04, Del 32, Värme & Sanitäranlägg-.pdf",pdf,application/pdf,263948,2026-02-13T11:49:14Z,Style of drawings/7,Style of drawings,V-50-1-1332,,STYLE_PDF,,,,ej hämtad,,IDENTICAL_IN_2_PLACES
1Yjokbyv2uVSLLjWxIMqpw9JBBPnsXC2_,"Drawings/Style of drawings/7/V50-1-1032 - Plan 01, Del 32, Värme & Sanitäranlägg-.pdf","V50-1-1032 - Plan 01, Del 32, Värme & Sanitäranlägg-.pdf",pdf,application/pdf,230383,2026-02-13T11:48:10Z,Style of drawings/7,Style of drawings,V-50-1-1032,,STYLE_PDF,,,,ej hämtad,,IDENTICAL_IN_2_PLACES
1pW7sBSppZFmEpw5qQCjYCCYfW1UzwpXG,"Drawings/Style of drawings/7/V50-1-1143 - Plan 02, Del 43, Värme & Sanitäranlägg-.pdf","V50-1-1143 - Plan 02, Del 43, Värme & Sanitäranlägg-.pdf",pdf,application/pdf,290028,2026-02-13T11:48:38Z,Style of drawings/7,Style of drawings,V-50-1-1143,,STYLE_PDF,,,,ej hämtad,,IDENTICAL_IN_2_PLACES
11iKMFq3bPTa00fMYsEF4MqkJ9FfdZlTx,"Drawings/Style of drawings/7/V50-1-1443 - Plan 05, Del 43, Värme & Sanitäranlägg-.pdf","V50-1-1443 - Plan 05, Del 43, Värme & Sanitäranlägg-.pdf",pdf,application/pdf,261510,2026-02-13T11:49:32Z,Style of drawings/7,Style of drawings,V-50-1-1443,,STYLE_PDF,,,,ej hämtad,,IDENTICAL_IN_2_PLACES
1XnHxp3leHG3xhEHVp_Bo_4gbBDx6lKzQ,"Drawings/Style of drawings/7/V50-1-1523 - Plan 06, Del 23, Värme & Sanitäranlägg-.pdf","V50-1-1523 - Plan 06, Del 23, Värme & Sanitäranlägg-.pdf",pdf,application/pdf,212459,2026-02-13T11:49:48Z,Style of drawings/7,Style of drawings,V-50-1-1523,,STYLE_PDF,,,,ej hämtad,,IDENTICAL_IN_2_PLACES
1yiRqtINUbU9iIQqGQPq0qGkrb3-7uwOR,"Drawings/Style of drawings/7/V50-1-1532 - Plan 06, Del 32, Värme & Sanitäranlägg-.pdf","V50-1-1532 - Plan 06, Del 32, Värme & Sanitäranlägg-.pdf",pdf,application/pdf,211326,2026-02-13T11:49:48Z,Style of drawings/7,Style of drawings,V-50-1-1532,,STYLE_PDF,,,,ej hämtad,,IDENTICAL_IN_2_PLACES
1opN5dBQxo6h6Zf3kV7z6NfLYVsXFXnZC,"Drawings/Style of drawings/7/V53-1-1814 - Plan 09, Del 14, Spillvattenanläggning.pdf","V53-1-1814 - Plan 09, Del 14, Spillvattenanläggning.pdf",pdf,application/pdf,118753,2026-02-13T11:50:42Z,Style of drawings/7,Style of drawings,V-53-1-1814,,STYLE_PDF,,,,ej hämtad,,IDENTICAL_IN_2_PLACES
1dsMNgSCnqv2GES9MNf53e18RLMQYHBjC,"Drawings/Style of drawings/7/V53-1-1222 - Plan 03, Del 22, Spillvattenanläggning.pdf","V53-1-1222 - Plan 03, Del 22, Spillvattenanläggning.pdf",pdf,application/pdf,138988,2026-02-13T11:49:06Z,Style of drawings/7,Style of drawings,V-53-1-1222,,STYLE_PDF,,,,ej hämtad,,IDENTICAL_IN_2_PLACES
1FhutX0EoLzC__hJ0-T2mmoXG0xS43VOb,"Drawings/Style of drawings/7/V53-1-0911 - Plan B1, Del 11, Spillvattenanläggning.pdf","V53-1-0911 - Plan B1, Del 11, Spillvattenanläggning.pdf",pdf,application/pdf,120340,2026-02-13T11:47:58Z,Style of drawings/7,Style of drawings,V-53-1-0911,,STYLE_PDF,,,,ej hämtad,,IDENTICAL_IN_2_PLACES
12YCfVClmElInz1QSDNXpRUBZ8MY1T4jl,"Drawings/Style of drawings/7/V50-1-0924 - Plan B1, Del 24, Värme & Sanitäranlägg-.pdf","V50-1-0924 - Plan B1, Del 24, Värme & Sanitäranlägg-.pdf",pdf,application/pdf,140832,2026-02-13T11:47:48Z,Style of drawings/7,Style of drawings,V-50-1-0924,,STYLE_PDF,,,,ej hämtad,,IDENTICAL_IN_2_PLACES
1ASfXBvBN0tnwGiP7zM2cx2M3NKCmQRdc,"Drawings/Style of drawings/7/V53-1-1144 - Plan 02, Del 44, Spillvattenanläggning.pdf","V53-1-1144 - Plan 02, Del 44, Spillvattenanläggning.pdf",pdf,application/pdf,163110,2026-02-13T11:48:46Z,Style of drawings/7,Style of drawings,V-53-1-1144,,STYLE_PDF,,,,ej hämtad,,IDENTICAL_IN_2_PLACES
1HC1DAKw1iJSpv_Nq0moRPR2g9LpqAyk6,"Drawings/Style of drawings/7/V50-1-1213 - Plan 03, Del 13, Värme & Sanitäranlägg-.pdf","V50-1-1213 - Plan 03, Del 13, Värme & Sanitäranlägg-.pdf",pdf,application/pdf,185680,2026-02-13T11:49:00Z,Style of drawings/7,Style of drawings,V-50-1-1213,,STYLE_PDF,,,,ej hämtad,,IDENTICAL_IN_2_PLACES
1FQBoVxQK9zZIghuZv10HxV6-dukM-8Md,"Drawings/Style of drawings/7/V53-1-1114 - Plan 02, Del 14, Spillvattenanläggning.pdf","V53-1-1114 - Plan 02, Del 14, Spillvattenanläggning.pdf",pdf,application/pdf,559209,2026-02-13T12:11:02Z,Style of drawings/7,Style of drawings,V-53-1-1114,,STYLE_PDF,,,,ej hämtad,,IDENTICAL_IN_2_PLACES
1AcrQainasJt16irqBTMy1zAPE6tHhcpm,"Drawings/Style of drawings/7/V50-1-1742 - Plan 08, Del 42, Värme & Sanitäranlägg-.pdf","V50-1-1742 - Plan 08, Del 42, Värme & Sanitäranlägg-.pdf",pdf,application/pdf,262460,2026-02-13T12:11:02Z,Style of drawings/7,Style of drawings,V-50-1-1742,,STYLE_PDF,,,,ej hämtad,,IDENTICAL_IN_2_PLACES
1ckutnMN9PBOFjy5D1GQ0m3LpbRxprn5H,"Drawings/Style of drawings/7/V50-1-1842 - Plan 09, Del 42, Värme & Sanitäranlägg-.pdf","V50-1-1842 - Plan 09, Del 42, Värme & Sanitäranlägg-.pdf",pdf,application/pdf,267964,2026-02-13T12:11:02Z,Style of drawings/7,Style of drawings,V-50-1-1842,,STYLE_PDF,,,,ej hämtad,,IDENTICAL_IN_2_PLACES
1SllD7in3s0eHCsETX9bEnWAyznhQ0S2G,"Drawings/Style of drawings/7/V53-1-1014 - Plan 01, Del 14, Spillvattenanläggning.pdf","V53-1-1014 - Plan 01, Del 14, Spillvattenanläggning.pdf",pdf,application/pdf,177592,2026-02-13T12:11:02Z,Style of drawings/7,Style of drawings,V-53-1-1014,,STYLE_PDF,,,,ej hämtad,,IDENTICAL_IN_2_PLACES
1lzToB1ytevrMXy8kbBpyTbX6vn028i4O,"Drawings/Style of drawings/7/V53-1-2024 - Plan 11, Del 24, Spillvattenanläggning.pdf","V53-1-2024 - Plan 11, Del 24, Spillvattenanläggning.pdf",pdf,application/pdf,137940,2026-02-13T12:11:02Z,Style of drawings/7,Style of drawings,V-53-1-2024,,STYLE_PDF,,,,ej hämtad,,IDENTICAL_IN_2_PLACES
1OZLMzlj83XQLuSeBpn0WOjCqOITOFbq-,"Drawings/Style of drawings/7/V50-1-0912 - Plan B1, Del 12, Värme & Sanitäranlägg-.pdf","V50-1-0912 - Plan B1, Del 12, Värme & Sanitäranlägg-.pdf",pdf,application/pdf,263704,2026-02-13T11:47:48Z,Style of drawings/7,Style of drawings,V-50-1-0912,,STYLE_PDF,,,,ej hämtad,,IDENTICAL_IN_2_PLACES
1Fgr2axe7bdL9bF7nbSlIbxLEFD9v_iZA,"Drawings/Style of drawings/7/V53-1-1621 - Plan 07, Del 21, Spillvattenanläggning.pdf","V53-1-1621 - Plan 07, Del 21, Spillvattenanläggning.pdf",pdf,application/pdf,258890,2026-02-13T11:50:10Z,Style of drawings/7,Style of drawings,V-53-1-1621,,STYLE_PDF,,,,ej hämtad,,IDENTICAL_IN_2_PLACES
1wub-YeamBBlHuObgjonH9kDWKBOqnsov,"Drawings/Style of drawings/7/V50-1-1234 - Plan 03, Del 34, Värme & Sanitäranlägg-.pdf","V50-1-1234 - Plan 03, Del 34, Värme & Sanitäranlägg-.pdf",pdf,application/pdf,259198,2026-02-13T11:49:00Z,Style of drawings/7,Style of drawings,V-50-1-1234,,STYLE_PDF,,,,ej hämtad,,IDENTICAL_IN_2_PLACES
1f5Mn7KJ8zBGERpMJg_kTl79JtTrF8wHE,"Drawings/Style of drawings/7/V53-1-0812 - Plan B2, Del 12, Spillvattenanläggning, ÖG.pdf","V53-1-0812 - Plan B2, Del 12, Spillvattenanläggning, ÖG.pdf",pdf,application/pdf,229211,2026-02-13T11:47:26Z,Style of drawings/7,Style of drawings,V-53-1-0812,,STYLE_PDF,,,,ej hämtad,,IDENTICAL_IN_2_PLACES
1MZ7ELWeuTG9k7um9-A82AtZ6jGpUWvE-,"Drawings/Style of drawings/7/V53-1-1321 - Plan 04, Del 21, Spillvattenanläggning.pdf","V53-1-1321 - Plan 04, Del 21, Spillvattenanläggning.pdf",pdf,application/pdf,215159,2026-02-13T11:49:22Z,Style of drawings/7,Style of drawings,V-53-1-1321,,STYLE_PDF,,,,ej hämtad,,IDENTICAL_IN_2_PLACES
1YKHxHgtH1y1Aoa9u3xNQNDSDHH92rlWV,"Drawings/Style of drawings/7/V50-1-1323 - Plan 04, Del 23, Värme & Sanitäranlägg-.pdf","V50-1-1323 - Plan 04, Del 23, Värme & Sanitäranlägg-.pdf",pdf,application/pdf,208305,2026-02-13T11:49:14Z,Style of drawings/7,Style of drawings,V-50-1-1323,,STYLE_PDF,,,,ej hämtad,,IDENTICAL_IN_2_PLACES
17ZtRR48b0ar94C4EYr8Zh_E8rfqv6Qqp,"Drawings/Style of drawings/7/V50-1-0921 - Plan B1, Del 21, Värme & Sanitäranlägg-.pdf","V50-1-0921 - Plan B1, Del 21, Värme & Sanitäranlägg-.pdf",pdf,application/pdf,198111,2026-02-13T11:47:48Z,Style of drawings/7,Style of drawings,V-50-1-0921,,STYLE_PDF,,,,ej hämtad,,IDENTICAL_IN_2_PLACES
1CLeilpbdtZgBnMHZDMCZDSiMvtAF2zAs,"Drawings/Style of drawings/7/V53-1-1523 - Plan 06, Del 23, Spillvattenanläggning.pdf","V53-1-1523 - Plan 06, Del 23, Spillvattenanläggning.pdf",pdf,application/pdf,159641,2026-02-13T11:49:56Z,Style of drawings/7,Style of drawings,V-53-1-1523,,STYLE_PDF,,,,ej hämtad,,IDENTICAL_IN_2_PLACES
1M3swZBa2r0GKb1fEE72zSPhFnHm-KUDi,"Drawings/Style of drawings/7/V53-1-1223 - Plan 03, Del 23, Spillvattenanläggning.pdf","V53-1-1223 - Plan 03, Del 23, Spillvattenanläggning.pdf",pdf,application/pdf,167012,2026-02-13T11:49:06Z,Style of drawings/7,Style of drawings,V-53-1-1223,,STYLE_PDF,,,,ej hämtad,,IDENTICAL_IN_2_PLACES
1cDBcPMgd9XBZw01GUK0fAZD1gQG0nNPq,Drawings/Other drawings (different format)/Hyllie hybrid/28.pdf,28.pdf,pdf,application/pdf,140006,2026-04-28T04:23:46Z,Other drawings (different format)/Hyllie hybrid,Other drawings (different format),,,OTHER_FORMAT_PDF,,,,ej hämtad,,UNIQUE
1rD2Vd5ealqD9wl-6iWJ10s_abZz5sGzx,"Drawings/Other drawings (different format)/Axis/V50-1-1344 - Plan 04, Del 44, Värme & Sanitäranlägg-.pdf","V50-1-1344 - Plan 04, Del 44, Värme & Sanitäranlägg-.pdf",pdf,application/pdf,3071462,2026-02-13T11:49:14Z,Other drawings (different format)/Axis,Other drawings (different format),V-50-1-1344,,OTHER_FORMAT_PDF,,,,ej hämtad,,IDENTICAL_IN_2_PLACES
1p7PL94Kc0c8VH8MDAjjaxlkmT7Evznbs,"Drawings/Other drawings (different format)/Axis/V50-1-1514 - Plan 06, Del 14, Värme & Sanitäranlägg-.pdf","V50-1-1514 - Plan 06, Del 14, Värme & Sanitäranlägg-.pdf",pdf,application/pdf,284430,2026-02-13T11:49:50Z,Other drawings (different format)/Axis,Other drawings (different format),V-50-1-1514,,OTHER_FORMAT_PDF,,,,ej hämtad,,IDENTICAL_IN_2_PLACES
1n6iMBtZPRpavD1jyhOdSNRvaN9mqmsRH,"Drawings/Other drawings (different format)/Axis/V53-1-0921 - Plan B1, Del 21, Spillvattenanläggning.pdf","V53-1-0921 - Plan B1, Del 21, Spillvattenanläggning.pdf",pdf,application/pdf,182509,2026-02-13T11:47:58Z,Other drawings (different format)/Axis,Other drawings (different format),V-53-1-0921,,OTHER_FORMAT_PDF,,,,ej hämtad,,IDENTICAL_IN_2_PLACES
1dbF2tm9RWNe0chmBwJ-dTXm2124rJCFO,"Drawings/Other drawings (different format)/Axis/V53-1-1824 - Plan 09, Del 24, Spillvattenanläggning.pdf","V53-1-1824 - Plan 09, Del 24, Spillvattenanläggning.pdf",pdf,application/pdf,157192,2026-02-13T12:11:02Z,Other drawings (different format)/Axis,Other drawings (different format),V-53-1-1824,,OTHER_FORMAT_PDF,,,,ej hämtad,,IDENTICAL_IN_2_PLACES
10mS5eBtCQYptRugfW3BHSryGckYzZJP1,"Drawings/Other drawings (different format)/Axis/V50-1-1712 - Plan 08, Del 12, Värme & Sanitäranlägg-.pdf","V50-1-1712 - Plan 08, Del 12, Värme & Sanitäranlägg-.pdf",pdf,application/pdf,206897,2026-02-13T11:50:16Z,Other drawings (different format)/Axis,Other drawings (different format),V-50-1-1712,,OTHER_FORMAT_PDF,,,,ej hämtad,,IDENTICAL_IN_2_PLACES
1YM52bYQ7Squ9mi4Ln0L5YvU5Tt7rep_V,"Drawings/Other drawings (different format)/Axis/V50-1-1314 - Plan 04, Del 14, Värme & Sanitäranlägg-.pdf","V50-1-1314 - Plan 04, Del 14, Värme & Sanitäranlägg-.pdf",pdf,application/pdf,302886,2026-02-13T11:49:14Z,Other drawings (different format)/Axis,Other drawings (different format),V-50-1-1314,,OTHER_FORMAT_PDF,,,,ej hämtad,,IDENTICAL_IN_2_PLACES
1z9FLeAZrFIz9Uxp_S0MK7FgVNrAXchPk,"Drawings/Other drawings (different format)/Axis/V53-1-1243 - Plan 03, Del 43, Spillvattenanläggning.pdf","V53-1-1243 - Plan 03, Del 43, Spillvattenanläggning.pdf",pdf,application/pdf,194922,2026-02-13T11:49:06Z,Other drawings (different format)/Axis,Other drawings (different format),V-53-1-1243,,OTHER_FORMAT_PDF,,,,ej hämtad,,IDENTICAL_IN_2_PLACES
1kJBlSnf47cJAQI-Hoq_C1BuV49eZV-u9,"Drawings/Other drawings (different format)/Axis/V50-1-1014 - Plan 01, Del 14, Värme & Sanitäranlägg-.pdf","V50-1-1014 - Plan 01, Del 14, Värme & Sanitäranlägg-.pdf",pdf,application/pdf,257847,2026-02-13T11:48:12Z,Other drawings (different format)/Axis,Other drawings (different format),V-50-1-1014,,OTHER_FORMAT_PDF,,,,ej hämtad,,IDENTICAL_IN_2_PLACES
1WgYKP8SoTs4TRX4RJ1tYpCp2ZJOpzLN8,"Drawings/Other drawings (different format)/Axis/V50-1-1224 - Plan 03, Del 24, Värme & Sanitäranlägg-.pdf","V50-1-1224 - Plan 03, Del 24, Värme & Sanitäranlägg-.pdf",pdf,application/pdf,215950,2026-02-13T11:49:00Z,Other drawings (different format)/Axis,Other drawings (different format),V-50-1-1224,,OTHER_FORMAT_PDF,,,,ej hämtad,,IDENTICAL_IN_2_PLACES
1-z2SeY429rfQ58IaaTP7y4DhAGdQ1u-2,"Drawings/Other drawings (different format)/Axis/V53-1-1543 - Plan 06, Del 43, Spillvattenanläggning.pdf","V53-1-1543 - Plan 06, Del 43, Spillvattenanläggning.pdf",pdf,application/pdf,201877,2026-02-13T11:49:56Z,Other drawings (different format)/Axis,Other drawings (different format),V-53-1-1543,,OTHER_FORMAT_PDF,,,,ej hämtad,,IDENTICAL_IN_2_PLACES
1JEHo-o_0tQy5LmcSZ2HIG1LFHM0emhtb,"Drawings/Other drawings (different format)/Axis/V50-1-1644 - Plan 07, Del 44, Värme & Sanitäranlägg-.pdf","V50-1-1644 - Plan 07, Del 44, Värme & Sanitäranlägg-.pdf",pdf,application/pdf,209759,2026-02-13T11:50:04Z,Other drawings (different format)/Axis,Other drawings (different format),V-50-1-1644,,OTHER_FORMAT_PDF,,,,ej hämtad,,IDENTICAL_IN_2_PLACES
11MfsvoaJ2RVsg-iE_vV4SDJM4kfanKLv,"Drawings/Other drawings (different format)/Axis/V53-1-1212 - Plan 03, Del 12, Spillvattenanläggning.pdf","V53-1-1212 - Plan 03, Del 12, Spillvattenanläggning.pdf",pdf,application/pdf,151847,2026-02-13T11:49:06Z,Other drawings (different format)/Axis,Other drawings (different format),V-53-1-1212,,OTHER_FORMAT_PDF,,,,ej hämtad,,IDENTICAL_IN_2_PLACES
1hhcFyHLfEhARt-HLQkwBt3PbCzC7JPJ4,"Drawings/Other drawings (different format)/Axis/V50-1-0822 - Plan B2, Del 22, Värme & Sanitäranlägg-.pdf","V50-1-0822 - Plan B2, Del 22, Värme & Sanitäranlägg-.pdf",pdf,application/pdf,180927,2026-02-13T11:47:16Z,Other drawings (different format)/Axis,Other drawings (different format),V-50-1-0822,,OTHER_FORMAT_PDF,DEVELOPMENT,"styles/Ritningar/V50-1-0822 - Plan B2, Del 22, Värme & Sanitäranlägg-.pdf",62fba9edd7e234959fe7f40a7ff016329455c811b169dd0d50e58a98bbe090d3,"lokal kopia, samma storlek och typ",NO_ANNOTATIONS ID_IN_SHEET_TEXT,IDENTICAL_IN_3_PLACES
1Txj4j3gtTIfijyStNRa2Wu5bVPU-AIbW,"Drawings/Other drawings (different format)/Axis/V53-1-1923 - Plan 10, Del 23, Spillvattenanläggning.pdf","V53-1-1923 - Plan 10, Del 23, Spillvattenanläggning.pdf",pdf,application/pdf,140776,2026-02-13T11:51:00Z,Other drawings (different format)/Axis,Other drawings (different format),V-53-1-1923,,OTHER_FORMAT_PDF,,,,ej hämtad,,IDENTICAL_IN_2_PLACES
1GU1RXj8-Th0Yu-NzSjKOEaviovcS2ik0,"Drawings/Other drawings (different format)/Axis/V53-1-0824 - Plan B2, Del 24, Spillvattenanläggning, ÖG.pdf","V53-1-0824 - Plan B2, Del 24, Spillvattenanläggning, ÖG.pdf",pdf,application/pdf,134210,2026-02-13T11:47:26Z,Other drawings (different format)/Axis,Other drawings (different format),V-53-1-0824,,OTHER_FORMAT_PDF,,,,ej hämtad,,IDENTICAL_IN_2_PLACES
1Dt-yhLA-yEg27Xs6D5pgsSNEA1qj4tLJ,"Drawings/Other drawings (different format)/Axis/V53-1-1412 - Plan 05, Del 12, Spillvattenanläggning.pdf","V53-1-1412 - Plan 05, Del 12, Spillvattenanläggning.pdf",pdf,application/pdf,163549,2026-02-13T11:49:40Z,Other drawings (different format)/Axis,Other drawings (different format),V-53-1-1412,,OTHER_FORMAT_PDF,,,,ej hämtad,,IDENTICAL_IN_2_PLACES
1Tnpc5GDxae98Q8jx5OFTi9Xi27o08znX,"Drawings/Other drawings (different format)/Axis/V53-1-0823 - Plan B2, Del 23, Spillvattenanläggning, ÖG.pdf","V53-1-0823 - Plan B2, Del 23, Spillvattenanläggning, ÖG.pdf",pdf,application/pdf,119717,2026-02-13T11:47:26Z,Other drawings (different format)/Axis,Other drawings (different format),V-53-1-0823,,OTHER_FORMAT_PDF,,,,ej hämtad,,IDENTICAL_IN_2_PLACES
1tKXKzL5pRZZU6_V5MAeA8R153Kgm1X8B,"Drawings/Other drawings (different format)/Axis/V50-1-0913 - Plan B1, Del 13, Värme & Sanitäranlägg-.pdf","V50-1-0913 - Plan B1, Del 13, Värme & Sanitäranlägg-.pdf",pdf,application/pdf,88837,2026-02-13T11:47:48Z,Other drawings (different format)/Axis,Other drawings (different format),V-50-1-0913,,OTHER_FORMAT_PDF,,,,ej hämtad,,IDENTICAL_IN_2_PLACES
1uCOZaSBfZlgiPW1-z44S_nrZ7-ELTYvT,"Drawings/Other drawings (different format)/Axis/V50-1-0942 - Plan B1, Del 42, Värme & Sanitäranlägg-.pdf","V50-1-0942 - Plan B1, Del 42, Värme & Sanitäranlägg-.pdf",pdf,application/pdf,158999,2026-02-13T11:47:48Z,Other drawings (different format)/Axis,Other drawings (different format),V-50-1-0942,,OTHER_FORMAT_PDF,,,,ej hämtad,,IDENTICAL_IN_2_PLACES
1NvMIbKW2xMpF6kaqbrrJGZTTKKeMaj70,"Drawings/Other drawings (different format)/Axis/V53-1-1141 - Plan 02, Del 41, Spillvattenanläggning.pdf","V53-1-1141 - Plan 02, Del 41, Spillvattenanläggning.pdf",pdf,application/pdf,223892,2026-02-13T12:11:02Z,Other drawings (different format)/Axis,Other drawings (different format),V-53-1-1141,,OTHER_FORMAT_PDF,,,,ej hämtad,,IDENTICAL_IN_2_PLACES
1QvzKhpEBMNWEOKExjN9jLgxauwuKU8PC,"Drawings/Other drawings (different format)/Axis/V53-1-1041 - Plan 01, Del 41, Spillvattenanläggning.pdf","V53-1-1041 - Plan 01, Del 41, Spillvattenanläggning.pdf",pdf,application/pdf,181588,2026-02-13T12:11:02Z,Other drawings (different format)/Axis,Other drawings (different format),V-53-1-1041,,OTHER_FORMAT_PDF,,,,ej hämtad,,IDENTICAL_IN_2_PLACES
12Qi_gxU2ONV8Nj6qgkeYxIyTnL4CJrSa,"Drawings/Other drawings (different format)/Axis/V50-1-1134 - Plan 02, Del 34, Värme & Sanitäranlägg-.pdf","V50-1-1134 - Plan 02, Del 34, Värme & Sanitäranlägg-.pdf",pdf,application/pdf,289883,2026-02-13T11:48:38Z,Other drawings (different format)/Axis,Other drawings (different format),V-50-1-1134,,OTHER_FORMAT_PDF,,,,ej hämtad,,IDENTICAL_IN_2_PLACES
11GQwhOR-DY0lH7QIQduJQf5OJGpba9me,"Drawings/Other drawings (different format)/Axis/V50-1-1721 - Plan 08, Del 21, Värme & Sanitäranlägg-.pdf","V50-1-1721 - Plan 08, Del 21, Värme & Sanitäranlägg-.pdf",pdf,application/pdf,332692,2026-02-13T11:50:16Z,Other drawings (different format)/Axis,Other drawings (different format),V-50-1-1721,,OTHER_FORMAT_PDF,,,,ej hämtad,,IDENTICAL_IN_2_PLACES
1o0AYH8cyAlI3dtjo7DD9CdLpKh0uz_cC,"Drawings/Other drawings (different format)/Axis/V50-1-1942 - Plan 10, Del 42, Värme & Sanitäranlägg-.pdf","V50-1-1942 - Plan 10, Del 42, Värme & Sanitäranlägg-.pdf",pdf,application/pdf,216247,2026-02-13T11:50:50Z,Other drawings (different format)/Axis,Other drawings (different format),V-50-1-1942,,OTHER_FORMAT_PDF,,,,ej hämtad,,IDENTICAL_IN_2_PLACES
1rdq26R86tWthoZAOhk_xwRNr1j79FyfL,"Drawings/Other drawings (different format)/Axis/V53-1-1512 - Plan 06, Del 12, Spillvattenanläggning.pdf","V53-1-1512 - Plan 06, Del 12, Spillvattenanläggning.pdf",pdf,application/pdf,167073,2026-02-13T11:49:56Z,Other drawings (different format)/Axis,Other drawings (different format),V-53-1-1512,,OTHER_FORMAT_PDF,,,,ej hämtad,,IDENTICAL_IN_2_PLACES
1U6teqXJHR77z3xXNEae7_-HOvzAZaYPF,"Drawings/Other drawings (different format)/Axis/V50-1-1434 - Plan 05, Del 34, Värme & Sanitäranlägg-.pdf","V50-1-1434 - Plan 05, Del 34, Värme & Sanitäranlägg-.pdf",pdf,application/pdf,233754,2026-02-13T11:49:32Z,Other drawings (different format)/Axis,Other drawings (different format),V-50-1-1434,,OTHER_FORMAT_PDF,,,,ej hämtad,,IDENTICAL_IN_2_PLACES
11ukiECxG_JXF3qOHmqH3l_aEU6d9jDjj,"Drawings/Other drawings (different format)/Axis/V53-1-1443 - Plan 05, Del 43, Spillvattenanläggning.pdf","V53-1-1443 - Plan 05, Del 43, Spillvattenanläggning.pdf",pdf,application/pdf,200597,2026-02-13T11:49:40Z,Other drawings (different format)/Axis,Other drawings (different format),V-53-1-1443,,OTHER_FORMAT_PDF,,,,ej hämtad,,IDENTICAL_IN_2_PLACES
14tn5RS-9lNl-8s-4EnMipqp3U6-3FIYp,"Drawings/Other drawings (different format)/Axis/V53-1-1221 - Plan 03, Del 21, Spillvattenanläggning.pdf","V53-1-1221 - Plan 03, Del 21, Spillvattenanläggning.pdf",pdf,application/pdf,212705,2026-02-13T11:49:06Z,Other drawings (different format)/Axis,Other drawings (different format),V-53-1-1221,,OTHER_FORMAT_PDF,,,,ej hämtad,,IDENTICAL_IN_2_PLACES
1Ik0RrFRcHuwLaB_Z6pzTo1o_rVInopIB,"Drawings/Other drawings (different format)/Axis/V53-1-0914 - Plan B1, Del 14, Spillvattenanläggning.pdf","V53-1-0914 - Plan B1, Del 14, Spillvattenanläggning.pdf",pdf,application/pdf,185757,2026-02-13T11:47:58Z,Other drawings (different format)/Axis,Other drawings (different format),V-53-1-0914,,OTHER_FORMAT_PDF,,,,ej hämtad,,IDENTICAL_IN_2_PLACES
15c14pfBZLN60H1Ag5RlWv08I8hubHXdx,"Drawings/Other drawings (different format)/Axis/V53-1-0912 - Plan B1, Del 12, Spillvattenanläggning.pdf","V53-1-0912 - Plan B1, Del 12, Spillvattenanläggning.pdf",pdf,application/pdf,210287,2026-02-13T11:47:58Z,Other drawings (different format)/Axis,Other drawings (different format),V-53-1-0912,,OTHER_FORMAT_PDF,,,,ej hämtad,,IDENTICAL_IN_2_PLACES
1vDkWJS4BQBQfVACZ_rjdPzh_0mVYD30c,"Drawings/Other drawings (different format)/Axis/V50-1-1714 - Plan 08, Del 14, Värme & Sanitäranlägg-.pdf","V50-1-1714 - Plan 08, Del 14, Värme & Sanitäranlägg-.pdf",pdf,application/pdf,169348,2026-02-13T11:50:16Z,Other drawings (different format)/Axis,Other drawings (different format),V-50-1-1714,,OTHER_FORMAT_PDF,,,,ej hämtad,,IDENTICAL_IN_2_PLACES
1xwL3GL7h8XQqY8qFw3ll0RENefo_e6z2,"Drawings/Other drawings (different format)/Axis/V50-1-0824 - Plan B2, Del 24, Värme & Sanitäranlägg-.pdf","V50-1-0824 - Plan B2, Del 24, Värme & Sanitäranlägg-.pdf",pdf,application/pdf,207662,2026-02-13T11:47:16Z,Other drawings (different format)/Axis,Other drawings (different format),V-50-1-0824,,OTHER_FORMAT_PDF,DEVELOPMENT,"styles/Ritningar/V50-1-0824 - Plan B2, Del 24, Värme & Sanitäranlägg-.pdf",20cbb1f285ba0d2198665d439bc3e4800a84ed148d639e31b0583c7a050bfd93,"lokal kopia, samma storlek och typ",NO_ANNOTATIONS ID_IN_SHEET_TEXT,IDENTICAL_IN_3_PLACES
1rL8hv2H5Lra7HQOoAebmhP8lTBgWg-CC,"Drawings/Other drawings (different format)/Axis/V53-1-1514 - Plan 06, Del 14, Spillvattenanläggning.pdf","V53-1-1514 - Plan 06, Del 14, Spillvattenanläggning.pdf",pdf,application/pdf,229073,2026-02-13T11:49:56Z,Other drawings (different format)/Axis,Other drawings (different format),V-53-1-1514,,OTHER_FORMAT_PDF,,,,ej hämtad,,IDENTICAL_IN_2_PLACES
1mPs7R0Qqx37QOCzILJ1Sd_dOUrh1hwqO,"Drawings/Other drawings (different format)/Axis/V50-1-0811 - Plan B2, Del 11, Värme & Sanitäranlägg-.pdf","V50-1-0811 - Plan B2, Del 11, Värme & Sanitäranlägg-.pdf",pdf,application/pdf,138917,2026-02-13T11:47:16Z,Other drawings (different format)/Axis,Other drawings (different format),V-50-1-0811,,OTHER_FORMAT_PDF,,,,ej hämtad,,IDENTICAL_IN_2_PLACES
1uWT0dx84wu2VtfVTploDy84QzS7ajlRd,"Drawings/Other drawings (different format)/Axis/V50-1-0944 - Plan B1, Del 44, Värme & Sanitäranlägg-.pdf","V50-1-0944 - Plan B1, Del 44, Värme & Sanitäranlägg-.pdf",pdf,application/pdf,118218,2026-02-13T11:47:48Z,Other drawings (different format)/Axis,Other drawings (different format),V-50-1-0944,,OTHER_FORMAT_PDF,,,,ej hämtad,,IDENTICAL_IN_2_PLACES
1l4w8JEvk1xrc4dK2kQmoA1pg5oH9fKAj,"Drawings/Other drawings (different format)/Axis/V53-1-1123 - Plan 02, Del 23, Spillvattenanläggning.pdf","V53-1-1123 - Plan 02, Del 23, Spillvattenanläggning.pdf",pdf,application/pdf,251638,2026-02-13T12:11:02Z,Other drawings (different format)/Axis,Other drawings (different format),V-53-1-1123,,OTHER_FORMAT_PDF,,,,ej hämtad,,IDENTICAL_IN_2_PLACES
1IrnnoXDxjqozE1Q_H3i7f3Ku3uAQtww1,"Drawings/Other drawings (different format)/Axis/V50-1-1642 - Plan 07, Del 42, Värme & Sanitäranlägg-.pdf","V50-1-1642 - Plan 07, Del 42, Värme & Sanitäranlägg-.pdf",pdf,application/pdf,348765,2026-02-13T11:50:04Z,Other drawings (different format)/Axis,Other drawings (different format),V-50-1-1642,,OTHER_FORMAT_PDF,,,,ej hämtad,,IDENTICAL_IN_2_PLACES
1OqpeRrt0lLH3L6IGcTgk0o5gpNvu0u1U,"Drawings/Other drawings (different format)/Axis/V53-1-1414 - Plan 05, Del 14, Spillvattenanläggning.pdf","V53-1-1414 - Plan 05, Del 14, Spillvattenanläggning.pdf",pdf,application/pdf,217293,2026-02-13T11:49:40Z,Other drawings (different format)/Axis,Other drawings (different format),V-53-1-1414,,OTHER_FORMAT_PDF,,,,ej hämtad,,IDENTICAL_IN_2_PLACES
1Y5fSr55uu7OXwidfeL8MveLCw2vawBWf,"Drawings/Other drawings (different format)/Axis/V50-1-1432 - Plan 05, Del 32, Värme & Sanitäranlägg-.pdf","V50-1-1432 - Plan 05, Del 32, Värme & Sanitäranlägg-.pdf",pdf,application/pdf,257628,2026-02-13T11:49:32Z,Other drawings (different format)/Axis,Other drawings (different format),V-50-1-1432,,OTHER_FORMAT_PDF,,,,ej hämtad,,IDENTICAL_IN_2_PLACES
1nQ0_2mguRjr9Y2y9-3QlVvrOB-Z4S55u,"Drawings/Other drawings (different format)/Axis/V50-1-1312 - Plan 04, Del 12, Värme & Sanitäranlägg-.pdf","V50-1-1312 - Plan 04, Del 12, Värme & Sanitäranlägg-.pdf",pdf,application/pdf,213931,2026-02-13T11:49:14Z,Other drawings (different format)/Axis,Other drawings (different format),V-50-1-1312,,OTHER_FORMAT_PDF,,,,ej hämtad,,IDENTICAL_IN_2_PLACES
1KFB5qZ9Tu4Z6vfrkivnxwpBOIrjxgjt2,"Drawings/Other drawings (different format)/Axis/V53-1-1421 - Plan 05, Del 21, Spillvattenanläggning.pdf","V53-1-1421 - Plan 05, Del 21, Spillvattenanläggning.pdf",pdf,application/pdf,216442,2026-02-13T11:49:40Z,Other drawings (different format)/Axis,Other drawings (different format),V-53-1-1421,,OTHER_FORMAT_PDF,,,,ej hämtad,,IDENTICAL_IN_2_PLACES
1orKvVI0eYl14e9v968NV8SveNvNPR0ik,"Drawings/Other drawings (different format)/Axis/V50-1-1343 - Plan 04, Del 43, Värme & Sanitäranlägg-.pdf","V50-1-1343 - Plan 04, Del 43, Värme & Sanitäranlägg-.pdf",pdf,application/pdf,258877,2026-02-13T11:49:14Z,Other drawings (different format)/Axis,Other drawings (different format),V-50-1-1343,,OTHER_FORMAT_PDF,,,,ej hämtad,,IDENTICAL_IN_2_PLACES
1NtoxMET-OALXbWqUjWAmevZpZslT8uCA,"Drawings/Other drawings (different format)/Axis/V50-1-1543 - Plan 06, Del 43, Värme & Sanitäranlägg-.pdf","V50-1-1543 - Plan 06, Del 43, Värme & Sanitäranlägg-.pdf",pdf,application/pdf,239385,2026-02-13T11:49:50Z,Other drawings (different format)/Axis,Other drawings (different format),V-50-1-1543,,OTHER_FORMAT_PDF,,,,ej hämtad,,IDENTICAL_IN_2_PLACES
13Nzw_i5CcTY4v11oYfYXTK5piuaMWmJO,"Drawings/Other drawings (different format)/Axis/V53-1-1623 - Plan 07, Del 23, Spillvattenanläggning.pdf","V53-1-1623 - Plan 07, Del 23, Spillvattenanläggning.pdf",pdf,application/pdf,187748,2026-02-13T11:50:10Z,Other drawings (different format)/Axis,Other drawings (different format),V-53-1-1623,,OTHER_FORMAT_PDF,,,,ej hämtad,,IDENTICAL_IN_2_PLACES
1IC6vUYGzUiwgGyCfVofUKmbdLIxAeEwh,"Drawings/Other drawings (different format)/Axis/V50-1-1043 - Plan 01, Del 43, Värme & Sanitäranlägg-.pdf","V50-1-1043 - Plan 01, Del 43, Värme & Sanitäranlägg-.pdf",pdf,application/pdf,233245,2026-02-13T11:48:12Z,Other drawings (different format)/Axis,Other drawings (different format),V-50-1-1043,,OTHER_FORMAT_PDF,,,,ej hämtad,,IDENTICAL_IN_2_PLACES
1hBG0HpgYz8Ya7eujCJ5uOP5ixEKdLwpO,"Drawings/Other drawings (different format)/Axis/V50-1-1123 - Plan 02, Del 23, Värme & Sanitäranlägg-.pdf","V50-1-1123 - Plan 02, Del 23, Värme & Sanitäranlägg-.pdf",pdf,application/pdf,244057,2026-02-13T11:48:38Z,Other drawings (different format)/Axis,Other drawings (different format),V-50-1-1123,,OTHER_FORMAT_PDF,,,,ej hämtad,,IDENTICAL_IN_2_PLACES
1sJy5aCDT52zu5Hx8E_fZMWCBQRgGir-R,"Drawings/Other drawings (different format)/Axis/V50-1-1423 - Plan 05, Del 23, Värme & Sanitäranlägg-.pdf","V50-1-1423 - Plan 05, Del 23, Värme & Sanitäranlägg-.pdf",pdf,application/pdf,208097,2026-02-13T11:49:32Z,Other drawings (different format)/Axis,Other drawings (different format),V-50-1-1423,,OTHER_FORMAT_PDF,,,,ej hämtad,,IDENTICAL_IN_2_PLACES
1-ChMHqL24kxm-L0r8TeZ0esjbF3tWe-L,"Drawings/Other drawings (different format)/Axis/V50-1-1512 - Plan 06, Del 12, Värme & Sanitäranlägg-.pdf","V50-1-1512 - Plan 06, Del 12, Värme & Sanitäranlägg-.pdf",pdf,application/pdf,223635,2026-02-13T11:49:50Z,Other drawings (different format)/Axis,Other drawings (different format),V-50-1-1512,,OTHER_FORMAT_PDF,,,,ej hämtad,,IDENTICAL_IN_2_PLACES
1IBtOJ4wYYZc8QSwEc5fiu7FaG7GOIrDU,"Drawings/Other drawings (different format)/Axis/V53-1-0943 - Plan B1, Del 43, Spillvattenanläggning.pdf","V53-1-0943 - Plan B1, Del 43, Spillvattenanläggning.pdf",pdf,application/pdf,188329,2026-02-13T11:47:58Z,Other drawings (different format)/Axis,Other drawings (different format),V-53-1-0943,,OTHER_FORMAT_PDF,,,,ej hämtad,,IDENTICAL_IN_2_PLACES
1dRqZ_tMvjXZFZD1Kyq07BxN3Hv3eUbXe,"Drawings/Other drawings (different format)/Axis/V50-1-1132 - Plan 02, Del 32, Värme & Sanitäranlägg-.pdf","V50-1-1132 - Plan 02, Del 32, Värme & Sanitäranlägg-.pdf",pdf,application/pdf,166075,2026-02-13T11:48:38Z,Other drawings (different format)/Axis,Other drawings (different format),V-50-1-1132,,OTHER_FORMAT_PDF,,,,ej hämtad,,IDENTICAL_IN_2_PLACES
16atkL9r4E-RrQr8sylcQMbpvUlxR8MrO,"Drawings/Other drawings (different format)/Axis/V50-1-1222 - Plan 03, Del 22, Värme & Sanitäranlägg-.pdf","V50-1-1222 - Plan 03, Del 22, Värme & Sanitäranlägg-.pdf",pdf,application/pdf,194452,2026-02-13T11:49:00Z,Other drawings (different format)/Axis,Other drawings (different format),V-50-1-1222,,OTHER_FORMAT_PDF,,,,ej hämtad,,IDENTICAL_IN_2_PLACES
1ogaIumpSoLfDPFmNWFfohRFRIf-rb9HN,"Drawings/Other drawings (different format)/Axis/V53-1-1023 - Plan 01, Del 23, Spillvattenanläggning.pdf","V53-1-1023 - Plan 01, Del 23, Spillvattenanläggning.pdf",pdf,application/pdf,204292,2026-02-13T12:11:02Z,Other drawings (different format)/Axis,Other drawings (different format),V-53-1-1023,,OTHER_FORMAT_PDF,,,,ej hämtad,,IDENTICAL_IN_2_PLACES
1S8w-9PUN-JyVfOnaujHJLldg2Qnf1bjk,"Drawings/Other drawings (different format)/Axis/V50-1-0843 - Plan B2, Del 43, Värme & Sanitäranlägg-.pdf","V50-1-0843 - Plan B2, Del 43, Värme & Sanitäranlägg-.pdf",pdf,application/pdf,172419,2026-02-13T12:11:02Z,Other drawings (different format)/Axis,Other drawings (different format),V-50-1-0843,,OTHER_FORMAT_PDF,DEVELOPMENT,"styles/Ritningar/V50-1-0843 - Plan B2, Del 43, Värme & Sanitäranlägg-.pdf",17494842833ada89a473cec9b0f8e1cb4a3fd46e732f00564dcc94af2628462b,"lokal kopia, samma storlek och typ",NO_ANNOTATIONS ID_IN_SHEET_TEXT,IDENTICAL_IN_3_PLACES
18ddS5UtkB5gdVorem8r4YSqyeTJLZ-Ul,"Drawings/Other drawings (different format)/Axis/V50-1-1521 - Plan 06, Del 21, Värme & Sanitäranlägg-.pdf","V50-1-1521 - Plan 06, Del 21, Värme & Sanitäranlägg-.pdf",pdf,application/pdf,304567,2026-02-13T11:49:50Z,Other drawings (different format)/Axis,Other drawings (different format),V-50-1-1521,,OTHER_FORMAT_PDF,,,,ej hämtad,,IDENTICAL_IN_2_PLACES
1ZEQd2-Nyhg2aij6vtdH7t53qAN3Vni0_,"Drawings/Other drawings (different format)/Axis/V50-1-1141 - Plan 02, Del 41, Värme & Sanitäranlägg-.pdf","V50-1-1141 - Plan 02, Del 41, Värme & Sanitäranlägg-.pdf",pdf,application/pdf,507006,2026-02-13T11:48:38Z,Other drawings (different format)/Axis,Other drawings (different format),V-50-1-1141,,OTHER_FORMAT_PDF,,,,ej hämtad,,IDENTICAL_IN_2_PLACES
1G0uFxVGiK8t_r5ZAr-piglYT6wshu0d2,"Drawings/Other drawings (different format)/Axis/V50-1-1012 - Plan 01, Del 12, Värme & Sanitäranlägg-.pdf","V50-1-1012 - Plan 01, Del 12, Värme & Sanitäranlägg-.pdf",pdf,application/pdf,262391,2026-02-13T11:48:12Z,Other drawings (different format)/Axis,Other drawings (different format),V-50-1-1012,,OTHER_FORMAT_PDF,,,,ej hämtad,,IDENTICAL_IN_2_PLACES
151gg6vxZhpcbldiFNUnTVs4KKmt683QA,"Drawings/Other drawings (different format)/Axis/V50-1-1321 - Plan 04, Del 21, Värme & Sanitäranlägg-.pdf","V50-1-1321 - Plan 04, Del 21, Värme & Sanitäranlägg-.pdf",pdf,application/pdf,293114,2026-02-13T11:49:14Z,Other drawings (different format)/Axis,Other drawings (different format),V-50-1-1321,,OTHER_FORMAT_PDF,,,,ej hämtad,,IDENTICAL_IN_2_PLACES
1F1w2ou6GR3RqLVjd919wDsm1P9IDRJ2l,"Drawings/Other drawings (different format)/Axis/V50-1-1021 - Plan 01, Del 21, Värme & Sanitäranlägg-.pdf","V50-1-1021 - Plan 01, Del 21, Värme & Sanitäranlägg-.pdf",pdf,application/pdf,302403,2026-02-13T11:48:12Z,Other drawings (different format)/Axis,Other drawings (different format),V-50-1-1021,,OTHER_FORMAT_PDF,,,,ej hämtad,,IDENTICAL_IN_2_PLACES
199HFN7OcCWgyR5wnvaUFh2agF6NOnKOF,"Drawings/Other drawings (different format)/Axis/V53-1-1521 - Plan 06, Del 21, Spillvattenanläggning.pdf","V53-1-1521 - Plan 06, Del 21, Spillvattenanläggning.pdf",pdf,application/pdf,216777,2026-02-13T11:49:56Z,Other drawings (different format)/Axis,Other drawings (different format),V-53-1-1521,,OTHER_FORMAT_PDF,,,,ej hämtad,,IDENTICAL_IN_2_PLACES
1zCKsY5acZWbTuexWuavvfZDqJKkRIEuz,"Drawings/Other drawings (different format)/Axis/V50-1-1441 - Plan 05, Del 41, Värme & Sanitäranlägg-.pdf","V50-1-1441 - Plan 05, Del 41, Värme & Sanitäranlägg-.pdf",pdf,application/pdf,215713,2026-02-13T11:49:32Z,Other drawings (different format)/Axis,Other drawings (different format),V-50-1-1441,,OTHER_FORMAT_PDF,,,,ej hämtad,,IDENTICAL_IN_2_PLACES
1uwLdz0PZBYauFH-pW3SspoWa1QZavGoX,"Drawings/Other drawings (different format)/Axis/V53-1-1941 - Plan 10, Del 41, Spillvattenanläggning.pdf","V53-1-1941 - Plan 10, Del 41, Spillvattenanläggning.pdf",pdf,application/pdf,141041,2026-02-13T11:51:00Z,Other drawings (different format)/Axis,Other drawings (different format),V-53-1-1941,,OTHER_FORMAT_PDF,,,,ej hämtad,,IDENTICAL_IN_2_PLACES
1A_DviiTCUWWrBpXLWTEgZzLe0lIBIndS,"Drawings/Other drawings (different format)/Axis/V50-1-1211 - Plan 03, Del 11, Värme & Sanitäranlägg-.pdf","V50-1-1211 - Plan 03, Del 11, Värme & Sanitäranlägg-.pdf",pdf,application/pdf,173726,2026-02-13T11:49:00Z,Other drawings (different format)/Axis,Other drawings (different format),V-50-1-1211,,OTHER_FORMAT_PDF,,,,ej hämtad,,IDENTICAL_IN_2_PLACES
1HM1PI69Qg2mimHumCgxidbOUQYl_UUDm,"Drawings/Other drawings (different format)/Axis/V50-1-1923 - Plan 10, Del 23, Värme & Sanitäranlägg-.pdf","V50-1-1923 - Plan 10, Del 23, Värme & Sanitäranlägg-.pdf",pdf,application/pdf,146163,2026-02-13T11:50:50Z,Other drawings (different format)/Axis,Other drawings (different format),V-50-1-1923,,OTHER_FORMAT_PDF,,,,ej hämtad,,IDENTICAL_IN_2_PLACES
1WJvUu9dx6KUQXaegzOwRXrWwhIm_Mef9,"Drawings/Other drawings (different format)/Axis/V53-1-2042 - Plan 11, Del 42, Spillvattenanläggning.pdf","V53-1-2042 - Plan 11, Del 42, Spillvattenanläggning.pdf",pdf,application/pdf,145282,2026-02-13T11:51:12Z,Other drawings (different format)/Axis,Other drawings (different format),V-53-1-2042,,OTHER_FORMAT_PDF,,,,ej hämtad,,IDENTICAL_IN_2_PLACES
1GXeI_7SdEBTxEXBF-Qc8xHkvTnOv_Wtg,"Drawings/Other drawings (different format)/Axis/V53-1-1822 - Plan 09, Del 22, Spillvattenanläggning.pdf","V53-1-1822 - Plan 09, Del 22, Spillvattenanläggning.pdf",pdf,application/pdf,115280,2026-02-13T11:50:42Z,Other drawings (different format)/Axis,Other drawings (different format),V-53-1-1822,,OTHER_FORMAT_PDF,,,,ej hämtad,,IDENTICAL_IN_2_PLACES
1QwGvAo4hgSuvs9TT0LbsVNDLnbUu9aFO,"Drawings/Other drawings (different format)/Axis/V53-1-1132 - Plan 02, Del 32, Spillvattenanläggning.pdf","V53-1-1132 - Plan 02, Del 32, Spillvattenanläggning.pdf",pdf,application/pdf,146941,2026-02-13T11:48:46Z,Other drawings (different format)/Axis,Other drawings (different format),V-53-1-1132,,OTHER_FORMAT_PDF,,,,ej hämtad,,IDENTICAL_IN_2_PLACES
172ZyANcIagAWpXILR5u0Ec8TknSaxYSG,"Drawings/Other drawings (different format)/Axis/V53-1-1244 - Plan 03, Del 44, Spillvattenanläggning.pdf","V53-1-1244 - Plan 03, Del 44, Spillvattenanläggning.pdf",pdf,application/pdf,138611,2026-02-13T11:49:06Z,Other drawings (different format)/Axis,Other drawings (different format),V-53-1-1244,,OTHER_FORMAT_PDF,,,,ej hämtad,,IDENTICAL_IN_2_PLACES
1uQRX-WUj1d4VJKt58BeW4C4hnDMfKmqY,"Drawings/Other drawings (different format)/Axis/V53-1-1032 - Plan 01, Del 32, Spillvattenanläggning.pdf","V53-1-1032 - Plan 01, Del 32, Spillvattenanläggning.pdf",pdf,application/pdf,206965,2026-02-13T12:11:02Z,Other drawings (different format)/Axis,Other drawings (different format),V-53-1-1032,,OTHER_FORMAT_PDF,,,,ej hämtad,,IDENTICAL_IN_2_PLACES
1R-C4yDVFL1oT7wBJzahpDxkGntnnQ35g,"Drawings/Other drawings (different format)/Axis/V53-1-00824 - Plan B2, Del 24, Spillvattenanläggning, UG.pdf","V53-1-00824 - Plan B2, Del 24, Spillvattenanläggning, UG.pdf",pdf,application/pdf,199006,2026-02-13T12:11:02Z,Other drawings (different format)/Axis,Other drawings (different format),,,OTHER_FORMAT_PDF,,,,ej hämtad,,IDENTICAL_IN_2_PLACES
1XPR_LGGvrMclXF_sHh_EM1t_JzqMLUtR,"Drawings/Other drawings (different format)/Axis/V50-1-1524 - Plan 06, Del 24, Värme & Sanitäranlägg-.pdf","V50-1-1524 - Plan 06, Del 24, Värme & Sanitäranlägg-.pdf",pdf,application/pdf,198551,2026-02-13T11:49:48Z,Other drawings (different format)/Axis,Other drawings (different format),V-50-1-1524,,OTHER_FORMAT_PDF,,,,ej hämtad,,IDENTICAL_IN_2_PLACES
1g34RIT0epKFamL_IRB1PmMXu7yqezfwD,"Drawings/Other drawings (different format)/Axis/V50-1-1214 - Plan 03, Del 14, Värme & Sanitäranlägg-.pdf","V50-1-1214 - Plan 03, Del 14, Värme & Sanitäranlägg-.pdf",pdf,application/pdf,312782,2026-02-13T11:49:00Z,Other drawings (different format)/Axis,Other drawings (different format),V-50-1-1214,,OTHER_FORMAT_PDF,,,,ej hämtad,,IDENTICAL_IN_2_PLACES
1Il1gMpTF0q_GxRVHOMz7Y_fv4dDPb2MB,"Drawings/Other drawings (different format)/Axis/V50-1-1444 - Plan 05, Del 44, Värme & Sanitäranlägg-.pdf","V50-1-1444 - Plan 05, Del 44, Värme & Sanitäranlägg-.pdf",pdf,application/pdf,171242,2026-02-13T11:49:32Z,Other drawings (different format)/Axis,Other drawings (different format),V-50-1-1444,,OTHER_FORMAT_PDF,,,,ej hämtad,,IDENTICAL_IN_2_PLACES
1rkN-b8zmjZg8cVMxaxr45yYCeJyHNLui,"Drawings/Other drawings (different format)/Axis/V50-1-0932 - Plan B1, Del 32, Värme & Sanitäranlägg-.pdf","V50-1-0932 - Plan B1, Del 32, Värme & Sanitäranlägg-.pdf",pdf,application/pdf,204413,2026-02-13T11:47:48Z,Other drawings (different format)/Axis,Other drawings (different format),V-50-1-0932,,OTHER_FORMAT_PDF,,,,ej hämtad,,IDENTICAL_IN_2_PLACES
1j0VKuejyXCxGngyVRuTOztQP2LZ30Y1h,"Drawings/Other drawings (different format)/Axis/V50-1-1024 - Plan 01, Del 24, Värme & Sanitäranlägg-.pdf","V50-1-1024 - Plan 01, Del 24, Värme & Sanitäranlägg-.pdf",pdf,application/pdf,189402,2026-02-13T11:48:10Z,Other drawings (different format)/Axis,Other drawings (different format),V-50-1-1024,,OTHER_FORMAT_PDF,,,,ej hämtad,,IDENTICAL_IN_2_PLACES
1CyhvG39k1EWOJuw7CLhJqkE_J4thynCs,"Drawings/Other drawings (different format)/Axis/V50-1-1144 - Plan 02, Del 44, Värme & Sanitäranlägg-.pdf","V50-1-1144 - Plan 02, Del 44, Värme & Sanitäranlägg-.pdf",pdf,application/pdf,200420,2026-02-13T11:48:38Z,Other drawings (different format)/Axis,Other drawings (different format),V-50-1-1144,,OTHER_FORMAT_PDF,,,,ej hämtad,,IDENTICAL_IN_2_PLACES
1Vqg3mbrfDyEPIWweo4F0ija1PWKmpfrU,"Drawings/Other drawings (different format)/Axis/V50-1-0923 - Plan B1, Del 23, Värme & Sanitäranlägg-.pdf","V50-1-0923 - Plan B1, Del 23, Värme & Sanitäranlägg-.pdf",pdf,application/pdf,161920,2026-02-13T11:47:48Z,Other drawings (different format)/Axis,Other drawings (different format),V-50-1-0923,,OTHER_FORMAT_PDF,,,,ej hämtad,,IDENTICAL_IN_2_PLACES
1OxGMLlOoSEZaIORn8AJqZjKcETuRFouy,"Drawings/Other drawings (different format)/Axis/V50-1-1324 - Plan 04, Del 24, Värme & Sanitäranlägg-.pdf","V50-1-1324 - Plan 04, Del 24, Värme & Sanitäranlägg-.pdf",pdf,application/pdf,194756,2026-02-13T11:49:14Z,Other drawings (different format)/Axis,Other drawings (different format),V-50-1-1324,,OTHER_FORMAT_PDF,,,,ej hämtad,,IDENTICAL_IN_2_PLACES
1RF2sVdBKV7YizUGguoXmCLdNixK1tGYN,"Drawings/Other drawings (different format)/Axis/V53-1-1122 - Plan 02, Del 22, Spillvattenanläggning.pdf","V53-1-1122 - Plan 02, Del 22, Spillvattenanläggning.pdf",pdf,application/pdf,147798,2026-02-13T11:48:46Z,Other drawings (different format)/Axis,Other drawings (different format),V-53-1-1122,,OTHER_FORMAT_PDF,,,,ej hämtad,,IDENTICAL_IN_2_PLACES
11JPMJbtLb86LgKcj3Vm55kj_e8axkSN6,"Drawings/Other drawings (different format)/Axis/V53-1-1823 - Plan 09, Del 23, Spillvattenanläggning.pdf","V53-1-1823 - Plan 09, Del 23, Spillvattenanläggning.pdf",pdf,application/pdf,130894,2026-02-13T11:50:42Z,Other drawings (different format)/Axis,Other drawings (different format),V-53-1-1823,,OTHER_FORMAT_PDF,,,,ej hämtad,,IDENTICAL_IN_2_PLACES
1DAwnEuV3m2qYGix3DYMTes_QisROGIex,"Drawings/Other drawings (different format)/Axis/V53-1-1022 - Plan 01, Del 22, Spillvattenanläggning.pdf","V53-1-1022 - Plan 01, Del 22, Spillvattenanläggning.pdf",pdf,application/pdf,136413,2026-02-13T11:48:18Z,Other drawings (different format)/Axis,Other drawings (different format),V-53-1-1022,,OTHER_FORMAT_PDF,,,,ej hämtad,,IDENTICAL_IN_2_PLACES
1JC-9LIDaRqC8LReut_LnzPe5laqe9-GO,"Drawings/Other drawings (different format)/Axis/V53-1-0913 - Plan B1, Del 13, Spillvattenanläggning.pdf","V53-1-0913 - Plan B1, Del 13, Spillvattenanläggning.pdf",pdf,application/pdf,131697,2026-02-13T11:47:58Z,Other drawings (different format)/Axis,Other drawings (different format),V-53-1-0913,,OTHER_FORMAT_PDF,,,,ej hämtad,,IDENTICAL_IN_2_PLACES
1ImLQYM_wX2qxfB-6BWfkDl1fqnwAB9GQ,"Drawings/Other drawings (different format)/Axis/V53-1-1444 - Plan 05, Del 44, Spillvattenanläggning.pdf","V53-1-1444 - Plan 05, Del 44, Spillvattenanläggning.pdf",pdf,application/pdf,142275,2026-02-13T11:49:40Z,Other drawings (different format)/Axis,Other drawings (different format),V-53-1-1444,,OTHER_FORMAT_PDF,,,,ej hämtad,,IDENTICAL_IN_2_PLACES
1wvzrS34pjGIJnxVEtv-_8iRcU3SMykHI,"Drawings/Other drawings (different format)/Axis/V50-1-0941 - Plan B1, Del 41, Värme & Sanitäranlägg-.pdf","V50-1-0941 - Plan B1, Del 41, Värme & Sanitäranlägg-.pdf",pdf,application/pdf,131994,2026-02-13T11:47:48Z,Other drawings (different format)/Axis,Other drawings (different format),V-50-1-0941,,OTHER_FORMAT_PDF,,,,ej hämtad,,IDENTICAL_IN_2_PLACES
1xmVCeR9NbArECZuNM1ohkyy_z7KxyH7Q,"Drawings/Other drawings (different format)/Axis/V50-1-0812 - Plan B2, Del 12, Värme & Sanitäranlägg-.pdf","V50-1-0812 - Plan B2, Del 12, Värme & Sanitäranlägg-.pdf",pdf,application/pdf,201828,2026-02-13T12:11:02Z,Other drawings (different format)/Axis,Other drawings (different format),V-50-1-0812,,OTHER_FORMAT_PDF,,,,ej hämtad,,IDENTICAL_IN_2_PLACES
1xdMoMW_vlpQdOqDAFmvSOusxQUCaPozF,"Drawings/Other drawings (different format)/Axis/V50-1-1824 - Plan 09, Del 24, Värme & Sanitäranlägg-.pdf","V50-1-1824 - Plan 09, Del 24, Värme & Sanitäranlägg-.pdf",pdf,application/pdf,198097,2026-02-13T12:11:02Z,Other drawings (different format)/Axis,Other drawings (different format),V-50-1-1824,,OTHER_FORMAT_PDF,,,,ej hämtad,,IDENTICAL_IN_2_PLACES
1RwSDPztvWO4F377-X_HgoSmMLRT7jsJA,"Drawings/Other drawings (different format)/Axis/V50-1-0821 - Plan B2, Del 21, Värme & Sanitäranlägg-.pdf","V50-1-0821 - Plan B2, Del 21, Värme & Sanitäranlägg-.pdf",pdf,application/pdf,190749,2026-02-13T12:11:02Z,Other drawings (different format)/Axis,Other drawings (different format),V-50-1-0821,,OTHER_FORMAT_PDF,DEVELOPMENT,"styles/Ritningar/V50-1-0821 - Plan B2, Del 21, Värme & Sanitäranlägg-.pdf",29b26204db0a0ae5ebd60f5f7e92420f273ea45a16bb4b649ad938168d86fe36,"lokal kopia, samma storlek och typ",NO_ANNOTATIONS ID_IN_SHEET_TEXT,IDENTICAL_IN_3_PLACES
1-6Lj_WFyKxyIf8Rf1UPvEwgUmHlDiJ-A,"Drawings/Other drawings (different format)/Axis/V53-1-1924 - Plan 10, Del 24, Spillvattenanläggning.pdf","V53-1-1924 - Plan 10, Del 24, Spillvattenanläggning.pdf",pdf,application/pdf,193270,2026-02-13T12:11:02Z,Other drawings (different format)/Axis,Other drawings (different format),V-53-1-1924,,OTHER_FORMAT_PDF,,,,ej hämtad,,IDENTICAL_IN_2_PLACES
1vj7yiJhWDyhWGk0vO_7ZRdIFJ8TQh_LI,"Drawings/Other drawings (different format)/Axis/V53-1-1632 - Plan 07, Del 32, Spillvattenanläggning.pdf","V53-1-1632 - Plan 07, Del 32, Spillvattenanläggning.pdf",pdf,application/pdf,249713,2026-02-13T11:50:10Z,Other drawings (different format)/Axis,Other drawings (different format),V-53-1-1632,,OTHER_FORMAT_PDF,,,,ej hämtad,,IDENTICAL_IN_2_PLACES
1sPuCmr73DSVU84rL2_UG7KCmir954RrY,"Drawings/Other drawings (different format)/Axis/V50-1-1623 - Plan 07, Del 23, Värme & Sanitäranlägg-.pdf","V50-1-1623 - Plan 07, Del 23, Värme & Sanitäranlägg-.pdf",pdf,application/pdf,285859,2026-02-13T11:50:04Z,Other drawings (different format)/Axis,Other drawings (different format),V-50-1-1623,,OTHER_FORMAT_PDF,,,,ej hämtad,,IDENTICAL_IN_2_PLACES
1axnOxTEweYD4C9rueT0GAZivUq-d2zuI,"Drawings/Other drawings (different format)/Axis/V53-1-1332 - Plan 04, Del 32, Spillvattenanläggning.pdf","V53-1-1332 - Plan 04, Del 32, Spillvattenanläggning.pdf",pdf,application/pdf,189208,2026-02-13T11:49:22Z,Other drawings (different format)/Axis,Other drawings (different format),V-53-1-1332,,OTHER_FORMAT_PDF,,,,ej hämtad,,IDENTICAL_IN_2_PLACES
1t_b1R_19y_RnKch0Zfvp6_SkKuBzE_9L,"Drawings/Other drawings (different format)/Axis/V50-1-1243 - Plan 03, Del 43, Värme & Sanitäranlägg-.pdf","V50-1-1243 - Plan 03, Del 43, Värme & Sanitäranlägg-.pdf",pdf,application/pdf,267647,2026-02-13T11:49:00Z,Other drawings (different format)/Axis,Other drawings (different format),V-50-1-1243,,OTHER_FORMAT_PDF,,,,ej hämtad,,IDENTICAL_IN_2_PLACES
1eoBFggiht59UCx3IILIn3c3kRJFY9NXE,"Drawings/Other drawings (different format)/Axis/V50-1-1413 - Plan 05, Del 13, Värme & Sanitäranlägg-.pdf","V50-1-1413 - Plan 05, Del 13, Värme & Sanitäranlägg-.pdf",pdf,application/pdf,186397,2026-02-13T11:49:32Z,Other drawings (different format)/Axis,Other drawings (different format),V-50-1-1413,,OTHER_FORMAT_PDF,,,,ej hämtad,,IDENTICAL_IN_2_PLACES
1q4eliwNX-PAkJ0VH-j09SX-C6fBcbDUQ,"Drawings/Other drawings (different format)/Axis/V53-1-1622 - Plan 07, Del 22, Spillvattenanläggning.pdf","V53-1-1622 - Plan 07, Del 22, Spillvattenanläggning.pdf",pdf,application/pdf,141053,2026-02-13T11:50:10Z,Other drawings (different format)/Axis,Other drawings (different format),V-53-1-1622,,OTHER_FORMAT_PDF,,,,ej hämtad,,IDENTICAL_IN_2_PLACES
1zWRdZfQUAI-LSqviVGtyQsktgFMqIxCd,"Drawings/Other drawings (different format)/Axis/V53-1-1724 - Plan 08, Del 24, Spillvattenanläggning.pdf","V53-1-1724 - Plan 08, Del 24, Spillvattenanläggning.pdf",pdf,application/pdf,169500,2026-02-13T11:50:26Z,Other drawings (different format)/Axis,Other drawings (different format),V-53-1-1724,,OTHER_FORMAT_PDF,,,,ej hämtad,,IDENTICAL_IN_2_PLACES
1emgOMabTc9TvU5TzTbKkS9hXA7xoX6zX,"Drawings/Other drawings (different format)/Axis/V50-1-1722 - Plan 08, Del 22, Värme & Sanitäranlägg-.pdf","V50-1-1722 - Plan 08, Del 22, Värme & Sanitäranlägg-.pdf",pdf,application/pdf,167765,2026-02-13T11:50:16Z,Other drawings (different format)/Axis,Other drawings (different format),V-50-1-1722,,OTHER_FORMAT_PDF,,,,ej hämtad,,IDENTICAL_IN_2_PLACES
105zViniACQAa-kDO4t5Qsxhh46kUJydZ,"Drawings/Other drawings (different format)/Axis/V53-1-1544 - Plan 06, Del 44, Spillvattenanläggning.pdf","V53-1-1544 - Plan 06, Del 44, Spillvattenanläggning.pdf",pdf,application/pdf,146784,2026-02-13T11:49:56Z,Other drawings (different format)/Axis,Other drawings (different format),V-53-1-1544,,OTHER_FORMAT_PDF,,,,ej hämtad,,IDENTICAL_IN_2_PLACES
1CaHKh0zVqoSQ_DBtoUS-T_m7erNGQwA3,"Drawings/Other drawings (different format)/Axis/V53-1-0942 - Plan B1, Del 42, Spillvattenanläggning.pdf","V53-1-0942 - Plan B1, Del 42, Spillvattenanläggning.pdf",pdf,application/pdf,148056,2026-02-13T11:47:58Z,Other drawings (different format)/Axis,Other drawings (different format),V-53-1-0942,,OTHER_FORMAT_PDF,,,,ej hämtad,,IDENTICAL_IN_2_PLACES
1m4OGFd9Sm1f-xn1xnmNB54GbrTAPhi1K,"Drawings/Other drawings (different format)/Axis/V53-1-1322 - Plan 04, Del 22, Spillvattenanläggning.pdf","V53-1-1322 - Plan 04, Del 22, Spillvattenanläggning.pdf",pdf,application/pdf,140604,2026-02-13T11:49:22Z,Other drawings (different format)/Axis,Other drawings (different format),V-53-1-1322,,OTHER_FORMAT_PDF,,,,ej hämtad,,IDENTICAL_IN_2_PLACES
1mOfxWoDR87hrZ-rDF7h7LvTaANNPKNxd,"Drawings/Other drawings (different format)/Axis/V53-1-0834 - Plan B2, Del 34, Spillvattenanläggning, ÖG.pdf","V53-1-0834 - Plan B2, Del 34, Spillvattenanläggning, ÖG.pdf",pdf,application/pdf,103726,2026-02-13T11:47:26Z,Other drawings (different format)/Axis,Other drawings (different format),V-53-1-0834,,OTHER_FORMAT_PDF,,,,ej hämtad,,IDENTICAL_IN_2_PLACES
1h817T8Qf-5bw7a-Kz5RGIT586PyiKP_R,"Drawings/Other drawings (different format)/Axis/V50-1-0814 - Plan B2, Del 14, Värme & Sanitäranlägg-.pdf","V50-1-0814 - Plan B2, Del 14, Värme & Sanitäranlägg-.pdf",pdf,application/pdf,202362,2026-02-13T12:11:02Z,Other drawings (different format)/Axis,Other drawings (different format),V-50-1-0814,,OTHER_FORMAT_PDF,,,,ej hämtad,,IDENTICAL_IN_2_PLACES
1cC-UeKU3SMWY66s3r5uqc9b8WKJH9E4k,"Drawings/Other drawings (different format)/Axis/V50-1-1724 - Plan 08, Del 24, Värme & Sanitäranlägg-.pdf","V50-1-1724 - Plan 08, Del 24, Värme & Sanitäranlägg-.pdf",pdf,application/pdf,222181,2026-02-13T11:50:16Z,Other drawings (different format)/Axis,Other drawings (different format),V-50-1-1724,,OTHER_FORMAT_PDF,,,,ej hämtad,,IDENTICAL_IN_2_PLACES
188JyrHZnNPpuWNpmJRGlknfJUPaVy9TT,"Drawings/Other drawings (different format)/Axis/V53-1-1634 - Plan 07, Del 34, Spillvattenanläggning.pdf","V53-1-1634 - Plan 07, Del 34, Spillvattenanläggning.pdf",pdf,application/pdf,204866,2026-02-13T11:50:10Z,Other drawings (different format)/Axis,Other drawings (different format),V-53-1-1634,,OTHER_FORMAT_PDF,,,,ej hämtad,,IDENTICAL_IN_2_PLACES
1mrBvNZxVJJXLzV3k0dhtoNhMp4MVHu_v,"Drawings/Other drawings (different format)/Axis/V53-1-1542 - Plan 06, Del 42, Spillvattenanläggning.pdf","V53-1-1542 - Plan 06, Del 42, Spillvattenanläggning.pdf",pdf,application/pdf,202749,2026-02-13T11:49:56Z,Other drawings (different format)/Axis,Other drawings (different format),V-53-1-1542,,OTHER_FORMAT_PDF,,,,ej hämtad,,IDENTICAL_IN_2_PLACES
1h035D52FehMqKPQ283MXbffVmbhHlZEG,"Drawings/Other drawings (different format)/Axis/V53-1-1442 - Plan 05, Del 42, Spillvattenanläggning.pdf","V53-1-1442 - Plan 05, Del 42, Spillvattenanläggning.pdf",pdf,application/pdf,203890,2026-02-13T11:49:40Z,Other drawings (different format)/Axis,Other drawings (different format),V-53-1-1442,,OTHER_FORMAT_PDF,,,,ej hämtad,,IDENTICAL_IN_2_PLACES
1ZGS101klIAbxz8l24gVLPbStyvD-jKln,"Drawings/Other drawings (different format)/Axis/V53-1-1624 - Plan 07, Del 24, Spillvattenanläggning.pdf","V53-1-1624 - Plan 07, Del 24, Spillvattenanläggning.pdf",pdf,application/pdf,188568,2026-02-13T11:50:10Z,Other drawings (different format)/Axis,Other drawings (different format),V-53-1-1624,,OTHER_FORMAT_PDF,,,,ej hämtad,,IDENTICAL_IN_2_PLACES
1jhU4lGV99iH1jn7RmrFGPx82byX9m1kP,"Drawings/Other drawings (different format)/Axis/V50-1-1113 - Plan 02, Del 13, Värme & Sanitäranlägg-.pdf","V50-1-1113 - Plan 02, Del 13, Värme & Sanitäranlägg-.pdf",pdf,application/pdf,202277,2026-02-13T11:48:38Z,Other drawings (different format)/Axis,Other drawings (different format),V-50-1-1113,,OTHER_FORMAT_PDF,,,,ej hämtad,,IDENTICAL_IN_2_PLACES
1mUVzwl1GkJAwJ_GIS_Tn02YshrCnovh7,"Drawings/Other drawings (different format)/Axis/V50-1-1511 - Plan 06, Del 11, Värme & Sanitäranlägg-.pdf","V50-1-1511 - Plan 06, Del 11, Värme & Sanitäranlägg-.pdf",pdf,application/pdf,156545,2026-02-13T11:49:50Z,Other drawings (different format)/Axis,Other drawings (different format),V-50-1-1511,,OTHER_FORMAT_PDF,,,,ej hämtad,,IDENTICAL_IN_2_PLACES
1YS4c8p4pwYHYd-qzsSsBi6Z4_MaDGupE,"Drawings/Other drawings (different format)/Axis/V53-1-1024 - Plan 01, Del 24, Spillvattenanläggning.pdf","V53-1-1024 - Plan 01, Del 24, Spillvattenanläggning.pdf",pdf,application/pdf,200796,2026-02-13T11:48:18Z,Other drawings (different format)/Axis,Other drawings (different format),V-53-1-1024,,OTHER_FORMAT_PDF,,,,ej hämtad,,IDENTICAL_IN_2_PLACES
1m4JC_shknW4xgPQ2hCbYtKAEhBKdJxTG,"Drawings/Other drawings (different format)/Axis/V53-1-2021 - Plan 11, Del 21, Spillvattenanläggning.pdf","V53-1-2021 - Plan 11, Del 21, Spillvattenanläggning.pdf",pdf,application/pdf,128629,2026-02-13T11:51:12Z,Other drawings (different format)/Axis,Other drawings (different format),V-53-1-2021,,OTHER_FORMAT_PDF,,,,ej hämtad,,IDENTICAL_IN_2_PLACES
1ofGfLPHx5fxJTgaHuHYmnJSlAvVXzgTu,"Drawings/Other drawings (different format)/Axis/V53-1-1324 - Plan 04, Del 24, Spillvattenanläggning.pdf","V53-1-1324 - Plan 04, Del 24, Spillvattenanläggning.pdf",pdf,application/pdf,155130,2026-02-13T11:49:22Z,Other drawings (different format)/Axis,Other drawings (different format),V-53-1-1324,,OTHER_FORMAT_PDF,,,,ej hämtad,,IDENTICAL_IN_2_PLACES
1tUQbtO4CJACi5TqsLLSr-QLiSogyP_4L,"Drawings/Other drawings (different format)/Axis/V50-1-0934 - Plan B1, Del 34, Värme & Sanitäranlägg-.pdf","V50-1-0934 - Plan B1, Del 34, Värme & Sanitäranlägg-.pdf",pdf,application/pdf,182698,2026-02-13T11:47:48Z,Other drawings (different format)/Axis,Other drawings (different format),V-50-1-0934,,OTHER_FORMAT_PDF,,,,ej hämtad,,IDENTICAL_IN_2_PLACES
1StJ2060niP0yZh_pGOEgEGjgpU3UtDur,"Drawings/Other drawings (different format)/Axis/V53-1-0821 - Plan B2, Del 21, Spillvattenanläggning, ÖG.pdf","V53-1-0821 - Plan B2, Del 21, Spillvattenanläggning, ÖG.pdf",pdf,application/pdf,126802,2026-02-13T11:47:26Z,Other drawings (different format)/Axis,Other drawings (different format),V-53-1-0821,,OTHER_FORMAT_PDF,,,,ej hämtad,,IDENTICAL_IN_2_PLACES
10gaJagxcPf6VKJzYS0B-CCqi8pKtXpuE,"Drawings/Other drawings (different format)/Axis/V53-1-1722 - Plan 08, Del 22, Spillvattenanläggning.pdf","V53-1-1722 - Plan 08, Del 22, Spillvattenanläggning.pdf",pdf,application/pdf,135122,2026-02-13T11:50:26Z,Other drawings (different format)/Axis,Other drawings (different format),V-53-1-1722,,OTHER_FORMAT_PDF,,,,ej hämtad,,IDENTICAL_IN_2_PLACES
1iNDdGO-bbkkxu7HMh7zJaHtVq4H6UO1n,"Drawings/Other drawings (different format)/Axis/V50-1-1311 - Plan 04, Del 11, Värme & Sanitäranlägg-.pdf","V50-1-1311 - Plan 04, Del 11, Värme & Sanitäranlägg-.pdf",pdf,application/pdf,169245,2026-02-13T11:49:14Z,Other drawings (different format)/Axis,Other drawings (different format),V-50-1-1311,,OTHER_FORMAT_PDF,,,,ej hämtad,,IDENTICAL_IN_2_PLACES
1nl6_tChMQrOW6alpWXGeGPgmETX_FEgE,"Drawings/Other drawings (different format)/Axis/V53-1-0944 - Plan B1, Del 44, Spillvattenanläggning.pdf","V53-1-0944 - Plan B1, Del 44, Spillvattenanläggning.pdf",pdf,application/pdf,100995,2026-02-13T11:47:58Z,Other drawings (different format)/Axis,Other drawings (different format),V-53-1-0944,,OTHER_FORMAT_PDF,,,,ej hämtad,,IDENTICAL_IN_2_PLACES
1jV3_5m79IIHwWG_Bl3u0K7N3qMScPpxV,"Drawings/Other drawings (different format)/Axis/V53-1-1034 - Plan 01, Del 34, Spillvattenanläggning.pdf","V53-1-1034 - Plan 01, Del 34, Spillvattenanläggning.pdf",pdf,application/pdf,159554,2026-02-13T11:48:18Z,Other drawings (different format)/Axis,Other drawings (different format),V-53-1-1034,,OTHER_FORMAT_PDF,,,,ej hämtad,,IDENTICAL_IN_2_PLACES
1fxz6akSSLGSaYi5ELSiDwG9lgEyiZcoy,"Drawings/Other drawings (different format)/Axis/V50-1-1442 - Plan 05, Del 42, Värme & Sanitäranlägg-.pdf","V50-1-1442 - Plan 05, Del 42, Värme & Sanitäranlägg-.pdf",pdf,application/pdf,270236,2026-02-13T11:49:32Z,Other drawings (different format)/Axis,Other drawings (different format),V-50-1-1442,,OTHER_FORMAT_PDF,,,,ej hämtad,,IDENTICAL_IN_2_PLACES
1ZUjaVPSWIWsmaea-nM6Tm5dPF5NP2V8F,"Drawings/Other drawings (different format)/Axis/V50-1-1212 - Plan 03, Del 12, Värme & Sanitäranlägg-.pdf","V50-1-1212 - Plan 03, Del 12, Värme & Sanitäranlägg-.pdf",pdf,application/pdf,209809,2026-02-13T11:49:00Z,Other drawings (different format)/Axis,Other drawings (different format),V-50-1-1212,,OTHER_FORMAT_PDF,,,,ej hämtad,,IDENTICAL_IN_2_PLACES
1hmGdgkDPX-ODup2or4XEsFUxTjAi-O9K,"Drawings/Other drawings (different format)/Axis/V50-1-1221 - Plan 03, Del 21, Värme & Sanitäranlägg-.pdf","V50-1-1221 - Plan 03, Del 21, Värme & Sanitäranlägg-.pdf",pdf,application/pdf,298175,2026-02-13T11:49:00Z,Other drawings (different format)/Axis,Other drawings (different format),V-50-1-1221,,OTHER_FORMAT_PDF,,,,ej hämtad,,IDENTICAL_IN_2_PLACES
1Fx3soYYZeMBcHuLHxY-kf-xKCI3sszKS,"Drawings/Other drawings (different format)/Axis/V50-1-1142 - Plan 02, Del 42, Värme & Sanitäranlägg-.pdf","V50-1-1142 - Plan 02, Del 42, Värme & Sanitäranlägg-.pdf",pdf,application/pdf,331431,2026-02-13T11:48:38Z,Other drawings (different format)/Axis,Other drawings (different format),V-50-1-1142,,OTHER_FORMAT_PDF,,,,ej hämtad,,IDENTICAL_IN_2_PLACES
1rFEbXj9P7drjd20v-uyjMwSDtN-eakiX,"Drawings/Other drawings (different format)/Axis/V53-1-1242 - Plan 03, Del 42, Spillvattenanläggning.pdf","V53-1-1242 - Plan 03, Del 42, Spillvattenanläggning.pdf",pdf,application/pdf,199132,2026-02-13T11:49:06Z,Other drawings (different format)/Axis,Other drawings (different format),V-53-1-1242,,OTHER_FORMAT_PDF,,,,ej hämtad,,IDENTICAL_IN_2_PLACES
1WGYeqhvQMCZu1VmJMP7u-Xw1-D0CU3gn,"Drawings/Other drawings (different format)/Axis/V50-1-1522 - Plan 06, Del 22, Värme & Sanitäranlägg-.pdf","V50-1-1522 - Plan 06, Del 22, Värme & Sanitäranlägg-.pdf",pdf,application/pdf,183595,2026-02-13T11:49:50Z,Other drawings (different format)/Axis,Other drawings (different format),V-50-1-1522,,OTHER_FORMAT_PDF,,,,ej hämtad,,IDENTICAL_IN_2_PLACES
1TV0VtWdUb-XJcHhVQcbToDXZbIUZvQM3,"Drawings/Other drawings (different format)/Axis/V50-1-0842 - Plan B2, Del 42, Värme & Sanitäranlägg-.pdf","V50-1-0842 - Plan B2, Del 42, Värme & Sanitäranlägg-.pdf",pdf,application/pdf,277531,2026-02-13T11:47:16Z,Other drawings (different format)/Axis,Other drawings (different format),V-50-1-0842,,OTHER_FORMAT_PDF,DEVELOPMENT,"styles/src/04 - VVS Konsulterna - Revit - Bluebeam Brewery 5.0/V50-1-0842 - Plan B2, Del 42, Värme & Sanitäranlägg-.pdf",ef53f8474ca0a36eb6e0eaa55909c54c87af856b3e87806ca95be652d1c4cb70,"lokal kopia, samma storlek och typ",NO_ANNOTATIONS ID_IN_SHEET_TEXT,IDENTICAL_IN_4_PLACES
1P5aIg-7xwtbn4PCFQTuwDEh6EnW77HAu,"Drawings/Other drawings (different format)/Axis/V53-1-1134 - Plan 02, Del 34, Spillvattenanläggning.pdf","V53-1-1134 - Plan 02, Del 34, Spillvattenanläggning.pdf",pdf,application/pdf,184205,2026-02-13T11:48:46Z,Other drawings (different format)/Axis,Other drawings (different format),V-53-1-1134,,OTHER_FORMAT_PDF,,,,ej hämtad,,IDENTICAL_IN_2_PLACES
15qRi09f9VclA_xrMvfOJdxvNIPnwCvZV,"Drawings/Other drawings (different format)/Axis/V50-1-1322 - Plan 04, Del 22, Värme & Sanitäranlägg-.pdf","V50-1-1322 - Plan 04, Del 22, Värme & Sanitäranlägg-.pdf",pdf,application/pdf,177000,2026-02-13T11:49:14Z,Other drawings (different format)/Axis,Other drawings (different format),V-50-1-1322,,OTHER_FORMAT_PDF,,,,ej hämtad,,IDENTICAL_IN_2_PLACES
1nqmSYZyX87YOqYXll1IRPP3c8V5qlMQ2,"Drawings/Other drawings (different format)/Axis/V53-1-1124 - Plan 02, Del 24, Spillvattenanläggning.pdf","V53-1-1124 - Plan 02, Del 24, Spillvattenanläggning.pdf",pdf,application/pdf,168778,2026-02-13T11:48:46Z,Other drawings (different format)/Axis,Other drawings (different format),V-53-1-1124,,OTHER_FORMAT_PDF,,,,ej hämtad,,IDENTICAL_IN_2_PLACES
1zbHqX61nGPxZ9Rck6ROPachVuU3f34IY,"Drawings/Other drawings (different format)/Axis/V50-1-1022 - Plan 01, Del 22, Värme & Sanitäranlägg-.pdf","V50-1-1022 - Plan 01, Del 22, Värme & Sanitäranlägg-.pdf",pdf,application/pdf,169740,2026-02-13T11:48:10Z,Other drawings (different format)/Axis,Other drawings (different format),V-50-1-1022,,OTHER_FORMAT_PDF,,,,ej hämtad,,IDENTICAL_IN_2_PLACES
1ERxQFVHhsbPxmYnprdO22n0TuFiBAggd,"Drawings/Other drawings (different format)/Axis/V50-1-1011 - Plan 01, Del 11, Värme & Sanitäranlägg-.pdf","V50-1-1011 - Plan 01, Del 11, Värme & Sanitäranlägg-.pdf",pdf,application/pdf,156156,2026-02-13T11:48:12Z,Other drawings (different format)/Axis,Other drawings (different format),V-50-1-1011,,OTHER_FORMAT_PDF,,,,ej hämtad,,IDENTICAL_IN_2_PLACES
1OHcbh_pH7EpnYq2EkOSsOqE4j-bgaboa,"Drawings/Other drawings (different format)/Axis/V53-1-0832 - Plan B2, Del 32, Spillvattenanläggning, ÖG.pdf","V53-1-0832 - Plan B2, Del 32, Spillvattenanläggning, ÖG.pdf",pdf,application/pdf,123288,2026-02-13T11:47:26Z,Other drawings (different format)/Axis,Other drawings (different format),V-53-1-0832,,OTHER_FORMAT_PDF,,,,ej hämtad,,IDENTICAL_IN_2_PLACES
1XYUhuiFh260Ze74SR9Fyz2m_UJL-rwAj,"Drawings/Other drawings (different format)/Axis/V53-1-1611 - Plan 07, Del 11, Spillvattenanläggning.pdf","V53-1-1611 - Plan 07, Del 11, Spillvattenanläggning.pdf",pdf,application/pdf,149540,2026-02-13T11:50:10Z,Other drawings (different format)/Axis,Other drawings (different format),V-53-1-1611,,OTHER_FORMAT_PDF,,,,ej hämtad,,IDENTICAL_IN_2_PLACES
1NcQThkvXaLePlORKV58BgM42BKispfrI,"Drawings/Other drawings (different format)/Axis/V53-1-1511 - Plan 06, Del 11, Spillvattenanläggning.pdf","V53-1-1511 - Plan 06, Del 11, Spillvattenanläggning.pdf",pdf,application/pdf,136798,2026-02-13T11:49:56Z,Other drawings (different format)/Axis,Other drawings (different format),V-53-1-1511,,OTHER_FORMAT_PDF,,,,ej hämtad,,IDENTICAL_IN_2_PLACES
1Nm-e9nuWjksnSqn9hl9DgnrBXZN3rbRg,"Drawings/Other drawings (different format)/Axis/V50-1-1114 - Plan 02, Del 14, Värme & Sanitäranlägg-.pdf","V50-1-1114 - Plan 02, Del 14, Värme & Sanitäranlägg-.pdf",pdf,application/pdf,414945,2026-02-13T12:11:02Z,Other drawings (different format)/Axis,Other drawings (different format),V-50-1-1114,,OTHER_FORMAT_PDF,,,,ej hämtad,,IDENTICAL_IN_2_PLACES
1n8goXRftOsCStJrdGJPLvGbyUy8rcuwC,"Drawings/Other drawings (different format)/Axis/V50-1-1624 - Plan 07, Del 24, Värme & Sanitäranlägg-.pdf","V50-1-1624 - Plan 07, Del 24, Värme & Sanitäranlägg-.pdf",pdf,application/pdf,240826,2026-02-13T11:50:04Z,Other drawings (different format)/Axis,Other drawings (different format),V-50-1-1624,,OTHER_FORMAT_PDF,,,,ej hämtad,,IDENTICAL_IN_2_PLACES
1q1ka6Ek4bHnLGWlFEO63jYFg1IwFXGmy,"Drawings/Other drawings (different format)/Axis/V50-1-1034 - Plan 01, Del 34, Värme & Sanitäranlägg-.pdf","V50-1-1034 - Plan 01, Del 34, Värme & Sanitäranlägg-.pdf",pdf,application/pdf,244644,2026-02-13T11:48:10Z,Other drawings (different format)/Axis,Other drawings (different format),V-50-1-1034,,OTHER_FORMAT_PDF,,,,ej hämtad,,IDENTICAL_IN_2_PLACES
1LRZev91aBk4OPkfEQAGeggcIcKjKzEA9,"Drawings/Other drawings (different format)/Axis/V50-1-1723 - Plan 08, Del 23, Värme & Sanitäranlägg-.pdf","V50-1-1723 - Plan 08, Del 23, Värme & Sanitäranlägg-.pdf",pdf,application/pdf,250789,2026-02-13T11:50:16Z,Other drawings (different format)/Axis,Other drawings (different format),V-50-1-1723,,OTHER_FORMAT_PDF,,,,ej hämtad,,IDENTICAL_IN_2_PLACES
12hKdHt7l0BtT3ADhlnNN24X3DbrwhtIX,"Drawings/Other drawings (different format)/Axis/V50-1-1244 - Plan 03, Del 44, Värme & Sanitäranlägg-.pdf","V50-1-1244 - Plan 03, Del 44, Värme & Sanitäranlägg-.pdf",pdf,application/pdf,189255,2026-02-13T11:49:00Z,Other drawings (different format)/Axis,Other drawings (different format),V-50-1-1244,,OTHER_FORMAT_PDF,,,,ej hämtad,,IDENTICAL_IN_2_PLACES
1lkW3RkgjgyAaxqqKgtwcUo4yFe3v0Tb-,"Drawings/Other drawings (different format)/Axis/V53-1-1142 - Plan 02, Del 42, Spillvattenanläggning.pdf","V53-1-1142 - Plan 02, Del 42, Spillvattenanläggning.pdf",pdf,application/pdf,256373,2026-02-13T11:48:46Z,Other drawings (different format)/Axis,Other drawings (different format),V-53-1-1142,,OTHER_FORMAT_PDF,,,,ej hämtad,,IDENTICAL_IN_2_PLACES
1P0Pq-F-2vXhJ3Eq0fj3hfdA8tMqxIXCO,"Drawings/Other drawings (different format)/Axis/V50-1-1534 - Plan 06, Del 34, Värme & Sanitäranlägg-.pdf","V50-1-1534 - Plan 06, Del 34, Värme & Sanitäranlägg-.pdf",pdf,application/pdf,205794,2026-02-13T11:49:48Z,Other drawings (different format)/Axis,Other drawings (different format),V-50-1-1534,,OTHER_FORMAT_PDF,,,,ej hämtad,,IDENTICAL_IN_2_PLACES
1eEx_za6qIPJ2FzPvbKB6MyVBzhwrLcBz,"Drawings/Other drawings (different format)/Axis/V53-1-1042 - Plan 01, Del 42, Spillvattenanläggning.pdf","V53-1-1042 - Plan 01, Del 42, Spillvattenanläggning.pdf",pdf,application/pdf,237933,2026-02-13T11:48:18Z,Other drawings (different format)/Axis,Other drawings (different format),V-53-1-1042,,OTHER_FORMAT_PDF,,,,ej hämtad,,IDENTICAL_IN_2_PLACES
18LOk4cYHvhraEKzuYwDJ-ZdWhkj9ngp8,"Drawings/Other drawings (different format)/Axis/V50-1-0922 - Plan B1, Del 22, Värme & Sanitäranlägg-.pdf","V50-1-0922 - Plan B1, Del 22, Värme & Sanitäranlägg-.pdf",pdf,application/pdf,121813,2026-02-13T11:47:48Z,Other drawings (different format)/Axis,Other drawings (different format),V-50-1-0922,,OTHER_FORMAT_PDF,,,,ej hämtad,,IDENTICAL_IN_2_PLACES
1U0ojDkFzlptGIsTdoPPIkYSafecdasbv,"Drawings/Other drawings (different format)/Axis/V50-1-1334 - Plan 04, Del 34, Värme & Sanitäranlägg-.pdf","V50-1-1334 - Plan 04, Del 34, Värme & Sanitäranlägg-.pdf",pdf,application/pdf,232526,2026-02-13T11:49:14Z,Other drawings (different format)/Axis,Other drawings (different format),V-50-1-1334,,OTHER_FORMAT_PDF,,,,ej hämtad,,IDENTICAL_IN_2_PLACES
1gqmptzN8CWJ08krsKmGp9lA2gpnVnS8X,"Drawings/Other drawings (different format)/Axis/V53-1-1812 - Plan 09, Del 12, Spillvattenanläggning.pdf","V53-1-1812 - Plan 09, Del 12, Spillvattenanläggning.pdf",pdf,application/pdf,123864,2026-02-13T11:50:42Z,Other drawings (different format)/Axis,Other drawings (different format),V-53-1-1812,,OTHER_FORMAT_PDF,,,,ej hämtad,,IDENTICAL_IN_2_PLACES
1Y9Y1KRXvjCfrWICkEXe81Zj_t33gFQds,"Drawings/Other drawings (different format)/Axis/V50-1-1823 - Plan 09, Del 23, Värme & Sanitäranlägg-.pdf","V50-1-1823 - Plan 09, Del 23, Värme & Sanitäranlägg-.pdf",pdf,application/pdf,153414,2026-02-13T11:50:34Z,Other drawings (different format)/Axis,Other drawings (different format),V-50-1-1823,,OTHER_FORMAT_PDF,,,,ej hämtad,,IDENTICAL_IN_2_PLACES
1i-E7McIVH0PfN8mpT1NYxrvDhbIa1XE-,"Drawings/Other drawings (different format)/Axis/V53-1-2023 - Plan 11, Del 23, Spillvattenanläggning.pdf","V53-1-2023 - Plan 11, Del 23, Spillvattenanläggning.pdf",pdf,application/pdf,130379,2026-02-13T11:51:12Z,Other drawings (different format)/Axis,Other drawings (different format),V-53-1-2023,,OTHER_FORMAT_PDF,,,,ej hämtad,,IDENTICAL_IN_2_PLACES
1Mb9qlZj26e-O3j6RErwN6HsSQotE674_,"Drawings/Other drawings (different format)/Axis/V53-1-1424 - Plan 05, Del 24, Spillvattenanläggning.pdf","V53-1-1424 - Plan 05, Del 24, Spillvattenanläggning.pdf",pdf,application/pdf,155792,2026-02-13T11:49:40Z,Other drawings (different format)/Axis,Other drawings (different format),V-53-1-1424,,OTHER_FORMAT_PDF,,,,ej hämtad,,IDENTICAL_IN_2_PLACES
1XQm62DS6Vmc1CxhkC4YNrRq3ZltgnJh6,"Drawings/Other drawings (different format)/Axis/V50-1-0911 - Plan B1, Del 11, Värme & Sanitäranlägg-.pdf","V50-1-0911 - Plan B1, Del 11, Värme & Sanitäranlägg-.pdf",pdf,application/pdf,131290,2026-02-13T11:47:48Z,Other drawings (different format)/Axis,Other drawings (different format),V-50-1-0911,,OTHER_FORMAT_PDF,,,,ej hämtad,,IDENTICAL_IN_2_PLACES
1hntfBDS1WIuoh2fqBbL3hnSrvh0hsuzM,"Drawings/Other drawings (different format)/Axis/V53-1-0841 - Plan B2, Del 41, Spillvattenanläggning, ÖG.pdf","V53-1-0841 - Plan B2, Del 41, Spillvattenanläggning, ÖG.pdf",pdf,application/pdf,114965,2026-02-13T11:47:26Z,Other drawings (different format)/Axis,Other drawings (different format),V-53-1-0841,,OTHER_FORMAT_PDF,,,,ej hämtad,,IDENTICAL_IN_2_PLACES
1JgoI6yiYpr1prL8-ZipW0MebqZe0GECI,"Drawings/Other drawings (different format)/Axis/V53-1-0811 - Plan B2, Del 11, Spillvattenanläggning, ÖG.pdf","V53-1-0811 - Plan B2, Del 11, Spillvattenanläggning, ÖG.pdf",pdf,application/pdf,119435,2026-02-13T12:11:02Z,Other drawings (different format)/Axis,Other drawings (different format),V-53-1-0811,,OTHER_FORMAT_PDF,,,,ej hämtad,,IDENTICAL_IN_2_PLACES
1tikIc2ge6S7LkZospsMe9HA7vIzclAjT,"Drawings/Other drawings (different format)/Axis/V53-1-1942 - Plan 10, Del 42, Spillvattenanläggning.pdf","V53-1-1942 - Plan 10, Del 42, Spillvattenanläggning.pdf",pdf,application/pdf,215564,2026-02-13T11:51:00Z,Other drawings (different format)/Axis,Other drawings (different format),V-53-1-1942,,OTHER_FORMAT_PDF,,,,ej hämtad,,IDENTICAL_IN_2_PLACES
1U40y-R-4abEwGV0Jr-tgLuoRMqI0vGWx,"Drawings/Other drawings (different format)/Axis/V50-1-1242 - Plan 03, Del 42, Värme & Sanitäranlägg-.pdf","V50-1-1242 - Plan 03, Del 42, Värme & Sanitäranlägg-.pdf",pdf,application/pdf,271104,2026-02-13T11:49:00Z,Other drawings (different format)/Axis,Other drawings (different format),V-50-1-1242,,OTHER_FORMAT_PDF,,,,ej hämtad,,IDENTICAL_IN_2_PLACES
17MMoHyTjlpjWRzkb7wTGGyxOCxH-vtqU,"Drawings/Other drawings (different format)/Axis/V50-1-1412 - Plan 05, Del 12, Värme & Sanitäranlägg-.pdf","V50-1-1412 - Plan 05, Del 12, Värme & Sanitäranlägg-.pdf",pdf,application/pdf,207813,2026-02-13T11:49:32Z,Other drawings (different format)/Axis,Other drawings (different format),V-50-1-1412,,OTHER_FORMAT_PDF,,,,ej hämtad,,IDENTICAL_IN_2_PLACES
1QSUVDBjDUxu7E02gAyK_FQRVseaBZSpr,"Drawings/Other drawings (different format)/Axis/V50-1-1622 - Plan 07, Del 22, Värme & Sanitäranlägg-.pdf","V50-1-1622 - Plan 07, Del 22, Värme & Sanitäranlägg-.pdf",pdf,application/pdf,187804,2026-02-13T11:50:04Z,Other drawings (different format)/Axis,Other drawings (different format),V-50-1-1622,,OTHER_FORMAT_PDF,,,,ej hämtad,,IDENTICAL_IN_2_PLACES
1m4OMqazmW2SG-OorR17TIwpsyXUEFR7P,"Drawings/Other drawings (different format)/Axis/V53-1-1642 - Plan 07, Del 42, Spillvattenanläggning.pdf","V53-1-1642 - Plan 07, Del 42, Spillvattenanläggning.pdf",pdf,application/pdf,243004,2026-02-13T11:50:10Z,Other drawings (different format)/Axis,Other drawings (different format),V-53-1-1642,,OTHER_FORMAT_PDF,,,,ej hämtad,,IDENTICAL_IN_2_PLACES
1YgvHwvI8OA5EIqz8BSm3xNy4xP-d23BI,"Drawings/Other drawings (different format)/Axis/V53-1-1342 - Plan 04, Del 42, Spillvattenanläggning.pdf","V53-1-1342 - Plan 04, Del 42, Spillvattenanläggning.pdf",pdf,application/pdf,199735,2026-02-13T11:49:22Z,Other drawings (different format)/Axis,Other drawings (different format),V-53-1-1342,,OTHER_FORMAT_PDF,,,,ej hämtad,,IDENTICAL_IN_2_PLACES
1ioaI9s9aBX5llfIiI_mh01bpDZAqvuPl,"Drawings/Other drawings (different format)/Axis/V53-1-1534 - Plan 06, Del 34, Spillvattenanläggning.pdf","V53-1-1534 - Plan 06, Del 34, Spillvattenanläggning.pdf",pdf,application/pdf,180839,2026-02-13T11:49:56Z,Other drawings (different format)/Axis,Other drawings (different format),V-53-1-1534,,OTHER_FORMAT_PDF,,,,ej hämtad,,IDENTICAL_IN_2_PLACES
1JHq3UIrasI-nSf_EO0jDLULgOvAJu6Rz,"Drawings/Other drawings (different format)/Axis/V53-1-1944 - Plan 10, Del 44, Spillvattenanläggning.pdf","V53-1-1944 - Plan 10, Del 44, Spillvattenanläggning.pdf",pdf,application/pdf,172381,2026-02-13T11:51:00Z,Other drawings (different format)/Axis,Other drawings (different format),V-53-1-1944,,OTHER_FORMAT_PDF,DEVELOPMENT,styles/S1_plan10_del44.pdf,d5aa4b95c723f6a2949876f06e5b1e7327a86b38f439adcbe20e1fa875e33b87,"lokal kopia, samma storlek och typ",NO_ANNOTATIONS ID_IN_SHEET_TEXT,IDENTICAL_IN_2_PLACES
1o_q0hqkIITMkFHttqJLTB9YPSIwiTkwc,"Drawings/Other drawings (different format)/Axis/V53-1-1524 - Plan 06, Del 24, Spillvattenanläggning.pdf","V53-1-1524 - Plan 06, Del 24, Spillvattenanläggning.pdf",pdf,application/pdf,158660,2026-02-13T11:49:56Z,Other drawings (different format)/Axis,Other drawings (different format),V-53-1-1524,,OTHER_FORMAT_PDF,,,,ej hämtad,,IDENTICAL_IN_2_PLACES
1us57zID8NUOkhW7YD4JFjssyFxNNogUJ,"Drawings/Other drawings (different format)/Axis/V53-1-0932 - Plan B1, Del 32, Spillvattenanläggning.pdf","V53-1-0932 - Plan B1, Del 32, Spillvattenanläggning.pdf",pdf,application/pdf,202865,2026-02-13T11:47:58Z,Other drawings (different format)/Axis,Other drawings (different format),V-53-1-0932,,OTHER_FORMAT_PDF,,,,ej hämtad,,IDENTICAL_IN_2_PLACES
1d07Bk-JKTRqDJraNY-l9QEQPM0uDOnA-,"Drawings/Other drawings (different format)/Axis/V53-1-0934 - Plan B1, Del 34, Spillvattenanläggning.pdf","V53-1-0934 - Plan B1, Del 34, Spillvattenanläggning.pdf",pdf,application/pdf,178633,2026-02-13T11:47:58Z,Other drawings (different format)/Axis,Other drawings (different format),V-53-1-0934,,OTHER_FORMAT_PDF,,,,ej hämtad,,IDENTICAL_IN_2_PLACES
1oKdsPO6DvJnRnKku4EXIx-viKahcXZFw,"Drawings/Other drawings (different format)/Axis/V53-1-1821 - Plan 09, Del 21, Spillvattenanläggning.pdf","V53-1-1821 - Plan 09, Del 21, Spillvattenanläggning.pdf",pdf,application/pdf,127619,2026-02-13T11:50:42Z,Other drawings (different format)/Axis,Other drawings (different format),V-53-1-1821,,OTHER_FORMAT_PDF,,,,ej hämtad,,IDENTICAL_IN_2_PLACES
1L555gCwnoc18pkK0ry-s5ZVGd_vhueQa,"Drawings/Other drawings (different format)/Axis/V53-1-1532 - Plan 06, Del 32, Spillvattenanläggning.pdf","V53-1-1532 - Plan 06, Del 32, Spillvattenanläggning.pdf",pdf,application/pdf,180268,2026-02-13T11:49:56Z,Other drawings (different format)/Axis,Other drawings (different format),V-53-1-1532,,OTHER_FORMAT_PDF,,,,ej hämtad,,IDENTICAL_IN_2_PLACES
1kDIvbPZmSGH3nsi-iJ21JmTl49CcDSa2,"Drawings/Other drawings (different format)/Axis/V50-1-0813 - Plan B2, Del 13, Värme & Sanitäranlägg-.pdf","V50-1-0813 - Plan B2, Del 13, Värme & Sanitäranlägg-.pdf",pdf,application/pdf,126187,2026-02-13T11:47:16Z,Other drawings (different format)/Axis,Other drawings (different format),V-50-1-0813,,OTHER_FORMAT_PDF,,,,ej hämtad,,IDENTICAL_IN_2_PLACES
1azu9Ir-NJv4zUuHDatiDHIWAsK3UQ36S,"Drawings/Other drawings (different format)/Axis/V53-1-0922 - Plan B1, Del 22, Spillvattenanläggning.pdf","V53-1-0922 - Plan B1, Del 22, Spillvattenanläggning.pdf",pdf,application/pdf,109037,2026-02-13T11:47:58Z,Other drawings (different format)/Axis,Other drawings (different format),V-53-1-0922,,OTHER_FORMAT_PDF,,,,ej hämtad,,IDENTICAL_IN_2_PLACES
1kRK1aJ8hxxE_GM8l4n346P_rvLN7ktuN,"Drawings/Other drawings (different format)/Axis/V50-1-1112 - Plan 02, Del 12, Värme & Sanitäranlägg-.pdf","V50-1-1112 - Plan 02, Del 12, Värme & Sanitäranlägg-.pdf",pdf,application/pdf,310341,2026-02-13T12:11:02Z,Other drawings (different format)/Axis,Other drawings (different format),V-50-1-1112,,OTHER_FORMAT_PDF,,,,ej hämtad,,IDENTICAL_IN_2_PLACES
1Xk0AlDkgU_AUGWvx24rPB2W4TkKPMXen,"Drawings/Other drawings (different format)/Axis/V50-1-1924 - Plan 10, Del 24, Värme & Sanitäranlägg-.pdf","V50-1-1924 - Plan 10, Del 24, Värme & Sanitäranlägg-.pdf",pdf,application/pdf,197562,2026-02-13T12:11:02Z,Other drawings (different format)/Axis,Other drawings (different format),V-50-1-1924,,OTHER_FORMAT_PDF,,,,ej hämtad,,IDENTICAL_IN_2_PLACES
1gTxwgoXGKyrMGqFIHt0uSOLcg1lebHSs,"Drawings/Other drawings (different format)/Axis/V50-1-1421 - Plan 05, Del 21, Värme & Sanitäranlägg-.pdf","V50-1-1421 - Plan 05, Del 21, Värme & Sanitäranlägg-.pdf",pdf,application/pdf,298291,2026-02-13T11:49:32Z,Other drawings (different format)/Axis,Other drawings (different format),V-50-1-1421,,OTHER_FORMAT_PDF,,,,ej hämtad,,IDENTICAL_IN_2_PLACES
1EjnqHTIDxzF5s2Uxg-vOOLLUtQclNJnx,"Drawings/Other drawings (different format)/Axis/V50-1-1341 - Plan 04, Del 41, Värme & Sanitäranlägg-.pdf","V50-1-1341 - Plan 04, Del 41, Värme & Sanitäranlägg-.pdf",pdf,application/pdf,215034,2026-02-13T11:49:14Z,Other drawings (different format)/Axis,Other drawings (different format),V-50-1-1341,,OTHER_FORMAT_PDF,,,,ej hämtad,,IDENTICAL_IN_2_PLACES
1cvRXs-iWJ4rrIbxFNrggTfv45Y2yMQPL,"Drawings/Other drawings (different format)/Axis/V53-1-1742 - Plan 08, Del 42, Spillvattenanläggning.pdf","V53-1-1742 - Plan 08, Del 42, Spillvattenanläggning.pdf",pdf,application/pdf,222827,2026-02-13T11:50:26Z,Other drawings (different format)/Axis,Other drawings (different format),V-53-1-1742,,OTHER_FORMAT_PDF,,,,ej hämtad,,IDENTICAL_IN_2_PLACES
1Z4ONTk_0_7waHK6HbhHXoefSWX9aOCrf,"Drawings/Other drawings (different format)/Axis/V50-1-1121 - Plan 02, Del 21, Värme & Sanitäranlägg-.pdf","V50-1-1121 - Plan 02, Del 21, Värme & Sanitäranlägg-.pdf",pdf,application/pdf,307814,2026-02-13T11:48:38Z,Other drawings (different format)/Axis,Other drawings (different format),V-50-1-1121,,OTHER_FORMAT_PDF,,,,ej hämtad,,IDENTICAL_IN_2_PLACES
1ssFJ1jcWP00DVuz9sJwKtnkBbW2OWzCW,"Drawings/Other drawings (different format)/Axis/V50-1-1041 - Plan 01, Del 41, Värme & Sanitäranlägg-.pdf","V50-1-1041 - Plan 01, Del 41, Värme & Sanitäranlägg-.pdf",pdf,application/pdf,237475,2026-02-13T11:48:10Z,Other drawings (different format)/Axis,Other drawings (different format),V-50-1-1041,,OTHER_FORMAT_PDF,,,,ej hämtad,,IDENTICAL_IN_2_PLACES
1a28ZFrQI_iMmfmbGv4DuT5Pr2RGWrpGK,"Drawings/Other drawings (different format)/Axis/V50-1-1541 - Plan 06, Del 41, Värme & Sanitäranlägg-.pdf","V50-1-1541 - Plan 06, Del 41, Värme & Sanitäranlägg-.pdf",pdf,application/pdf,184045,2026-02-13T11:49:48Z,Other drawings (different format)/Axis,Other drawings (different format),V-50-1-1541,,OTHER_FORMAT_PDF,,,,ej hämtad,,IDENTICAL_IN_2_PLACES
1yFZe9-u8BH6FwM06KpSEbfo2PUgcY8Zu,"Drawings/Other drawings (different format)/Axis/V50-1-0924 - Plan B1, Del 24, Värme & Sanitäranlägg-.pdf","V50-1-0924 - Plan B1, Del 24, Värme & Sanitäranlägg-.pdf",pdf,application/pdf,140832,2026-02-13T11:47:48Z,Other drawings (different format)/Axis,Other drawings (different format),V-50-1-0924,,OTHER_FORMAT_PDF,,,,ej hämtad,,IDENTICAL_IN_2_PLACES
1tGkS2oT_PLz6fsJQhLg8aRNXgt0g4XjF,"Drawings/Other drawings (different format)/Axis/V50-1-0844 - Plan B2, Del 44, Värme & Sanitäranlägg-.pdf","V50-1-0844 - Plan B2, Del 44, Värme & Sanitäranlägg-.pdf",pdf,application/pdf,175371,2026-02-13T11:47:16Z,Other drawings (different format)/Axis,Other drawings (different format),V-50-1-0844,,OTHER_FORMAT_PDF,DEVELOPMENT,"styles/Ritningar/V50-1-0844 - Plan B2, Del 44, Värme & Sanitäranlägg-.pdf",f7bdd88e16df03175e84dc5865b8c9042f7d536bfb00c7a9e18fd1ebd9a98de8,"lokal kopia, samma storlek och typ",NO_ANNOTATIONS ID_IN_SHEET_TEXT,IDENTICAL_IN_3_PLACES
1pdkkIlwQzfP1jm8I6RyYQGLRQuZtoyCY,"Drawings/Other drawings (different format)/Axis/V50-1-1443 - Plan 05, Del 43, Värme & Sanitäranlägg-.pdf","V50-1-1443 - Plan 05, Del 43, Värme & Sanitäranlägg-.pdf",pdf,application/pdf,261510,2026-02-13T11:49:32Z,Other drawings (different format)/Axis,Other drawings (different format),V-50-1-1443,,OTHER_FORMAT_PDF,,,,ej hämtad,,IDENTICAL_IN_2_PLACES
1QB5g6aEDT-w5EBxT6vHdzbUV9C6L8Nog,"Drawings/Other drawings (different format)/Axis/V50-1-1332 - Plan 04, Del 32, Värme & Sanitäranlägg-.pdf","V50-1-1332 - Plan 04, Del 32, Värme & Sanitäranlägg-.pdf",pdf,application/pdf,263948,2026-02-13T11:49:14Z,Other drawings (different format)/Axis,Other drawings (different format),V-50-1-1332,,OTHER_FORMAT_PDF,,,,ej hämtad,,IDENTICAL_IN_2_PLACES
1S1GTE-GJppy_UXj8-AbxGkYyT-D2PrBI,"Drawings/Other drawings (different format)/Axis/V50-1-1523 - Plan 06, Del 23, Värme & Sanitäranlägg-.pdf","V50-1-1523 - Plan 06, Del 23, Värme & Sanitäranlägg-.pdf",pdf,application/pdf,212459,2026-02-13T11:49:48Z,Other drawings (different format)/Axis,Other drawings (different format),V-50-1-1523,,OTHER_FORMAT_PDF,,,,ej hämtad,,IDENTICAL_IN_2_PLACES
1_j5vxxi3mv2rkm0YGQ57qKfJB-cSqgob,"Drawings/Other drawings (different format)/Axis/V50-1-1532 - Plan 06, Del 32, Värme & Sanitäranlägg-.pdf","V50-1-1532 - Plan 06, Del 32, Värme & Sanitäranlägg-.pdf",pdf,application/pdf,211326,2026-02-13T11:49:48Z,Other drawings (different format)/Axis,Other drawings (different format),V-50-1-1532,,OTHER_FORMAT_PDF,,,,ej hämtad,,IDENTICAL_IN_2_PLACES
1o5Ax2pE1WQZMn8r9c_76R1oOIekRlx6O,"Drawings/Other drawings (different format)/Axis/V50-1-1143 - Plan 02, Del 43, Värme & Sanitäranlägg-.pdf","V50-1-1143 - Plan 02, Del 43, Värme & Sanitäranlägg-.pdf",pdf,application/pdf,290028,2026-02-13T11:48:38Z,Other drawings (different format)/Axis,Other drawings (different format),V-50-1-1143,,OTHER_FORMAT_PDF,,,,ej hämtad,,IDENTICAL_IN_2_PLACES
19kf7tknpYttI9FR7EkNZ99yw5Z2GNRZu,"Drawings/Other drawings (different format)/Axis/V50-1-1032 - Plan 01, Del 32, Värme & Sanitäranlägg-.pdf","V50-1-1032 - Plan 01, Del 32, Värme & Sanitäranlägg-.pdf",pdf,application/pdf,230383,2026-02-13T11:48:10Z,Other drawings (different format)/Axis,Other drawings (different format),V-50-1-1032,,OTHER_FORMAT_PDF,,,,ej hämtad,,IDENTICAL_IN_2_PLACES
1V-agaaunyaUyGSzUVoaSkG35f7y7-_PV,"Drawings/Other drawings (different format)/Axis/V50-1-1023 - Plan 01, Del 23, Värme & Sanitäranlägg-.pdf","V50-1-1023 - Plan 01, Del 23, Värme & Sanitäranlägg-.pdf",pdf,application/pdf,253267,2026-02-13T11:48:10Z,Other drawings (different format)/Axis,Other drawings (different format),V-50-1-1023,,OTHER_FORMAT_PDF,,,,ej hämtad,,IDENTICAL_IN_2_PLACES
15VG_N5vq4GA8GLfib6gla8NiPGdDpRiM,"Drawings/Other drawings (different format)/Axis/V50-1-1234 - Plan 03, Del 34, Värme & Sanitäranlägg-.pdf","V50-1-1234 - Plan 03, Del 34, Värme & Sanitäranlägg-.pdf",pdf,application/pdf,259198,2026-02-13T11:49:00Z,Other drawings (different format)/Axis,Other drawings (different format),V-50-1-1234,,OTHER_FORMAT_PDF,,,,ej hämtad,,IDENTICAL_IN_2_PLACES
1PbZYdYzg4L3akJpNuDm_Afgp7zB458ix,"Drawings/Other drawings (different format)/Axis/V50-1-1323 - Plan 04, Del 23, Värme & Sanitäranlägg-.pdf","V50-1-1323 - Plan 04, Del 23, Värme & Sanitäranlägg-.pdf",pdf,application/pdf,208305,2026-02-13T11:49:14Z,Other drawings (different format)/Axis,Other drawings (different format),V-50-1-1323,,OTHER_FORMAT_PDF,,,,ej hämtad,,IDENTICAL_IN_2_PLACES
1fh-k6K9wBpzYdxRqWjKK_kvd_PwmeT6F,"Drawings/Other drawings (different format)/Axis/V50-1-1213 - Plan 03, Del 13, Värme & Sanitäranlägg-.pdf","V50-1-1213 - Plan 03, Del 13, Värme & Sanitäranlägg-.pdf",pdf,application/pdf,185680,2026-02-13T11:49:00Z,Other drawings (different format)/Axis,Other drawings (different format),V-50-1-1213,,OTHER_FORMAT_PDF,,,,ej hämtad,,IDENTICAL_IN_2_PLACES
11XqYFfC2nh5FIvX7ctj6rCNQGyw3qPOe,"Drawings/Other drawings (different format)/Axis/V50-1-1742 - Plan 08, Del 42, Värme & Sanitäranlägg-.pdf","V50-1-1742 - Plan 08, Del 42, Värme & Sanitäranlägg-.pdf",pdf,application/pdf,262460,2026-02-13T12:11:02Z,Other drawings (different format)/Axis,Other drawings (different format),V-50-1-1742,,OTHER_FORMAT_PDF,,,,ej hämtad,,IDENTICAL_IN_2_PLACES
1YKVG7a7T94tGTWBc7QEMWGtLwPvlGxJl,"Drawings/Other drawings (different format)/Axis/V50-1-1842 - Plan 09, Del 42, Värme & Sanitäranlägg-.pdf","V50-1-1842 - Plan 09, Del 42, Värme & Sanitäranlägg-.pdf",pdf,application/pdf,267964,2026-02-13T12:11:02Z,Other drawings (different format)/Axis,Other drawings (different format),V-50-1-1842,,OTHER_FORMAT_PDF,,,,ej hämtad,,IDENTICAL_IN_2_PLACES
1q2K2TDa1BfmX11y4-8gz0cP2_R91UGkA,"Drawings/Other drawings (different format)/Axis/V50-1-0841 - Plan B2, Del 41, Värme & Sanitäranlägg-.pdf","V50-1-0841 - Plan B2, Del 41, Värme & Sanitäranlägg-.pdf",pdf,application/pdf,249211,2026-02-13T11:47:16Z,Other drawings (different format)/Axis,Other drawings (different format),V-50-1-0841,,OTHER_FORMAT_PDF,DEVELOPMENT,"styles/Ritningar/V50-1-0841 - Plan B2, Del 41, Värme & Sanitäranlägg-.pdf",79699fa23d3d75d853b6d8766a8da246a7cfb08d3b553c3a2068fe4837433f5b,"lokal kopia, samma storlek och typ",NO_ANNOTATIONS ID_IN_SHEET_TEXT,IDENTICAL_IN_3_PLACES
13X8ijD0a8yAaSQtFb5vBY111CClSj9sG,"Drawings/Other drawings (different format)/Axis/V50-1-0912 - Plan B1, Del 12, Värme & Sanitäranlägg-.pdf","V50-1-0912 - Plan B1, Del 12, Värme & Sanitäranlägg-.pdf",pdf,application/pdf,263704,2026-02-13T11:47:48Z,Other drawings (different format)/Axis,Other drawings (different format),V-50-1-0912,,OTHER_FORMAT_PDF,,,,ej hämtad,,IDENTICAL_IN_2_PLACES
1dxqFvSRRjdGBcqIFOO0oc5lJqsXGvfqZ,"Drawings/Other drawings (different format)/Axis/V50-1-0921 - Plan B1, Del 21, Värme & Sanitäranlägg-.pdf","V50-1-0921 - Plan B1, Del 21, Värme & Sanitäranlägg-.pdf",pdf,application/pdf,198111,2026-02-13T11:47:48Z,Other drawings (different format)/Axis,Other drawings (different format),V-50-1-0921,,OTHER_FORMAT_PDF,,,,ej hämtad,,IDENTICAL_IN_2_PLACES
1aoApZFw2qGxT5Lj9NgSI7h5oRyzcHGFB,"Drawings/Other drawings (different format)/Axis/V50-1-0832 - Plan B2, Del 32, Värme & Sanitäranlägg-.pdf","V50-1-0832 - Plan B2, Del 32, Värme & Sanitäranlägg-.pdf",pdf,application/pdf,214528,2026-02-13T11:47:16Z,Other drawings (different format)/Axis,Other drawings (different format),V-50-1-0832,,OTHER_FORMAT_PDF,DEVELOPMENT,"styles/Ritningar/V50-1-0832 - Plan B2, Del 32, Värme & Sanitäranlägg-.pdf",0f47672b0ab3b5af1e0a2aa2daa04cd62057077c2642ba0293ec938f19651c7a,"lokal kopia, samma storlek och typ",NO_ANNOTATIONS ID_IN_SHEET_TEXT,IDENTICAL_IN_3_PLACES
1zTVr8GR1mRrOwl5i_c17DxpKiXy0bLZc,"Drawings/Other drawings (different format)/Axis/V50-1-0943 - Plan B1, Del 43, Värme & Sanitäranlägg-.pdf","V50-1-0943 - Plan B1, Del 43, Värme & Sanitäranlägg-.pdf",pdf,application/pdf,194340,2026-02-13T11:47:48Z,Other drawings (different format)/Axis,Other drawings (different format),V-50-1-0943,,OTHER_FORMAT_PDF,,,,ej hämtad,,IDENTICAL_IN_2_PLACES
1_ovorwWrgoT6if5D_dlwph1i7-edknH9,"Drawings/Other drawings (different format)/Axis/V50-1-0823 - Plan B2, Del 23, Värme & Sanitäranlägg-.pdf","V50-1-0823 - Plan B2, Del 23, Värme & Sanitäranlägg-.pdf",pdf,application/pdf,194620,2026-02-13T11:47:16Z,Other drawings (different format)/Axis,Other drawings (different format),V-50-1-0823,,OTHER_FORMAT_PDF,DEVELOPMENT,"styles/Ritningar/V50-1-0823 - Plan B2, Del 23, Värme & Sanitäranlägg-.pdf",41338fec7a6f4426922ab435fb25fa7a2bfa96de5b833c84567ad9591a014923,"lokal kopia, samma storlek och typ",NO_ANNOTATIONS ID_IN_SHEET_TEXT,IDENTICAL_IN_3_PLACES
1tKlj5Na0hMrL4IhLu3lyRfwvWuzkU2nF,"Drawings/Other drawings (different format)/Axis/V50-1-1044 - Plan 01, Del 44, Värme & Sanitäranlägg-.pdf","V50-1-1044 - Plan 01, Del 44, Värme & Sanitäranlägg-.pdf",pdf,application/pdf,168214,2026-02-13T11:48:12Z,Other drawings (different format)/Axis,Other drawings (different format),V-50-1-1044,,OTHER_FORMAT_PDF,,,,ej hämtad,,IDENTICAL_IN_2_PLACES
1Y6ImQzBUOwQ-qvIECbCr5jcNLOxrpo1O,"Drawings/Other drawings (different format)/Axis/V50-1-1621 - Plan 07, Del 21, Värme & Sanitäranlägg-.pdf","V50-1-1621 - Plan 07, Del 21, Värme & Sanitäranlägg-.pdf",pdf,application/pdf,373007,2026-02-13T11:50:04Z,Other drawings (different format)/Axis,Other drawings (different format),V-50-1-1621,,OTHER_FORMAT_PDF,,,,ej hämtad,,IDENTICAL_IN_2_PLACES
1YPVm5ZH12P2OV_1c41XekClMOaMekxF7,"Drawings/Other drawings (different format)/Axis/V50-1-1424 - Plan 05, Del 24, Värme & Sanitäranlägg-.pdf","V50-1-1424 - Plan 05, Del 24, Värme & Sanitäranlägg-.pdf",pdf,application/pdf,191619,2026-02-13T11:49:32Z,Other drawings (different format)/Axis,Other drawings (different format),V-50-1-1424,,OTHER_FORMAT_PDF,,,,ej hämtad,,IDENTICAL_IN_2_PLACES
1-XHG7po9QURzCVE8ETJPMlPAUNVsbdME,"Drawings/Other drawings (different format)/Axis/V50-1-1614 - Plan 07, Del 14, Värme & Sanitäranlägg-.pdf","V50-1-1614 - Plan 07, Del 14, Värme & Sanitäranlägg-.pdf",pdf,application/pdf,217594,2026-02-13T11:50:04Z,Other drawings (different format)/Axis,Other drawings (different format),V-50-1-1614,,OTHER_FORMAT_PDF,,,,ej hämtad,,IDENTICAL_IN_2_PLACES
1u2AoqZlaVNubDhNpUhrfqkqZvEGMNc0z,"Drawings/Other drawings (different format)/Axis/V50-1-1532 - Plan 06, Del 11, Värme & Sanitäranlägg-.pdf","V50-1-1532 - Plan 06, Del 11, Värme & Sanitäranlägg-.pdf",pdf,application/pdf,208503,2026-02-13T11:49:48Z,Other drawings (different format)/Axis,Other drawings (different format),V-50-1-1532,,OTHER_FORMAT_PDF,,,,ej hämtad,,IDENTICAL_IN_2_PLACES
1TrnAOJuRU9NeIed355aWmlxagqAXYiA-,"Drawings/Other drawings (different format)/Axis/V50-1-1544 - Plan 06, Del 44, Värme & Sanitäranlägg-.pdf","V50-1-1544 - Plan 06, Del 44, Värme & Sanitäranlägg-.pdf",pdf,application/pdf,191983,2026-02-13T11:49:50Z,Other drawings (different format)/Axis,Other drawings (different format),V-50-1-1544,,OTHER_FORMAT_PDF,,,,ej hämtad,,IDENTICAL_IN_2_PLACES
1ljn-M1uCmymax6v29NuUZf4oCzXW0z-u,"Drawings/Other drawings (different format)/Axis/V50-1-1124 - Plan 02, Del 24, Värme & Sanitäranlägg-.pdf","V50-1-1124 - Plan 02, Del 24, Värme & Sanitäranlägg-.pdf",pdf,application/pdf,196423,2026-02-13T11:48:38Z,Other drawings (different format)/Axis,Other drawings (different format),V-50-1-1124,,OTHER_FORMAT_PDF,,,,ej hämtad,,IDENTICAL_IN_2_PLACES
1mUKye8wFX5Ps6NeYTHE0vKo5qCXZ017f,"Drawings/Other drawings (different format)/Axis/V50-1-1411 - Plan 05, Del 11, Värme & Sanitäranlägg-.pdf","V50-1-1411 - Plan 05, Del 11, Värme & Sanitäranlägg-.pdf",pdf,application/pdf,170595,2026-02-13T11:49:32Z,Other drawings (different format)/Axis,Other drawings (different format),V-50-1-1411,,OTHER_FORMAT_PDF,,,,ej hämtad,,IDENTICAL_IN_2_PLACES
1MBNsdIsi4i_hvsgCp9a0Ra8ZTHuDhj-5,"Drawings/Other drawings (different format)/Axis/V50-1-1542 - Plan 06, Del 42, Värme & Sanitäranlägg-.pdf","V50-1-1542 - Plan 06, Del 42, Värme & Sanitäranlägg-.pdf",pdf,application/pdf,278942,2026-02-13T11:49:48Z,Other drawings (different format)/Axis,Other drawings (different format),V-50-1-1542,,OTHER_FORMAT_PDF,,,,ej hämtad,,IDENTICAL_IN_2_PLACES
1DXx_4aE7gWWCElWIYMK028h4jOptgcpo,"Drawings/Other drawings (different format)/Axis/V50-1-1342 - Plan 04, Del 42, Värme & Sanitäranlägg-.pdf","V50-1-1342 - Plan 04, Del 42, Värme & Sanitäranlägg-.pdf",pdf,application/pdf,269492,2026-02-13T11:49:14Z,Other drawings (different format)/Axis,Other drawings (different format),V-50-1-1342,,OTHER_FORMAT_PDF,,,,ej hämtad,,IDENTICAL_IN_2_PLACES
1Xtj-P9XpG-zsucFKDbgAC7K2f0cAH7C2,"Drawings/Other drawings (different format)/Axis/V50-1-1612 - Plan 07, Del 12, Värme & Sanitäranlägg-.pdf","V50-1-1612 - Plan 07, Del 12, Värme & Sanitäranlägg-.pdf",pdf,application/pdf,245405,2026-02-13T11:50:04Z,Other drawings (different format)/Axis,Other drawings (different format),V-50-1-1612,,OTHER_FORMAT_PDF,,,,ej hämtad,,IDENTICAL_IN_2_PLACES
1wyS__ieDFydXMC2q-CzEE_Mc4hsfhdf1,"Drawings/Other drawings (different format)/Axis/V50-1-1042 - Plan 01, Del 42, Värme & Sanitäranlägg-.pdf","V50-1-1042 - Plan 01, Del 42, Värme & Sanitäranlägg-.pdf",pdf,application/pdf,253903,2026-02-13T11:48:10Z,Other drawings (different format)/Axis,Other drawings (different format),V-50-1-1042,,OTHER_FORMAT_PDF,,,,ej hämtad,,IDENTICAL_IN_2_PLACES
1HV3zKjJiN9YL4d4oY2pGAjn8WMyOl44N,"Drawings/Other drawings (different format)/Axis/V50-1-1241 - Plan 03, Del 41, Värme & Sanitäranlägg-.pdf","V50-1-1241 - Plan 03, Del 41, Värme & Sanitäranlägg-.pdf",pdf,application/pdf,245178,2026-02-13T11:49:00Z,Other drawings (different format)/Axis,Other drawings (different format),V-50-1-1241,,OTHER_FORMAT_PDF,,,,ej hämtad,,IDENTICAL_IN_2_PLACES
1yUu0ZY6OaVZK7J6db0etupj7Fs2Lmmsm,"Drawings/Other drawings (different format)/Axis/V50-1-1422 - Plan 05, Del 22, Värme & Sanitäranlägg-.pdf","V50-1-1422 - Plan 05, Del 22, Värme & Sanitäranlägg-.pdf",pdf,application/pdf,173596,2026-02-13T11:49:32Z,Other drawings (different format)/Axis,Other drawings (different format),V-50-1-1422,,OTHER_FORMAT_PDF,,,,ej hämtad,,IDENTICAL_IN_2_PLACES
16y20ceadcAPztOpSlV7YwGWgaZqKLQz0,"Drawings/Other drawings (different format)/Axis/V50-1-1122 - Plan 02, Del 22, Värme & Sanitäranlägg-.pdf","V50-1-1122 - Plan 02, Del 22, Värme & Sanitäranlägg-.pdf",pdf,application/pdf,180494,2026-02-13T11:48:38Z,Other drawings (different format)/Axis,Other drawings (different format),V-50-1-1122,,OTHER_FORMAT_PDF,,,,ej hämtad,,IDENTICAL_IN_2_PLACES
1w9xddzd6_Qgcw0_u5aiKsjylBbrC7vb7,"Drawings/Other drawings (different format)/Axis/V50-1-1111 - Plan 02, Del 11, Värme & Sanitäranlägg-.pdf","V50-1-1111 - Plan 02, Del 11, Värme & Sanitäranlägg-.pdf",pdf,application/pdf,163402,2026-02-13T11:48:38Z,Other drawings (different format)/Axis,Other drawings (different format),V-50-1-1111,,OTHER_FORMAT_PDF,,,,ej hämtad,,IDENTICAL_IN_2_PLACES
1MF0JcAZhO8v4-B0uwet-_xfOCF6xHzwn,"Drawings/Other drawings (different format)/Axis/V50-1-0834 - Plan B2, Del 34, Värme & Sanitäranlägg-.pdf","V50-1-0834 - Plan B2, Del 34, Värme & Sanitäranlägg-.pdf",pdf,application/pdf,153054,2026-02-13T11:47:16Z,Other drawings (different format)/Axis,Other drawings (different format),V-50-1-0834,,OTHER_FORMAT_PDF,DEVELOPMENT,"styles/Ritningar/V50-1-0834 - Plan B2, Del 34, Värme & Sanitäranlägg-.pdf",d2215d48655e55801dc79cfaa67fdfa325f97e19e381a3405a2b4f5ad6741ffb,"lokal kopia, samma storlek och typ",NO_ANNOTATIONS ID_IN_SHEET_TEXT,IDENTICAL_IN_3_PLACES
1w-cNe13QD31y2af7RZp37iKvcKwaDyXY,"Drawings/Other drawings (different format)/Axis/V50-1-1223 - Plan 03, Del 23, Värme & Sanitäranlägg-.pdf","V50-1-1223 - Plan 03, Del 23, Värme & Sanitäranlägg-.pdf",pdf,application/pdf,225613,2026-02-13T11:49:00Z,Other drawings (different format)/Axis,Other drawings (different format),V-50-1-1223,,OTHER_FORMAT_PDF,,,,ej hämtad,,IDENTICAL_IN_2_PLACES
1ijRjgwU4pfwZrpYItRc-YJsOPBF3i03T,"Drawings/Other drawings (different format)/Axis/V50-1-1232 - Plan 03, Del 32, Värme & Sanitäranlägg-.pdf","V50-1-1232 - Plan 03, Del 32, Värme & Sanitäranlägg-.pdf",pdf,application/pdf,283720,2026-02-13T11:49:00Z,Other drawings (different format)/Axis,Other drawings (different format),V-50-1-1232,,OTHER_FORMAT_PDF,,,,ej hämtad,,IDENTICAL_IN_2_PLACES
1srwJZmKTmdlfa4JnIVW-_NjrUPauKJbJ,"Drawings/Other drawings (different format)/Axis/V50-1-1013 - Plan 01, Del 13, Värme & Sanitäranlägg-.pdf","V50-1-1013 - Plan 01, Del 13, Värme & Sanitäranlägg-.pdf",pdf,application/pdf,153888,2026-02-13T11:48:12Z,Other drawings (different format)/Axis,Other drawings (different format),V-50-1-1013,,OTHER_FORMAT_PDF,,,,ej hämtad,,IDENTICAL_IN_2_PLACES
1W0FgKmYxsrDt_srV_C3udXxAaJWkOmHY,"Drawings/Other drawings (different format)/Axis/V50-1-1513 - Plan 06, Del 13, Värme & Sanitäranlägg-.pdf","V50-1-1513 - Plan 06, Del 13, Värme & Sanitäranlägg-.pdf",pdf,application/pdf,189371,2026-02-13T11:49:50Z,Other drawings (different format)/Axis,Other drawings (different format),V-50-1-1513,,OTHER_FORMAT_PDF,,,,ej hämtad,,IDENTICAL_IN_2_PLACES
1T6cuaD_luzjM9sz2sQjlnCLL4mgF4j3h,"Drawings/Other drawings (different format)/Axis/V50-1-1844 - Plan 09, Del 44, Värme & Sanitäranlägg-.pdf","V50-1-1844 - Plan 09, Del 44, Värme & Sanitäranlägg-.pdf",pdf,application/pdf,153946,2026-02-13T11:50:34Z,Other drawings (different format)/Axis,Other drawings (different format),V-50-1-1844,,OTHER_FORMAT_PDF,,,,ej hämtad,,IDENTICAL_IN_2_PLACES
1tnzZcHtN_539g_7ft1VblixvLpCvh8cu,"Drawings/Other drawings (different format)/Axis/V50-1-1744 - Plan 08, Del 44, Värme & Sanitäranlägg-.pdf","V50-1-1744 - Plan 08, Del 44, Värme & Sanitäranlägg-.pdf",pdf,application/pdf,212146,2026-02-13T11:50:16Z,Other drawings (different format)/Axis,Other drawings (different format),V-50-1-1744,,OTHER_FORMAT_PDF,,,,ej hämtad,,IDENTICAL_IN_2_PLACES
1XVby0z8aoltJf2iB2BqRGI2tTFoNSM8G,"Drawings/Other drawings (different format)/Axis/V50-1-1313 - Plan 04, Del 13, Värme & Sanitäranlägg-.pdf","V50-1-1313 - Plan 04, Del 13, Värme & Sanitäranlägg-.pdf",pdf,application/pdf,185914,2026-02-13T11:49:14Z,Other drawings (different format)/Axis,Other drawings (different format),V-50-1-1313,,OTHER_FORMAT_PDF,,,,ej hämtad,,IDENTICAL_IN_2_PLACES
16h4tSRh9Rh8r_FYL1dalNxHt0mVyR9aF,"Drawings/Other drawings (different format)/Axis/V50-1-0914 - Plan B1, Del 14, Värme & Sanitäranlägg-.pdf","V50-1-0914 - Plan B1, Del 14, Värme & Sanitäranlägg-.pdf",pdf,application/pdf,160110,2026-02-13T11:47:48Z,Other drawings (different format)/Axis,Other drawings (different format),V-50-1-0914,,OTHER_FORMAT_PDF,,,,ej hämtad,,IDENTICAL_IN_2_PLACES
1OUe0kwhGep1ITd5DvibcK55saoXIikB4,"Drawings/Other drawings (different format)/Axis/V53-1-1422 - Plan 05, Del 22, Spillvattenanläggning.pdf","V53-1-1422 - Plan 05, Del 22, Spillvattenanläggning.pdf",pdf,application/pdf,140602,2026-02-13T11:49:40Z,Other drawings (different format)/Axis,Other drawings (different format),V-53-1-1422,,OTHER_FORMAT_PDF,,,,ej hämtad,,IDENTICAL_IN_2_PLACES
14GFjW7CWt1IvgcUvuMjqkueIl1jSxRBZ,"Drawings/Other drawings (different format)/Axis/V53-1-1522 - Plan 06, Del 22, Spillvattenanläggning.pdf","V53-1-1522 - Plan 06, Del 22, Spillvattenanläggning.pdf",pdf,application/pdf,142350,2026-02-13T11:49:56Z,Other drawings (different format)/Axis,Other drawings (different format),V-53-1-1522,,OTHER_FORMAT_PDF,,,,ej hämtad,,IDENTICAL_IN_2_PLACES
13At4XVz6kfhYSPVpaLhXl_f94YFjuA4j,"Drawings/Other drawings (different format)/Axis/V53-1-1432 - Plan 05, Del 32, Spillvattenanläggning.pdf","V53-1-1432 - Plan 05, Del 32, Spillvattenanläggning.pdf",pdf,application/pdf,195234,2026-02-13T11:49:40Z,Other drawings (different format)/Axis,Other drawings (different format),V-53-1-1432,,OTHER_FORMAT_PDF,,,,ej hämtad,,IDENTICAL_IN_2_PLACES
1iSdHZPV9Dvn_uzvayk_d6_sSfxLJiFJK,"Drawings/Other drawings (different format)/Axis/V53-1-0924 - Plan B1, Del 24, Spillvattenanläggning.pdf","V53-1-0924 - Plan B1, Del 24, Spillvattenanläggning.pdf",pdf,application/pdf,142438,2026-02-13T11:47:58Z,Other drawings (different format)/Axis,Other drawings (different format),V-53-1-0924,,OTHER_FORMAT_PDF,,,,ej hämtad,,IDENTICAL_IN_2_PLACES
1pbazNcRNUDWG3F0hMCIistOYzy2zVMhn,"Drawings/Other drawings (different format)/Axis/V53-1-1344 - Plan 04, Del 44, Spillvattenanläggning.pdf","V53-1-1344 - Plan 04, Del 44, Spillvattenanläggning.pdf",pdf,application/pdf,138373,2026-02-13T11:49:22Z,Other drawings (different format)/Axis,Other drawings (different format),V-53-1-1344,,OTHER_FORMAT_PDF,,,,ej hämtad,,IDENTICAL_IN_2_PLACES
1e3NyJUwv8ASg-GrLITet1YaUA6uYWsni,"Drawings/Other drawings (different format)/Axis/V53-1-1044 - Plan 01, Del 44, Spillvattenanläggning.pdf","V53-1-1044 - Plan 01, Del 44, Spillvattenanläggning.pdf",pdf,application/pdf,141474,2026-02-13T11:48:18Z,Other drawings (different format)/Axis,Other drawings (different format),V-53-1-1044,,OTHER_FORMAT_PDF,,,,ej hämtad,,IDENTICAL_IN_2_PLACES
1wM68te4uxzJAXrtfPXyx62xLflwU3ULb,"Drawings/Other drawings (different format)/Axis/V53-1-1232 - Plan 03, Del 32, Spillvattenanläggning.pdf","V53-1-1232 - Plan 03, Del 32, Spillvattenanläggning.pdf",pdf,application/pdf,204354,2026-02-13T11:49:06Z,Other drawings (different format)/Axis,Other drawings (different format),V-53-1-1232,,OTHER_FORMAT_PDF,,,,ej hämtad,,IDENTICAL_IN_2_PLACES
1_kwmUJ4COgdY0b215BIqa7dZZUVZvDH2,"Drawings/Other drawings (different format)/Axis/V53-1-1144 - Plan 02, Del 44, Spillvattenanläggning.pdf","V53-1-1144 - Plan 02, Del 44, Spillvattenanläggning.pdf",pdf,application/pdf,163110,2026-02-13T11:48:46Z,Other drawings (different format)/Axis,Other drawings (different format),V-53-1-1144,,OTHER_FORMAT_PDF,,,,ej hämtad,,IDENTICAL_IN_2_PLACES
1J1d5VRqOKqPX3TafeJXUH5DjSbONewOX,"Drawings/Other drawings (different format)/Axis/V53-1-1222 - Plan 03, Del 22, Spillvattenanläggning.pdf","V53-1-1222 - Plan 03, Del 22, Spillvattenanläggning.pdf",pdf,application/pdf,138988,2026-02-13T11:49:06Z,Other drawings (different format)/Axis,Other drawings (different format),V-53-1-1222,,OTHER_FORMAT_PDF,,,,ej hämtad,,IDENTICAL_IN_2_PLACES
1jQMXDj3MJAV0qDjHxKG6sRV8uQ9NUUCg,"Drawings/Other drawings (different format)/Axis/V53-1-1814 - Plan 09, Del 14, Spillvattenanläggning.pdf","V53-1-1814 - Plan 09, Del 14, Spillvattenanläggning.pdf",pdf,application/pdf,118753,2026-02-13T11:50:42Z,Other drawings (different format)/Axis,Other drawings (different format),V-53-1-1814,,OTHER_FORMAT_PDF,,,,ej hämtad,,IDENTICAL_IN_2_PLACES
133IWviS7bs2lyWTPqkLPWR4x1vOZ6UKR,"Drawings/Other drawings (different format)/Axis/V53-1-0911 - Plan B1, Del 11, Spillvattenanläggning.pdf","V53-1-0911 - Plan B1, Del 11, Spillvattenanläggning.pdf",pdf,application/pdf,120340,2026-02-13T11:47:58Z,Other drawings (different format)/Axis,Other drawings (different format),V-53-1-0911,,OTHER_FORMAT_PDF,,,,ej hämtad,,IDENTICAL_IN_2_PLACES
1PErluHJSh-BeTUvgxxVLw7xO7JGIIkdY,"Drawings/Other drawings (different format)/Axis/V53-1-0941 - Plan B1, Del 41, Spillvattenanläggning.pdf","V53-1-0941 - Plan B1, Del 41, Spillvattenanläggning.pdf",pdf,application/pdf,115577,2026-02-13T11:47:58Z,Other drawings (different format)/Axis,Other drawings (different format),V-53-1-0941,,OTHER_FORMAT_PDF,,,,ej hämtad,,IDENTICAL_IN_2_PLACES
1uF3YKTvrPk1blOaE9B89sV4AWcEwV0zb,"Drawings/Other drawings (different format)/Axis/V53-1-1114 - Plan 02, Del 14, Spillvattenanläggning.pdf","V53-1-1114 - Plan 02, Del 14, Spillvattenanläggning.pdf",pdf,application/pdf,559209,2026-02-13T12:11:02Z,Other drawings (different format)/Axis,Other drawings (different format),V-53-1-1114,,OTHER_FORMAT_PDF,,,,ej hämtad,,IDENTICAL_IN_2_PLACES
1EDqMdkCru5opMR13DuSH_Mj9uwYWg841,"Drawings/Other drawings (different format)/Axis/V53-1-1014 - Plan 01, Del 14, Spillvattenanläggning.pdf","V53-1-1014 - Plan 01, Del 14, Spillvattenanläggning.pdf",pdf,application/pdf,177592,2026-02-13T12:11:02Z,Other drawings (different format)/Axis,Other drawings (different format),V-53-1-1014,,OTHER_FORMAT_PDF,,,,ej hämtad,,IDENTICAL_IN_2_PLACES
12Q2dAFCZHvpTN-F0qmW2WokVT6x0WLEq,"Drawings/Other drawings (different format)/Axis/V53-1-2024 - Plan 11, Del 24, Spillvattenanläggning.pdf","V53-1-2024 - Plan 11, Del 24, Spillvattenanläggning.pdf",pdf,application/pdf,137940,2026-02-13T12:11:02Z,Other drawings (different format)/Axis,Other drawings (different format),V-53-1-2024,,OTHER_FORMAT_PDF,,,,ej hämtad,,IDENTICAL_IN_2_PLACES
1DdyUxPbWXNXrPHP6jFmuQhardT4bQM_i,"Drawings/Other drawings (different format)/Axis/V53-1-1621 - Plan 07, Del 21, Spillvattenanläggning.pdf","V53-1-1621 - Plan 07, Del 21, Spillvattenanläggning.pdf",pdf,application/pdf,258890,2026-02-13T11:50:10Z,Other drawings (different format)/Axis,Other drawings (different format),V-53-1-1621,,OTHER_FORMAT_PDF,,,,ej hämtad,,IDENTICAL_IN_2_PLACES
1-WaJBjkfuHWhpTcHoHXdr0pZv81Vw2e1,"Drawings/Other drawings (different format)/Axis/V53-1-1321 - Plan 04, Del 21, Spillvattenanläggning.pdf","V53-1-1321 - Plan 04, Del 21, Spillvattenanläggning.pdf",pdf,application/pdf,215159,2026-02-13T11:49:22Z,Other drawings (different format)/Axis,Other drawings (different format),V-53-1-1321,,OTHER_FORMAT_PDF,,,,ej hämtad,,IDENTICAL_IN_2_PLACES
1oFjZjs1UfeGD181tCg59SuE_mDXjBW0P,"Drawings/Other drawings (different format)/Axis/V53-1-1223 - Plan 03, Del 23, Spillvattenanläggning.pdf","V53-1-1223 - Plan 03, Del 23, Spillvattenanläggning.pdf",pdf,application/pdf,167012,2026-02-13T11:49:06Z,Other drawings (different format)/Axis,Other drawings (different format),V-53-1-1223,,OTHER_FORMAT_PDF,,,,ej hämtad,,IDENTICAL_IN_2_PLACES
15O7Lbn_P5gt3lJ_mgzxZEhgLa-mOt7sl,"Drawings/Other drawings (different format)/Axis/V53-1-0812 - Plan B2, Del 12, Spillvattenanläggning, ÖG.pdf","V53-1-0812 - Plan B2, Del 12, Spillvattenanläggning, ÖG.pdf",pdf,application/pdf,229211,2026-02-13T11:47:26Z,Other drawings (different format)/Axis,Other drawings (different format),V-53-1-0812,,OTHER_FORMAT_PDF,,,,ej hämtad,,IDENTICAL_IN_2_PLACES
1CeaABl8HfP3VS-8oR_4prDwWSyaKaZjR,"Drawings/Other drawings (different format)/Axis/V53-1-1523 - Plan 06, Del 23, Spillvattenanläggning.pdf","V53-1-1523 - Plan 06, Del 23, Spillvattenanläggning.pdf",pdf,application/pdf,159641,2026-02-13T11:49:56Z,Other drawings (different format)/Axis,Other drawings (different format),V-53-1-1523,,OTHER_FORMAT_PDF,,,,ej hämtad,,IDENTICAL_IN_2_PLACES
1uarXcB_yGM32VB-agOv2O91N6_RJMKGn,"Drawings/Other drawings (different format)/Axis/V53-1-1021 - Plan 01, Del 21, Spillvattenanläggning.pdf","V53-1-1021 - Plan 01, Del 21, Spillvattenanläggning.pdf",pdf,application/pdf,243694,2026-02-13T12:11:02Z,Other drawings (different format)/Axis,Other drawings (different format),V-53-1-1021,,OTHER_FORMAT_PDF,,,,ej hämtad,,IDENTICAL_IN_2_PLACES
1kI7iWzSbLWgXomrRPLtppVRJPrd29ygu,"Drawings/Other drawings (different format)/Axis/V53-1-1121 - Plan 02, Del 21, Spillvattenanläggning.pdf","V53-1-1121 - Plan 02, Del 21, Spillvattenanläggning.pdf",pdf,application/pdf,308068,2026-02-13T12:11:02Z,Other drawings (different format)/Axis,Other drawings (different format),V-53-1-1121,,OTHER_FORMAT_PDF,,,,ej hämtad,,IDENTICAL_IN_2_PLACES
1Bk-KS4lQPu9mNikJ3P0GM79Kl-FCvcY5,"Drawings/Other drawings (different format)/Axis/V53-1-1614 - Plan 07, Del 14, Spillvattenanläggning.pdf","V53-1-1614 - Plan 07, Del 14, Spillvattenanläggning.pdf",pdf,application/pdf,268094,2026-02-13T11:50:10Z,Other drawings (different format)/Axis,Other drawings (different format),V-53-1-1614,,OTHER_FORMAT_PDF,,,,ej hämtad,,IDENTICAL_IN_2_PLACES
1-_dfaWipyhmpGN8elfIPq_21kQJi66lE,"Drawings/Other drawings (different format)/Axis/V53-1-1214 - Plan 03, Del 12, Spillvattenanläggning.pdf","V53-1-1214 - Plan 03, Del 12, Spillvattenanläggning.pdf",pdf,application/pdf,225828,2026-02-13T11:49:06Z,Other drawings (different format)/Axis,Other drawings (different format),V-53-1-1214,,OTHER_FORMAT_PDF,,,,ej hämtad,,IDENTICAL_IN_2_PLACES
1ZdjTP1vYdxKIRdXveQeSKH2-zaho9e9D,"Drawings/Other drawings (different format)/Axis/V53-1-1314 - Plan 04, Del 14, Spillvattenanläggning.pdf","V53-1-1314 - Plan 04, Del 14, Spillvattenanläggning.pdf",pdf,application/pdf,213159,2026-02-13T11:49:22Z,Other drawings (different format)/Axis,Other drawings (different format),V-53-1-1314,,OTHER_FORMAT_PDF,,,,ej hämtad,,IDENTICAL_IN_2_PLACES
1cntiXklU1G67lNmdjItYOQPoTJ5wo5qV,"Drawings/Other drawings (different format)/Axis/V53-1-1612 - Plan 07, Del 12, Spillvattenanläggning.pdf","V53-1-1612 - Plan 07, Del 12, Spillvattenanläggning.pdf",pdf,application/pdf,182848,2026-02-13T11:50:10Z,Other drawings (different format)/Axis,Other drawings (different format),V-53-1-1612,,OTHER_FORMAT_PDF,,,,ej hämtad,,IDENTICAL_IN_2_PLACES
1z8sY1SF9jGIRovNDB7fWg475bm_GkcjK,"Drawings/Other drawings (different format)/Axis/V53-1-1712 - Plan 08, Del 12, Spillvattenanläggning.pdf","V53-1-1712 - Plan 08, Del 12, Spillvattenanläggning.pdf",pdf,application/pdf,182199,2026-02-13T11:50:26Z,Other drawings (different format)/Axis,Other drawings (different format),V-53-1-1712,,OTHER_FORMAT_PDF,,,,ej hämtad,,IDENTICAL_IN_2_PLACES
1zr1F412QeIBloIXSwYly5F2ZSfc4-c65,"Drawings/Other drawings (different format)/Axis/V53-1-0842 - Plan B2, Del 42, Spillvattenanläggning, ÖG.pdf","V53-1-0842 - Plan B2, Del 42, Spillvattenanläggning, ÖG.pdf",pdf,application/pdf,188185,2026-02-13T11:47:26Z,Other drawings (different format)/Axis,Other drawings (different format),V-53-1-0842,,OTHER_FORMAT_PDF,,,,ej hämtad,,IDENTICAL_IN_2_PLACES
1RhAp6zWdiLRj2LMksyFmToainEeg3FTf,"Drawings/Other drawings (different format)/Axis/V53-1-1714 - Plan 08, Del 14, Spillvattenanläggning.pdf","V53-1-1714 - Plan 08, Del 14, Spillvattenanläggning.pdf",pdf,application/pdf,149223,2026-02-13T11:50:26Z,Other drawings (different format)/Axis,Other drawings (different format),V-53-1-1714,,OTHER_FORMAT_PDF,,,,ej hämtad,,IDENTICAL_IN_2_PLACES
1ufFU1g0EABMd-zy2HK9xuGk1Yv0eSO-E,"Drawings/Other drawings (different format)/Axis/V53-1-1343 - Plan 04, Del 43, Spillvattenanläggning.pdf","V53-1-1343 - Plan 04, Del 43, Spillvattenanläggning.pdf",pdf,application/pdf,195962,2026-02-13T11:49:22Z,Other drawings (different format)/Axis,Other drawings (different format),V-53-1-1343,,OTHER_FORMAT_PDF,,,,ej hämtad,,IDENTICAL_IN_2_PLACES
1M645qR2dNifDfD-L6j9N0KyVM4HgNzlS,"Drawings/Other drawings (different format)/Axis/V53-1-1241 - Plan 03, Del 41, Spillvattenanläggning.pdf","V53-1-1241 - Plan 03, Del 41, Spillvattenanläggning.pdf",pdf,application/pdf,173412,2026-02-13T11:49:06Z,Other drawings (different format)/Axis,Other drawings (different format),V-53-1-1241,,OTHER_FORMAT_PDF,,,,ej hämtad,,IDENTICAL_IN_2_PLACES
1_k7XHrj3JXq6e4btWSblG0tes-hbOTBb,"Drawings/Other drawings (different format)/Axis/V53-1-1312 - Plan 04, Del 12, Spillvattenanläggning.pdf","V53-1-1312 - Plan 04, Del 12, Spillvattenanläggning.pdf",pdf,application/pdf,164538,2026-02-13T11:49:22Z,Other drawings (different format)/Axis,Other drawings (different format),V-53-1-1312,,OTHER_FORMAT_PDF,,,,ej hämtad,,IDENTICAL_IN_2_PLACES
19ziVZz1ZTguDZVf8JAdsmAXa2ALHnWTL,"Drawings/Other drawings (different format)/Axis/V53-1-1643 - Plan 07, Del 43, Spillvattenanläggning.pdf","V53-1-1643 - Plan 07, Del 43, Spillvattenanläggning.pdf",pdf,application/pdf,191283,2026-02-13T11:50:10Z,Other drawings (different format)/Axis,Other drawings (different format),V-53-1-1643,,OTHER_FORMAT_PDF,,,,ej hämtad,,IDENTICAL_IN_2_PLACES
1305iHgKtkWFTf3JeeI9QOPoLPJDSNHiR,"Drawings/Other drawings (different format)/Axis/V53-1-0923 - Plan B1, Del 23, Spillvattenanläggning.pdf","V53-1-0923 - Plan B1, Del 23, Spillvattenanläggning.pdf",pdf,application/pdf,147629,2026-02-13T11:47:58Z,Other drawings (different format)/Axis,Other drawings (different format),V-53-1-0923,,OTHER_FORMAT_PDF,,,,ej hämtad,,IDENTICAL_IN_2_PLACES
1TOJG3-fBnSmU7-CeeTaBdDtM7x8pqRSw,"Drawings/Other drawings (different format)/Axis/V53-1-0843 - Plan B2, Del 43, Spillvattenanläggning, ÖG.pdf","V53-1-0843 - Plan B2, Del 43, Spillvattenanläggning, ÖG.pdf",pdf,application/pdf,123445,2026-02-13T11:47:26Z,Other drawings (different format)/Axis,Other drawings (different format),V-53-1-0843,,OTHER_FORMAT_PDF,,,,ej hämtad,,IDENTICAL_IN_2_PLACES
1ft9L9BsnmygN6F56PFccJW_W_Eg66ajY,"Drawings/Other drawings (different format)/Axis/V53-1-1143 - Plan 02, Del 43, Spillvattenanläggning.pdf","V53-1-1143 - Plan 02, Del 43, Spillvattenanläggning.pdf",pdf,application/pdf,253100,2026-02-13T12:11:02Z,Other drawings (different format)/Axis,Other drawings (different format),V-53-1-1143,,OTHER_FORMAT_PDF,,,,ej hämtad,,IDENTICAL_IN_2_PLACES
19K6mZdgu73GvTIllT_NYvqxL7Lw3pz0q,"Drawings/Other drawings (different format)/Axis/V53-1-1012 - Plan 01, Del 12, Spillvattenanläggning.pdf","V53-1-1012 - Plan 01, Del 12, Spillvattenanläggning.pdf",pdf,application/pdf,163184,2026-02-13T12:11:02Z,Other drawings (different format)/Axis,Other drawings (different format),V-53-1-1012,,OTHER_FORMAT_PDF,,,,ej hämtad,,IDENTICAL_IN_2_PLACES
1J86MKYq1JdUFVUHEYSM4IIQENfwBv65L,"Drawings/Other drawings (different format)/Axis/V53-1-1842 - Plan 09, Del 42, Spillvattenanläggning.pdf","V53-1-1842 - Plan 09, Del 42, Spillvattenanläggning.pdf",pdf,application/pdf,195680,2026-02-13T12:11:02Z,Other drawings (different format)/Axis,Other drawings (different format),V-53-1-1842,,OTHER_FORMAT_PDF,DEVELOPMENT,styles/S2_plan09_del42.pdf,26003c760b68fb2f8d543b5e8cce88bc51052ef974604c7087cbe2e17b28f91d,"lokal kopia, samma storlek och typ",NO_ANNOTATIONS ID_IN_SHEET_TEXT,IDENTICAL_IN_2_PLACES
1rhvY2BQdYGQeFSPNbUJlYF3I4PV2TV5i,"Drawings/Other drawings (different format)/Axis/V53-1-1721 - Plan 08, Del 21, Spillvattenanläggning.pdf","V53-1-1721 - Plan 08, Del 21, Spillvattenanläggning.pdf",pdf,application/pdf,260312,2026-02-13T11:50:26Z,Other drawings (different format)/Axis,Other drawings (different format),V-53-1-1721,,OTHER_FORMAT_PDF,,,,ej hämtad,,IDENTICAL_IN_2_PLACES
1CUCMJfFle5dFaWt1XATrSoHv_7VSGvUO,"Drawings/Other drawings (different format)/Axis/V53-1-1541 - Plan 06, Del 41, Spillvattenanläggning.pdf","V53-1-1541 - Plan 06, Del 41, Spillvattenanläggning.pdf",pdf,application/pdf,151386,2026-02-13T11:49:56Z,Other drawings (different format)/Axis,Other drawings (different format),V-53-1-1541,,OTHER_FORMAT_PDF,,,,ej hämtad,,IDENTICAL_IN_2_PLACES
1qRIg9fjk2LbQvGGDu1o8QK54dCEMU1NZ,"Drawings/Other drawings (different format)/Axis/V53-1-1441 - Plan 05, Del 41, Spillvattenanläggning.pdf","V53-1-1441 - Plan 05, Del 41, Spillvattenanläggning.pdf",pdf,application/pdf,158298,2026-02-13T11:49:40Z,Other drawings (different format)/Axis,Other drawings (different format),V-53-1-1441,,OTHER_FORMAT_PDF,,,,ej hämtad,,IDENTICAL_IN_2_PLACES
1aJJDI68uLYaAwwXClpHADrZZ4uybG9rP,"Drawings/Other drawings (different format)/Axis/V53-1-0814 - Plan B2, Del 14, Spillvattenanläggning, ÖG.pdf","V53-1-0814 - Plan B2, Del 14, Spillvattenanläggning, ÖG.pdf",pdf,application/pdf,142097,2026-02-13T11:47:26Z,Other drawings (different format)/Axis,Other drawings (different format),V-53-1-0814,,OTHER_FORMAT_PDF,,,,ej hämtad,,IDENTICAL_IN_2_PLACES
1WxpoZsVy-0x63hugjOky_tvzHeStV2f9,"Drawings/Other drawings (different format)/Axis/V53-1-0844 - Plan B2, Del 44, Spillvattenanläggning, ÖG.pdf","V53-1-0844 - Plan B2, Del 44, Spillvattenanläggning, ÖG.pdf",pdf,application/pdf,105708,2026-02-13T11:47:26Z,Other drawings (different format)/Axis,Other drawings (different format),V-53-1-0844,,OTHER_FORMAT_PDF,,,,ej hämtad,,IDENTICAL_IN_2_PLACES
16JqPJsf8Dj8u3mCu5MUO6sk5_NrooVbd,"Drawings/Other drawings (different format)/Axis/V53-1-1112 - Plan 02, Del 12, Spillvattenanläggning.pdf","V53-1-1112 - Plan 02, Del 12, Spillvattenanläggning.pdf",pdf,application/pdf,378343,2026-02-13T12:11:02Z,Other drawings (different format)/Axis,Other drawings (different format),V-53-1-1112,,OTHER_FORMAT_PDF,,,,ej hämtad,,IDENTICAL_IN_2_PLACES
1JyRA9tG785e5BIeR3kTiZOojuUsbhS_V,"Drawings/Other drawings (different format)/Axis/V53-1-1043 - Plan 01, Del 43, Spillvattenanläggning.pdf","V53-1-1043 - Plan 01, Del 43, Spillvattenanläggning.pdf",pdf,application/pdf,185415,2026-02-13T11:48:18Z,Other drawings (different format)/Axis,Other drawings (different format),V-53-1-1043,,OTHER_FORMAT_PDF,,,,ej hämtad,,IDENTICAL_IN_2_PLACES
1na3v43UlautohNSyYQpUZ2-2gaex5KP_,"Drawings/Style of drawings/7/V50-1-1614 - Plan 07, Del 14, Värme & Sanitäranlägg-.pdf","V50-1-1614 - Plan 07, Del 14, Värme & Sanitäranlägg-.pdf",pdf,application/pdf,217594,2026-02-13T11:50:04Z,Style of drawings/7,Style of drawings,V-50-1-1614,,STYLE_PDF,,,,ej hämtad,,IDENTICAL_IN_2_PLACES
1zoNdr4uBlMyGavdSbPw4EUjPsT2tRyOb,"Drawings/Style of drawings/7/V50-1-1424 - Plan 05, Del 24, Värme & Sanitäranlägg-.pdf","V50-1-1424 - Plan 05, Del 24, Värme & Sanitäranlägg-.pdf",pdf,application/pdf,191619,2026-02-13T11:49:32Z,Style of drawings/7,Style of drawings,V-50-1-1424,,STYLE_PDF,,,,ej hämtad,,IDENTICAL_IN_2_PLACES
18ZwJmH_G1OCPrzv8mxdU4kg7GiBrRDRe,"Drawings/Style of drawings/7/V50-1-1532 - Plan 06, Del 11, Värme & Sanitäranlägg-.pdf","V50-1-1532 - Plan 06, Del 11, Värme & Sanitäranlägg-.pdf",pdf,application/pdf,208503,2026-02-13T11:49:48Z,Style of drawings/7,Style of drawings,V-50-1-1532,,STYLE_PDF,,,,ej hämtad,,IDENTICAL_IN_2_PLACES
1oYorKuLVmTYBUNW22ru-xvDlomQZf0FC,"Drawings/Style of drawings/7/V50-1-1544 - Plan 06, Del 44, Värme & Sanitäranlägg-.pdf","V50-1-1544 - Plan 06, Del 44, Värme & Sanitäranlägg-.pdf",pdf,application/pdf,191983,2026-02-13T11:49:50Z,Style of drawings/7,Style of drawings,V-50-1-1544,,STYLE_PDF,,,,ej hämtad,,IDENTICAL_IN_2_PLACES
1uHc44bda_jjyFfEnHvccPQDUteLx-g68,"Drawings/Style of drawings/7/V50-1-0943 - Plan B1, Del 43, Värme & Sanitäranlägg-.pdf","V50-1-0943 - Plan B1, Del 43, Värme & Sanitäranlägg-.pdf",pdf,application/pdf,194340,2026-02-13T11:47:48Z,Style of drawings/7,Style of drawings,V-50-1-0943,,STYLE_PDF,,,,ej hämtad,,IDENTICAL_IN_2_PLACES
1SE4m99sdYwjevQPVMXJuBRPHctPKBRAh,"Drawings/Style of drawings/7/V50-1-1124 - Plan 02, Del 24, Värme & Sanitäranlägg-.pdf","V50-1-1124 - Plan 02, Del 24, Värme & Sanitäranlägg-.pdf",pdf,application/pdf,196423,2026-02-13T11:48:38Z,Style of drawings/7,Style of drawings,V-50-1-1124,,STYLE_PDF,,,,ej hämtad,,IDENTICAL_IN_2_PLACES
1lPuHfrQQsxd280N1gTDQb-ExrVKjre0m,"Drawings/Style of drawings/7/V50-1-1044 - Plan 01, Del 44, Värme & Sanitäranlägg-.pdf","V50-1-1044 - Plan 01, Del 44, Värme & Sanitäranlägg-.pdf",pdf,application/pdf,168214,2026-02-13T11:48:12Z,Style of drawings/7,Style of drawings,V-50-1-1044,,STYLE_PDF,,,,ej hämtad,,IDENTICAL_IN_2_PLACES
13o2IbHTgxgcjYX1d3KwNomQaSWYX2C7V,"Drawings/Style of drawings/7/V50-1-1612 - Plan 07, Del 12, Värme & Sanitäranlägg-.pdf","V50-1-1612 - Plan 07, Del 12, Värme & Sanitäranlägg-.pdf",pdf,application/pdf,245405,2026-02-13T11:50:04Z,Style of drawings/7,Style of drawings,V-50-1-1612,,STYLE_PDF,,,,ej hämtad,,IDENTICAL_IN_2_PLACES
13B3odNsXQZ4S-DCH9d6QcGr_4y04OxHi,"Drawings/Style of drawings/7/V50-1-1621 - Plan 07, Del 21, Värme & Sanitäranlägg-.pdf","V50-1-1621 - Plan 07, Del 21, Värme & Sanitäranlägg-.pdf",pdf,application/pdf,373007,2026-02-13T11:50:04Z,Style of drawings/7,Style of drawings,V-50-1-1621,,STYLE_PDF,,,,ej hämtad,,IDENTICAL_IN_2_PLACES
1Pdn5aOxr4DTG_cWNYXk9GcRJUrydDkXI,"Drawings/Style of drawings/7/V50-1-1241 - Plan 03, Del 41, Värme & Sanitäranlägg-.pdf","V50-1-1241 - Plan 03, Del 41, Värme & Sanitäranlägg-.pdf",pdf,application/pdf,245178,2026-02-13T11:49:00Z,Style of drawings/7,Style of drawings,V-50-1-1241,,STYLE_PDF,,,,ej hämtad,,IDENTICAL_IN_2_PLACES
1G9wJIm5xK12qoAkSoA5cisBw6a6Ec5BF,"Drawings/Style of drawings/7/V50-1-1042 - Plan 01, Del 42, Värme & Sanitäranlägg-.pdf","V50-1-1042 - Plan 01, Del 42, Värme & Sanitäranlägg-.pdf",pdf,application/pdf,253903,2026-02-13T11:48:10Z,Style of drawings/7,Style of drawings,V-50-1-1042,,STYLE_PDF,,,,ej hämtad,,IDENTICAL_IN_2_PLACES
1iNPMK7sJy44S-2ovStFxRQx2UwF3FUyX,"Drawings/Style of drawings/7/V50-1-1342 - Plan 04, Del 42, Värme & Sanitäranlägg-.pdf","V50-1-1342 - Plan 04, Del 42, Värme & Sanitäranlägg-.pdf",pdf,application/pdf,269492,2026-02-13T11:49:14Z,Style of drawings/7,Style of drawings,V-50-1-1342,,STYLE_PDF,,,,ej hämtad,,IDENTICAL_IN_2_PLACES
1zKWBeyw06qRrJ14ycblOrU-nhI_NaFlh,"Drawings/Style of drawings/7/V50-1-1422 - Plan 05, Del 22, Värme & Sanitäranlägg-.pdf","V50-1-1422 - Plan 05, Del 22, Värme & Sanitäranlägg-.pdf",pdf,application/pdf,173596,2026-02-13T11:49:32Z,Style of drawings/7,Style of drawings,V-50-1-1422,,STYLE_PDF,,,,ej hämtad,,IDENTICAL_IN_2_PLACES
1FrBMjMyILXTcmBfl76BgwCmbZja3PC-4,"Drawings/Style of drawings/7/V50-1-1411 - Plan 05, Del 11, Värme & Sanitäranlägg-.pdf","V50-1-1411 - Plan 05, Del 11, Värme & Sanitäranlägg-.pdf",pdf,application/pdf,170595,2026-02-13T11:49:32Z,Style of drawings/7,Style of drawings,V-50-1-1411,,STYLE_PDF,,,,ej hämtad,,IDENTICAL_IN_2_PLACES
1icIYDPv-DVgQ-1hpx9UOCIrxnsQewjaJ,"Drawings/Style of drawings/7/V50-1-1122 - Plan 02, Del 22, Värme & Sanitäranlägg-.pdf","V50-1-1122 - Plan 02, Del 22, Värme & Sanitäranlägg-.pdf",pdf,application/pdf,180494,2026-02-13T11:48:38Z,Style of drawings/7,Style of drawings,V-50-1-1122,,STYLE_PDF,,,,ej hämtad,,IDENTICAL_IN_2_PLACES
13STpoFI4-kFPR-jrdz9RKv83extD2mIS,"Drawings/Style of drawings/7/V50-1-1111 - Plan 02, Del 11, Värme & Sanitäranlägg-.pdf","V50-1-1111 - Plan 02, Del 11, Värme & Sanitäranlägg-.pdf",pdf,application/pdf,163402,2026-02-13T11:48:38Z,Style of drawings/7,Style of drawings,V-50-1-1111,,STYLE_PDF,,,,ej hämtad,,IDENTICAL_IN_2_PLACES
1d8vliJ0PRzjnlZp9yckOKSWjHmKOAcQW,"Drawings/Style of drawings/7/V50-1-1542 - Plan 06, Del 42, Värme & Sanitäranlägg-.pdf","V50-1-1542 - Plan 06, Del 42, Värme & Sanitäranlägg-.pdf",pdf,application/pdf,278942,2026-02-13T11:49:48Z,Style of drawings/7,Style of drawings,V-50-1-1542,,STYLE_PDF,,,,ej hämtad,,IDENTICAL_IN_2_PLACES
1vke9VdewGM-fyJLQB7v0y3O8zME03Xxc,"Drawings/Style of drawings/7/V50-1-1232 - Plan 03, Del 32, Värme & Sanitäranlägg-.pdf","V50-1-1232 - Plan 03, Del 32, Värme & Sanitäranlägg-.pdf",pdf,application/pdf,283720,2026-02-13T11:49:00Z,Style of drawings/7,Style of drawings,V-50-1-1232,,STYLE_PDF,,,,ej hämtad,,IDENTICAL_IN_2_PLACES
10G7fU3OFXdHh7lWFxAT-3ydqR1tosOkp,"Drawings/Style of drawings/7/V50-1-1223 - Plan 03, Del 23, Värme & Sanitäranlägg-.pdf","V50-1-1223 - Plan 03, Del 23, Värme & Sanitäranlägg-.pdf",pdf,application/pdf,225613,2026-02-13T11:49:00Z,Style of drawings/7,Style of drawings,V-50-1-1223,,STYLE_PDF,,,,ej hämtad,,IDENTICAL_IN_2_PLACES
1TNrfW4KZldouqcxfoVf0lil3nqLXEAeC,"Drawings/Style of drawings/7/V50-1-1513 - Plan 06, Del 13, Värme & Sanitäranlägg-.pdf","V50-1-1513 - Plan 06, Del 13, Värme & Sanitäranlägg-.pdf",pdf,application/pdf,189371,2026-02-13T11:49:50Z,Style of drawings/7,Style of drawings,V-50-1-1513,,STYLE_PDF,,,,ej hämtad,,IDENTICAL_IN_2_PLACES
1m00bronITO_MvhoxOyWWhUsGltLVzVd4,"Drawings/Style of drawings/7/V50-1-1313 - Plan 04, Del 13, Värme & Sanitäranlägg-.pdf","V50-1-1313 - Plan 04, Del 13, Värme & Sanitäranlägg-.pdf",pdf,application/pdf,185914,2026-02-13T11:49:14Z,Style of drawings/7,Style of drawings,V-50-1-1313,,STYLE_PDF,,,,ej hämtad,,IDENTICAL_IN_2_PLACES
1GReQSrO4pZM975AIKwcy8lkvPzsKBrVC,"Drawings/Style of drawings/7/V50-1-1844 - Plan 09, Del 44, Värme & Sanitäranlägg-.pdf","V50-1-1844 - Plan 09, Del 44, Värme & Sanitäranlägg-.pdf",pdf,application/pdf,153946,2026-02-13T11:50:34Z,Style of drawings/7,Style of drawings,V-50-1-1844,,STYLE_PDF,,,,ej hämtad,,IDENTICAL_IN_2_PLACES
1Bm68QgXsKT_RS9O9i3LNmtDkWQ9Hf8SV,"Drawings/Style of drawings/7/V50-1-1013 - Plan 01, Del 13, Värme & Sanitäranlägg-.pdf","V50-1-1013 - Plan 01, Del 13, Värme & Sanitäranlägg-.pdf",pdf,application/pdf,153888,2026-02-13T11:48:12Z,Style of drawings/7,Style of drawings,V-50-1-1013,,STYLE_PDF,,,,ej hämtad,,IDENTICAL_IN_2_PLACES
1XwekH5_i4ztXtFaTJDAStKdbMi2xIC3a,"Drawings/Style of drawings/7/V50-1-1744 - Plan 08, Del 44, Värme & Sanitäranlägg-.pdf","V50-1-1744 - Plan 08, Del 44, Värme & Sanitäranlägg-.pdf",pdf,application/pdf,212146,2026-02-13T11:50:16Z,Style of drawings/7,Style of drawings,V-50-1-1744,,STYLE_PDF,,,,ej hämtad,,IDENTICAL_IN_2_PLACES
1OZy89yAliPHfPfUOLmq-8PAnRA1NbSXz,"Drawings/Style of drawings/7/V50-1-0914 - Plan B1, Del 14, Värme & Sanitäranlägg-.pdf","V50-1-0914 - Plan B1, Del 14, Värme & Sanitäranlägg-.pdf",pdf,application/pdf,160110,2026-02-13T11:47:48Z,Style of drawings/7,Style of drawings,V-50-1-0914,,STYLE_PDF,,,,ej hämtad,,IDENTICAL_IN_2_PLACES
1W84j9dB9Fwfs-MOTrPwupZ2Bmjf4D5ZD,"Drawings/Style of drawings/7/V53-1-0941 - Plan B1, Del 41, Spillvattenanläggning.pdf","V53-1-0941 - Plan B1, Del 41, Spillvattenanläggning.pdf",pdf,application/pdf,115577,2026-02-13T11:47:58Z,Style of drawings/7,Style of drawings,V-53-1-0941,,STYLE_PDF,,,,ej hämtad,,IDENTICAL_IN_2_PLACES
1betPFLLR2N7ZlNRvFnPhp0j3jPtEsQr1,"Drawings/Style of drawings/7/V53-1-1121 - Plan 02, Del 21, Spillvattenanläggning.pdf","V53-1-1121 - Plan 02, Del 21, Spillvattenanläggning.pdf",pdf,application/pdf,308068,2026-02-13T12:11:02Z,Style of drawings/7,Style of drawings,V-53-1-1121,,STYLE_PDF,,,,ej hämtad,,IDENTICAL_IN_2_PLACES
1C2HbRf0FBzuy_9p3fK0lZhKdh86kljtf,"Drawings/Style of drawings/7/V53-1-1021 - Plan 01, Del 21, Spillvattenanläggning.pdf","V53-1-1021 - Plan 01, Del 21, Spillvattenanläggning.pdf",pdf,application/pdf,243694,2026-02-13T12:11:02Z,Style of drawings/7,Style of drawings,V-53-1-1021,,STYLE_PDF,,,,ej hämtad,,IDENTICAL_IN_2_PLACES
1BCVT3niDr6gdSfaAM4lsv95sVk-AqxDc,"Drawings/Style of drawings/7/V53-1-1614 - Plan 07, Del 14, Spillvattenanläggning.pdf","V53-1-1614 - Plan 07, Del 14, Spillvattenanläggning.pdf",pdf,application/pdf,268094,2026-02-13T11:50:10Z,Style of drawings/7,Style of drawings,V-53-1-1614,,STYLE_PDF,,,,ej hämtad,,IDENTICAL_IN_2_PLACES
1iEEVYEsa4PBpNlY_bvMv6nmo8EmmEK3G,"Drawings/Style of drawings/7/V53-1-1214 - Plan 03, Del 12, Spillvattenanläggning.pdf","V53-1-1214 - Plan 03, Del 12, Spillvattenanläggning.pdf",pdf,application/pdf,225828,2026-02-13T11:49:06Z,Style of drawings/7,Style of drawings,V-53-1-1214,,STYLE_PDF,,,,ej hämtad,,IDENTICAL_IN_2_PLACES
1o8hG1DO6ajR9q6AoI4P8dwQyvGuhbr-g,"Drawings/Style of drawings/7/V53-1-1712 - Plan 08, Del 12, Spillvattenanläggning.pdf","V53-1-1712 - Plan 08, Del 12, Spillvattenanläggning.pdf",pdf,application/pdf,182199,2026-02-13T11:50:26Z,Style of drawings/7,Style of drawings,V-53-1-1712,,STYLE_PDF,,,,ej hämtad,,IDENTICAL_IN_2_PLACES
1iAf8KzLA7ACY5zIqCCOUwU-zuFyTvyL-,"Drawings/Style of drawings/7/V53-1-1314 - Plan 04, Del 14, Spillvattenanläggning.pdf","V53-1-1314 - Plan 04, Del 14, Spillvattenanläggning.pdf",pdf,application/pdf,213159,2026-02-13T11:49:22Z,Style of drawings/7,Style of drawings,V-53-1-1314,,STYLE_PDF,,,,ej hämtad,,IDENTICAL_IN_2_PLACES
1kLr6kZVRxFbxi7hEnPLwFgcR8qE_mZzW,"Drawings/Style of drawings/7/V53-1-0842 - Plan B2, Del 42, Spillvattenanläggning, ÖG.pdf","V53-1-0842 - Plan B2, Del 42, Spillvattenanläggning, ÖG.pdf",pdf,application/pdf,188185,2026-02-13T11:47:26Z,Style of drawings/7,Style of drawings,V-53-1-0842,,STYLE_PDF,,,,ej hämtad,,IDENTICAL_IN_2_PLACES
1g3vzvD-iu0mB1DLu8vtiPp3xe3eS2Yv8,"Drawings/Style of drawings/7/V53-1-1612 - Plan 07, Del 12, Spillvattenanläggning.pdf","V53-1-1612 - Plan 07, Del 12, Spillvattenanläggning.pdf",pdf,application/pdf,182848,2026-02-13T11:50:10Z,Style of drawings/7,Style of drawings,V-53-1-1612,,STYLE_PDF,,,,ej hämtad,,IDENTICAL_IN_2_PLACES
1KhNcUK85uaQOc-GUm4S4HBsoKlEIm-TD,"Drawings/Style of drawings/7/V53-1-1312 - Plan 04, Del 12, Spillvattenanläggning.pdf","V53-1-1312 - Plan 04, Del 12, Spillvattenanläggning.pdf",pdf,application/pdf,164538,2026-02-13T11:49:22Z,Style of drawings/7,Style of drawings,V-53-1-1312,,STYLE_PDF,,,,ej hämtad,,IDENTICAL_IN_2_PLACES
1BH-Dc-rr28_LVrj7R0uIqwUYX4yzVV-w,"Drawings/Style of drawings/7/V53-1-1343 - Plan 04, Del 43, Spillvattenanläggning.pdf","V53-1-1343 - Plan 04, Del 43, Spillvattenanläggning.pdf",pdf,application/pdf,195962,2026-02-13T11:49:22Z,Style of drawings/7,Style of drawings,V-53-1-1343,,STYLE_PDF,,,,ej hämtad,,IDENTICAL_IN_2_PLACES
1NRvNVDZYFrLrshixQCRUMjb0-kY8OGlk,"Drawings/Style of drawings/7/V53-1-1241 - Plan 03, Del 41, Spillvattenanläggning.pdf","V53-1-1241 - Plan 03, Del 41, Spillvattenanläggning.pdf",pdf,application/pdf,173412,2026-02-13T11:49:06Z,Style of drawings/7,Style of drawings,V-53-1-1241,,STYLE_PDF,,,,ej hämtad,,IDENTICAL_IN_2_PLACES
1Za3jQRFc5teNHIu8Zsp-IMnRdQN-Nwbt,"Drawings/Style of drawings/7/V53-1-0923 - Plan B1, Del 23, Spillvattenanläggning.pdf","V53-1-0923 - Plan B1, Del 23, Spillvattenanläggning.pdf",pdf,application/pdf,147629,2026-02-13T11:47:58Z,Style of drawings/7,Style of drawings,V-53-1-0923,,STYLE_PDF,,,,ej hämtad,,IDENTICAL_IN_2_PLACES
14qNeOm-03f4WL9DUTNP-binlM0Xt_WQ4,"Drawings/Style of drawings/7/V53-1-0843 - Plan B2, Del 43, Spillvattenanläggning, ÖG.pdf","V53-1-0843 - Plan B2, Del 43, Spillvattenanläggning, ÖG.pdf",pdf,application/pdf,123445,2026-02-13T11:47:26Z,Style of drawings/7,Style of drawings,V-53-1-0843,,STYLE_PDF,,,,ej hämtad,,IDENTICAL_IN_2_PLACES
1sfsQufmTSHBiDwng-58PyLztK7pg2yMM,"Drawings/Style of drawings/7/V53-1-1143 - Plan 02, Del 43, Spillvattenanläggning.pdf","V53-1-1143 - Plan 02, Del 43, Spillvattenanläggning.pdf",pdf,application/pdf,253100,2026-02-13T12:11:02Z,Style of drawings/7,Style of drawings,V-53-1-1143,,STYLE_PDF,,,,ej hämtad,,IDENTICAL_IN_2_PLACES
1V4JUjxGG_7yJfgClpxWlKaAD32RsIyzn,"Drawings/Style of drawings/7/V53-1-1012 - Plan 01, Del 12, Spillvattenanläggning.pdf","V53-1-1012 - Plan 01, Del 12, Spillvattenanläggning.pdf",pdf,application/pdf,163184,2026-02-13T12:11:02Z,Style of drawings/7,Style of drawings,V-53-1-1012,,STYLE_PDF,,,,ej hämtad,,IDENTICAL_IN_2_PLACES
1b_bVPArOiPMiV015dwJ9f_AyvG5eRCvV,"Drawings/Style of drawings/7/V53-1-1721 - Plan 08, Del 21, Spillvattenanläggning.pdf","V53-1-1721 - Plan 08, Del 21, Spillvattenanläggning.pdf",pdf,application/pdf,260312,2026-02-13T11:50:26Z,Style of drawings/7,Style of drawings,V-53-1-1721,,STYLE_PDF,,,,ej hämtad,,IDENTICAL_IN_2_PLACES
1q_yUaXlkg4YoMq3Re1FdrTw8Xhe7baFT,"Drawings/Style of drawings/7/V53-1-1643 - Plan 07, Del 43, Spillvattenanläggning.pdf","V53-1-1643 - Plan 07, Del 43, Spillvattenanläggning.pdf",pdf,application/pdf,191283,2026-02-13T11:50:10Z,Style of drawings/7,Style of drawings,V-53-1-1643,,STYLE_PDF,,,,ej hämtad,,IDENTICAL_IN_2_PLACES
1OmVe5dKKmzBXaEfNryv83xub2ZsQgxag,"Drawings/Style of drawings/7/V53-1-1714 - Plan 08, Del 14, Spillvattenanläggning.pdf","V53-1-1714 - Plan 08, Del 14, Spillvattenanläggning.pdf",pdf,application/pdf,149223,2026-02-13T11:50:26Z,Style of drawings/7,Style of drawings,V-53-1-1714,,STYLE_PDF,,,,ej hämtad,,IDENTICAL_IN_2_PLACES
1le6hvgaQz2MCxy9kIiKWAsIDyvVOdS04,"Drawings/Style of drawings/7/V53-1-1541 - Plan 06, Del 41, Spillvattenanläggning.pdf","V53-1-1541 - Plan 06, Del 41, Spillvattenanläggning.pdf",pdf,application/pdf,151386,2026-02-13T11:49:56Z,Style of drawings/7,Style of drawings,V-53-1-1541,,STYLE_PDF,,,,ej hämtad,,IDENTICAL_IN_2_PLACES
1TjqbL-RIU-DkxHFlFZn3QcWnwOxINyym,"Drawings/Style of drawings/7/V53-1-1441 - Plan 05, Del 41, Spillvattenanläggning.pdf","V53-1-1441 - Plan 05, Del 41, Spillvattenanläggning.pdf",pdf,application/pdf,158298,2026-02-13T11:49:40Z,Style of drawings/7,Style of drawings,V-53-1-1441,,STYLE_PDF,,,,ej hämtad,,IDENTICAL_IN_2_PLACES
1Q_2s7uU6DBjBriVmtbbmywEPpquREKzS,"Drawings/Style of drawings/7/V53-1-0814 - Plan B2, Del 14, Spillvattenanläggning, ÖG.pdf","V53-1-0814 - Plan B2, Del 14, Spillvattenanläggning, ÖG.pdf",pdf,application/pdf,142097,2026-02-13T11:47:26Z,Style of drawings/7,Style of drawings,V-53-1-0814,,STYLE_PDF,,,,ej hämtad,,IDENTICAL_IN_2_PLACES
1D54LLhGr2gKdMTlk4LDrdYkfwkkmB-j2,"Drawings/Style of drawings/7/V53-1-0844 - Plan B2, Del 44, Spillvattenanläggning, ÖG.pdf","V53-1-0844 - Plan B2, Del 44, Spillvattenanläggning, ÖG.pdf",pdf,application/pdf,105708,2026-02-13T11:47:26Z,Style of drawings/7,Style of drawings,V-53-1-0844,,STYLE_PDF,,,,ej hämtad,,IDENTICAL_IN_2_PLACES
18Dotn55okMaqC7mVXp4DFBr6ye3cTxHb,"Drawings/Style of drawings/7/V53-1-1112 - Plan 02, Del 12, Spillvattenanläggning.pdf","V53-1-1112 - Plan 02, Del 12, Spillvattenanläggning.pdf",pdf,application/pdf,378343,2026-02-13T12:11:02Z,Style of drawings/7,Style of drawings,V-53-1-1112,,STYLE_PDF,,,,ej hämtad,,IDENTICAL_IN_2_PLACES
12AKyMO946WNEoIhgRX9R8joVj18Ji5K_,"Drawings/Style of drawings/7/V53-1-1842 - Plan 09, Del 42, Spillvattenanläggning.pdf","V53-1-1842 - Plan 09, Del 42, Spillvattenanläggning.pdf",pdf,application/pdf,195680,2026-02-13T12:11:02Z,Style of drawings/7,Style of drawings,V-53-1-1842,,STYLE_PDF,DEVELOPMENT,styles/S2_plan09_del42.pdf,26003c760b68fb2f8d543b5e8cce88bc51052ef974604c7087cbe2e17b28f91d,"lokal kopia, samma storlek och typ",NO_ANNOTATIONS ID_IN_SHEET_TEXT,IDENTICAL_IN_2_PLACES
1tjNhLtvomQ7cROG_k3ezRlXmgZ4aWXi6,"Drawings/Style of drawings/7/V53-1-1043 - Plan 01, Del 43, Spillvattenanläggning.pdf","V53-1-1043 - Plan 01, Del 43, Spillvattenanläggning.pdf",pdf,application/pdf,185415,2026-02-13T11:48:18Z,Style of drawings/7,Style of drawings,V-53-1-1043,,STYLE_PDF,,,,ej hämtad,,IDENTICAL_IN_2_PLACES
