DRAWING_ID,CLEAN_PDF,MARKED_PDF,FACIT_XLSX,BLUEBEAM_XML,CVAT,OTHER_REFERENCE,REVISION,EXPOSURE,STATUS,VALIDATION_SET,CONTENT_CHECK
1760268_1,,,,,,Drawings/Other drawings (different format)/Fyrtornet 2/1760268_1.pdf; Drawings/Style of drawings/13/1760268_1.pdf; Drawings/Video drawings/1760268_1.pdf,,DEVELOPMENT,UNPAIRED,DEVELOPMENT,NOT_A_PAIR
1760269_1,,,,,,Drawings/Other drawings (different format)/Fyrtornet 2/1760269_1.pdf; Drawings/Style of drawings/13/1760269_1.pdf; Drawings/Video drawings/1760269_1.pdf,,DEVELOPMENT,UNPAIRED,DEVELOPMENT,NOT_A_PAIR
1760270_1,,,,,,Drawings/Other drawings (different format)/Fyrtornet 2/1760270_1.pdf; Drawings/Style of drawings/13/1760270_1.pdf; Drawings/Video drawings/1760270_1.pdf,,DEVELOPMENT,UNPAIRED,DEVELOPMENT,NOT_A_PAIR
1760271_1,,,,,,Drawings/Other drawings (different format)/Fyrtornet 2/1760271_1.pdf; Drawings/Style of drawings/13/1760271_1.pdf; Drawings/Video drawings/1760271_1.pdf,,DEVELOPMENT,UNPAIRED,DEVELOPMENT,NOT_A_PAIR
1760272_1,,,,,,Drawings/Other drawings (different format)/Fyrtornet 2/1760272_1.pdf; Drawings/Style of drawings/13/1760272_1.pdf; Drawings/Video drawings/1760272_1.pdf,,DEVELOPMENT,UNPAIRED,DEVELOPMENT,NOT_A_PAIR
1760273_1,,,,,,Drawings/Other drawings (different format)/Fyrtornet 2/1760273_1.pdf; Drawings/Style of drawings/13/1760273_1.pdf; Drawings/Video drawings/1760273_1.pdf,,DEVELOPMENT,UNPAIRED,DEVELOPMENT,NOT_A_PAIR
1760274_1,,,,,,Drawings/Other drawings (different format)/Fyrtornet 2/1760274_1.pdf; Drawings/Style of drawings/13/1760274_1.pdf; Drawings/Video drawings/1760274_1.pdf,,DEVELOPMENT,UNPAIRED,DEVELOPMENT,NOT_A_PAIR
1760275_1,,,,,,Drawings/Other drawings (different format)/Fyrtornet 2/1760275_1.pdf; Drawings/Style of drawings/13/1760275_1.pdf; Drawings/Video drawings/1760275_1.pdf,,DEVELOPMENT,UNPAIRED,DEVELOPMENT,NOT_A_PAIR
1760276_1,,,,,,Drawings/Other drawings (different format)/Fyrtornet 2/1760276_1.pdf; Drawings/Style of drawings/13/1760276_1.pdf; Drawings/Video drawings/1760276_1.pdf,,DEVELOPMENT,UNPAIRED,DEVELOPMENT,NOT_A_PAIR
1760277_1,,,,,,Drawings/Other drawings (different format)/Fyrtornet 2/1760277_1.pdf; Drawings/Style of drawings/13/1760277_1.pdf; Drawings/Video drawings/1760277_1.pdf,,DEVELOPMENT,UNPAIRED,DEVELOPMENT,NOT_A_PAIR
1760278_1,,,,,,Drawings/Other drawings (different format)/Fyrtornet 2/1760278_1.pdf; Drawings/Style of drawings/13/1760278_1.pdf; Drawings/Video drawings/1760278_1.pdf,,DEVELOPMENT,UNPAIRED,DEVELOPMENT,NOT_A_PAIR
1760279_1,,,,,,Drawings/Other drawings (different format)/Fyrtornet 2/1760279_1.pdf; Drawings/Pipe studio - style-source-pdfs/05 - Bengt Dahlgren - Ghostscript 9.21/1760279_1.pdf; Drawings/Style of drawings/13/1760279_1.pdf; Drawings/Video drawings/1760279_1.pdf,,DEVELOPMENT,UNPAIRED,DEVELOPMENT,NOT_A_PAIR
1760280_1,,,,,,Drawings/Other drawings (different format)/Fyrtornet 2/1760280_1.pdf; Drawings/Style of drawings/13/1760280_1.pdf; Drawings/Video drawings/1760280_1.pdf,,DEVELOPMENT,UNPAIRED,DEVELOPMENT,NOT_A_PAIR
1760281_1,,,,,,Drawings/Other drawings (different format)/Fyrtornet 2/1760281_1.pdf; Drawings/Style of drawings/13/1760281_1.pdf; Drawings/Video drawings/1760281_1.pdf,,DEVELOPMENT,UNPAIRED,DEVELOPMENT,NOT_A_PAIR
1760282_1,,,,,,Drawings/Other drawings (different format)/Fyrtornet 2/1760282_1.pdf; Drawings/Style of drawings/13/1760282_1.pdf; Drawings/Video drawings/1760282_1.pdf,,DEVELOPMENT,UNPAIRED,DEVELOPMENT,NOT_A_PAIR
1760283_1,,,,,,Drawings/Other drawings (different format)/Fyrtornet 2/1760283_1.pdf; Drawings/Style of drawings/13/1760283_1.pdf; Drawings/Video drawings/1760283_1.pdf,,DEVELOPMENT,UNPAIRED,DEVELOPMENT,NOT_A_PAIR
1760284_1,,,,,,Drawings/Other drawings (different format)/Fyrtornet 2/1760284_1.pdf; Drawings/Style of drawings/13/1760284_1.pdf; Drawings/Video drawings/1760284_1.pdf,,DEVELOPMENT,UNPAIRED,DEVELOPMENT,NOT_A_PAIR
1760285_1,,,,,,Drawings/Other drawings (different format)/Fyrtornet 2/1760285_1.pdf; Drawings/Style of drawings/13/1760285_1.pdf; Drawings/Video drawings/1760285_1.pdf,,DEVELOPMENT,UNPAIRED,DEVELOPMENT,NOT_A_PAIR
1760286_1,,,,,,Drawings/Other drawings (different format)/Fyrtornet 2/1760286_1.pdf; Drawings/Style of drawings/13/1760286_1.pdf; Drawings/Video drawings/1760286_1.pdf,,DEVELOPMENT,UNPAIRED,DEVELOPMENT,NOT_A_PAIR
1760287_1,,,,,,Drawings/Other drawings (different format)/Fyrtornet 2/1760287_1.pdf; Drawings/Style of drawings/13/1760287_1.pdf; Drawings/Video drawings/1760287_1.pdf,,DEVELOPMENT,UNPAIRED,DEVELOPMENT,NOT_A_PAIR
1760288_1,,,,,,Drawings/Other drawings (different format)/Fyrtornet 2/1760288_1.pdf; Drawings/Style of drawings/13/1760288_1.pdf; Drawings/Video drawings/1760288_1.pdf,,DEVELOPMENT,UNPAIRED,DEVELOPMENT,NOT_A_PAIR
1760289_1,,,,,,Drawings/Other drawings (different format)/Fyrtornet 2/1760289_1.pdf; Drawings/Style of drawings/13/1760289_1.pdf; Drawings/Video drawings/1760289_1.pdf,,DEVELOPMENT,UNPAIRED,DEVELOPMENT,NOT_A_PAIR
1760290_1,,,,,,Drawings/Other drawings (different format)/Fyrtornet 2/1760290_1.pdf; Drawings/Style of drawings/13/1760290_1.pdf; Drawings/Video drawings/1760290_1.pdf,,DEVELOPMENT,UNPAIRED,DEVELOPMENT,NOT_A_PAIR
1760291_1,,,,,,Drawings/Other drawings (different format)/Fyrtornet 2/1760291_1.pdf; Drawings/Style of drawings/13/1760291_1.pdf; Drawings/Video drawings/1760291_1.pdf,,DEVELOPMENT,UNPAIRED,DEVELOPMENT,NOT_A_PAIR
1760292_1,,,,,,Drawings/Other drawings (different format)/Fyrtornet 2/1760292_1.pdf; Drawings/Style of drawings/13/1760292_1.pdf; Drawings/Video drawings/1760292_1.pdf,,DEVELOPMENT,UNPAIRED,DEVELOPMENT,NOT_A_PAIR
1760293_1,,,,,,Drawings/Other drawings (different format)/Fyrtornet 2/1760293_1.pdf; Drawings/Style of drawings/13/1760293_1.pdf; Drawings/Video drawings/1760293_1.pdf,,DEVELOPMENT,UNPAIRED,DEVELOPMENT,NOT_A_PAIR
1760294_1,,,,,,Drawings/Other drawings (different format)/Fyrtornet 2/1760294_1.pdf; Drawings/Style of drawings/13/1760294_1.pdf; Drawings/Video drawings/1760294_1.pdf,,DEVELOPMENT,UNPAIRED,DEVELOPMENT,NOT_A_PAIR
1760295_1,,,,,,Drawings/Other drawings (different format)/Fyrtornet 2/1760295_1.pdf; Drawings/Style of drawings/13/1760295_1.pdf; Drawings/Video drawings/1760295_1.pdf,,DEVELOPMENT,UNPAIRED,DEVELOPMENT,NOT_A_PAIR
1760296_1,,,,,,Drawings/Other drawings (different format)/Fyrtornet 2/1760296_1.pdf; Drawings/Style of drawings/13/1760296_1.pdf; Drawings/Video drawings/1760296_1.pdf,,DEVELOPMENT,UNPAIRED,DEVELOPMENT,NOT_A_PAIR
1760297_1,,,,,,Drawings/Other drawings (different format)/Fyrtornet 2/1760297_1.pdf; Drawings/Style of drawings/13/1760297_1.pdf; Drawings/Video drawings/1760297_1.pdf,,DEVELOPMENT,UNPAIRED,DEVELOPMENT,NOT_A_PAIR
1760298_1,,,,,,Drawings/Other drawings (different format)/Fyrtornet 2/1760298_1.pdf; Drawings/Style of drawings/13/1760298_1.pdf; Drawings/Video drawings/1760298_1.pdf,,DEVELOPMENT,UNPAIRED,DEVELOPMENT,NOT_A_PAIR
1760299_1,,,,,,Drawings/Other drawings (different format)/Fyrtornet 2/1760299_1.pdf; Drawings/Style of drawings/13/1760299_1.pdf; Drawings/Video drawings/1760299_1.pdf,,DEVELOPMENT,UNPAIRED,DEVELOPMENT,NOT_A_PAIR
1760300_1,,,,,,Drawings/Other drawings (different format)/Fyrtornet 2/1760300_1.pdf; Drawings/Style of drawings/13/1760300_1.pdf; Drawings/Video drawings/1760300_1.pdf,,DEVELOPMENT,UNPAIRED,DEVELOPMENT,NOT_A_PAIR
1760301_1,,,,,,Drawings/Other drawings (different format)/Fyrtornet 2/1760301_1.pdf; Drawings/Style of drawings/13/1760301_1.pdf; Drawings/Video drawings/1760301_1.pdf,,DEVELOPMENT,UNPAIRED,DEVELOPMENT,NOT_A_PAIR
1760302_1,,,,,,Drawings/Other drawings (different format)/Fyrtornet 2/1760302_1.pdf; Drawings/Style of drawings/13/1760302_1.pdf; Drawings/Video drawings/1760302_1.pdf,,DEVELOPMENT,UNPAIRED,DEVELOPMENT,NOT_A_PAIR
1760303_1,,,,,,Drawings/Other drawings (different format)/Fyrtornet 2/1760303_1.pdf; Drawings/Style of drawings/13/1760303_1.pdf; Drawings/Video drawings/1760303_1.pdf,,DEVELOPMENT,UNPAIRED,DEVELOPMENT,NOT_A_PAIR
1760304_1,,,,,,Drawings/Other drawings (different format)/Fyrtornet 2/1760304_1.pdf; Drawings/Style of drawings/13/1760304_1.pdf; Drawings/Video drawings/1760304_1.pdf,,DEVELOPMENT,UNPAIRED,DEVELOPMENT,NOT_A_PAIR
1760305_1,,,,,,Drawings/Other drawings (different format)/Fyrtornet 2/1760305_1.pdf; Drawings/Style of drawings/13/1760305_1.pdf; Drawings/Video drawings/1760305_1.pdf,,DEVELOPMENT,UNPAIRED,DEVELOPMENT,NOT_A_PAIR
1760306_1,,,,,,Drawings/Other drawings (different format)/Fyrtornet 2/1760306_1.pdf; Drawings/Style of drawings/13/1760306_1.pdf; Drawings/Video drawings/1760306_1.pdf,,DEVELOPMENT,UNPAIRED,DEVELOPMENT,NOT_A_PAIR
1760307_1,,,,,,Drawings/Other drawings (different format)/Fyrtornet 2/1760307_1.pdf; Drawings/Style of drawings/13/1760307_1.pdf; Drawings/Video drawings/1760307_1.pdf,,DEVELOPMENT,UNPAIRED,DEVELOPMENT,NOT_A_PAIR
1760308_1,,,,,,Drawings/Other drawings (different format)/Fyrtornet 2/1760308_1.pdf; Drawings/Style of drawings/13/1760308_1.pdf; Drawings/Video drawings/1760308_1.pdf,,DEVELOPMENT,UNPAIRED,DEVELOPMENT,NOT_A_PAIR
1760309_1,,,,,,Drawings/Other drawings (different format)/Fyrtornet 2/1760309_1.pdf; Drawings/Style of drawings/13/1760309_1.pdf; Drawings/Video drawings/1760309_1.pdf,,DEVELOPMENT,UNPAIRED,DEVELOPMENT,NOT_A_PAIR
1760310_1,,,,,,Drawings/Other drawings (different format)/Fyrtornet 2/1760310_1.pdf; Drawings/Style of drawings/13/1760310_1.pdf; Drawings/Video drawings/1760310_1.pdf,,DEVELOPMENT,UNPAIRED,DEVELOPMENT,NOT_A_PAIR
1760311_1,,,,,,Drawings/Other drawings (different format)/Fyrtornet 2/1760311_1.pdf; Drawings/Style of drawings/13/1760311_1.pdf; Drawings/Video drawings/1760311_1.pdf,,DEVELOPMENT,UNPAIRED,DEVELOPMENT,NOT_A_PAIR
1760312_1,,,,,,Drawings/Other drawings (different format)/Fyrtornet 2/1760312_1.pdf; Drawings/Style of drawings/13/1760312_1.pdf; Drawings/Video drawings/1760312_1.pdf,,DEVELOPMENT,UNPAIRED,DEVELOPMENT,NOT_A_PAIR
1760313_1,,,,,,Drawings/Other drawings (different format)/Fyrtornet 2/1760313_1.pdf; Drawings/Style of drawings/13/1760313_1.pdf; Drawings/Video drawings/1760313_1.pdf,,DEVELOPMENT,UNPAIRED,DEVELOPMENT,NOT_A_PAIR
1760314_1,,,,,,Drawings/Other drawings (different format)/Fyrtornet 2/1760314_1.pdf; Drawings/Style of drawings/13/1760314_1.pdf; Drawings/Video drawings/1760314_1.pdf,,DEVELOPMENT,UNPAIRED,DEVELOPMENT,NOT_A_PAIR
1760315_1,,,,,,Drawings/Other drawings (different format)/Fyrtornet 2/1760315_1.pdf; Drawings/Style of drawings/13/1760315_1.pdf; Drawings/Video drawings/1760315_1.pdf,,DEVELOPMENT,UNPAIRED,DEVELOPMENT,NOT_A_PAIR
1760316_1,,,,,,Drawings/Other drawings (different format)/Fyrtornet 2/1760316_1.pdf; Drawings/Style of drawings/13/1760316_1.pdf; Drawings/Video drawings/1760316_1.pdf,,DEVELOPMENT,UNPAIRED,DEVELOPMENT,NOT_A_PAIR
1760317_1,,,,,,Drawings/Other drawings (different format)/Fyrtornet 2/1760317_1.pdf; Drawings/Style of drawings/13/1760317_1.pdf; Drawings/Video drawings/1760317_1.pdf,,DEVELOPMENT,UNPAIRED,DEVELOPMENT,NOT_A_PAIR
1760318_1,,,,,,Drawings/Video drawings/1760318_1.pdf,,DEVELOPMENT,UNPAIRED,DEVELOPMENT,NOT_A_PAIR
R9UHA10-CLB001-001,,,,,,Drawings/Other drawings (different format)/R9UHA10-CLB001-001.pdf; Drawings/Other drawings (different format)/Ritningar/R9UHA10-CLB001-001.pdf; Drawings/Style of drawings/8/R9UHA10-CLB001-001.pdf,,DEVELOPMENT,UNPAIRED,DEVELOPMENT,NOT_A_PAIR
R9UHA10-CLB001-002,,,,,,Drawings/Other drawings (different format)/R9UHA10-CLB001-002.pdf; Drawings/Other drawings (different format)/Ritningar/R9UHA10-CLB001-002.pdf; Drawings/Pipe studio - style-source-pdfs/03 - Sweco - AutoCAD 2023 - pdfplot16 - Hairline/R9UHA10-CLB001-002.pdf; Drawings/Style of drawings/8/R9UHA10-CLB001-002.pdf,,DEVELOPMENT,UNPAIRED,DEVELOPMENT,NOT_A_PAIR
R9UHA10-CLB001-003,,,,,,Drawings/Other drawings (different format)/R9UHA10-CLB001-003.pdf; Drawings/Other drawings (different format)/Ritningar/R9UHA10-CLB001-003.pdf; Drawings/Style of drawings/8/R9UHA10-CLB001-003.pdf,,DEVELOPMENT,UNPAIRED,DEVELOPMENT,NOT_A_PAIR
R9UHA10-CLB001-004,,,,,,Drawings/Other drawings (different format)/R9UHA10-CLB001-004.pdf; Drawings/Other drawings (different format)/Ritningar/R9UHA10-CLB001-004.pdf; Drawings/Scales/R9UHA10-CLB001-004.pdf; Drawings/Style of drawings/8/R9UHA10-CLB001-004.pdf,,DEVELOPMENT,UNPAIRED,DEVELOPMENT,NOT_A_PAIR
V-50-1-0010,,,,,,Drawings/Other drawings (different format)/TOFTASKOLAN HUS B/V-50-1-010 HT.pdf; Drawings/Other drawings (different format)/TOFTASKOLAN HUS B/V-50-1-010.pdf,,DEVELOPMENT,UNPAIRED,DEVELOPMENT,NOT_A_PAIR
V-50-1-0020,,,,,,Drawings/Other drawings (different format)/TOFTASKOLAN HUS B/V-50-1-020 HT.pdf; Drawings/Other drawings (different format)/TOFTASKOLAN HUS B/V-50-1-020.pdf,,DEVELOPMENT,UNPAIRED,DEVELOPMENT,NOT_A_PAIR
V-50-1-0811,,,,,,"Drawings/Other drawings (different format)/Axis/V50-1-0811 - Plan B2, Del 11, Värme & Sanitäranlägg-.pdf; Drawings/Style of drawings/7/V50-1-0811 - Plan B2, Del 11, Värme & Sanitäranlägg-.pdf",,,UNPAIRED,UNEXPOSED_SO_FAR,NOT_A_PAIR
V-50-1-0812,,,,,,"Drawings/Other drawings (different format)/Axis/V50-1-0812 - Plan B2, Del 12, Värme & Sanitäranlägg-.pdf; Drawings/Style of drawings/7/V50-1-0812 - Plan B2, Del 12, Värme & Sanitäranlägg-.pdf",,,UNPAIRED,UNEXPOSED_SO_FAR,NOT_A_PAIR
V-50-1-0813,,,,,,"Drawings/Other drawings (different format)/Axis/V50-1-0813 - Plan B2, Del 13, Värme & Sanitäranlägg-.pdf; Drawings/Style of drawings/7/V50-1-0813 - Plan B2, Del 13, Värme & Sanitäranlägg-.pdf",,,UNPAIRED,UNEXPOSED_SO_FAR,NOT_A_PAIR
V-50-1-0814,,,,,,"Drawings/Other drawings (different format)/Axis/V50-1-0814 - Plan B2, Del 14, Värme & Sanitäranlägg-.pdf; Drawings/Style of drawings/7/V50-1-0814 - Plan B2, Del 14, Värme & Sanitäranlägg-.pdf",,,UNPAIRED,UNEXPOSED_SO_FAR,NOT_A_PAIR
V-50-1-0821,,,,,,"Drawings/Other drawings (different format)/Axis/V50-1-0821 - Plan B2, Del 21, Värme & Sanitäranlägg-.pdf; Drawings/Other drawings (different format)/Ritningar/V50-1-0821 - Plan B2, Del 21, Värme & Sanitäranlägg-.pdf; Drawings/Style of drawings/7/V50-1-0821 - Plan B2, Del 21, Värme & Sanitäranlägg-.pdf",,DEVELOPMENT,UNPAIRED,DEVELOPMENT,NOT_A_PAIR
V-50-1-0822,,,,,,"Drawings/Other drawings (different format)/Axis/V50-1-0822 - Plan B2, Del 22, Värme & Sanitäranlägg-.pdf; Drawings/Other drawings (different format)/Ritningar/V50-1-0822 - Plan B2, Del 22, Värme & Sanitäranlägg-.pdf; Drawings/Style of drawings/7/V50-1-0822 - Plan B2, Del 22, Värme & Sanitäranlägg-.pdf",,DEVELOPMENT,UNPAIRED,DEVELOPMENT,NOT_A_PAIR
V-50-1-0823,,,,,,"Drawings/Other drawings (different format)/Axis/V50-1-0823 - Plan B2, Del 23, Värme & Sanitäranlägg-.pdf; Drawings/Other drawings (different format)/Ritningar/V50-1-0823 - Plan B2, Del 23, Värme & Sanitäranlägg-.pdf; Drawings/Style of drawings/7/V50-1-0823 - Plan B2, Del 23, Värme & Sanitäranlägg-.pdf",,DEVELOPMENT,UNPAIRED,DEVELOPMENT,NOT_A_PAIR
V-50-1-0824,,,,,,"Drawings/Other drawings (different format)/Axis/V50-1-0824 - Plan B2, Del 24, Värme & Sanitäranlägg-.pdf; Drawings/Other drawings (different format)/Ritningar/V50-1-0824 - Plan B2, Del 24, Värme & Sanitäranlägg-.pdf; Drawings/Style of drawings/7/V50-1-0824 - Plan B2, Del 24, Värme & Sanitäranlägg-.pdf",,DEVELOPMENT,UNPAIRED,DEVELOPMENT,NOT_A_PAIR
V-50-1-0832,,,,,,"Drawings/Other drawings (different format)/Axis/V50-1-0832 - Plan B2, Del 32, Värme & Sanitäranlägg-.pdf; Drawings/Other drawings (different format)/Ritningar/V50-1-0832 - Plan B2, Del 32, Värme & Sanitäranlägg-.pdf; Drawings/Style of drawings/7/V50-1-0832 - Plan B2, Del 32, Värme & Sanitäranlägg-.pdf",,DEVELOPMENT,UNPAIRED,DEVELOPMENT,NOT_A_PAIR
V-50-1-0834,,,,,,"Drawings/Other drawings (different format)/Axis/V50-1-0834 - Plan B2, Del 34, Värme & Sanitäranlägg-.pdf; Drawings/Other drawings (different format)/Ritningar/V50-1-0834 - Plan B2, Del 34, Värme & Sanitäranlägg-.pdf; Drawings/Style of drawings/7/V50-1-0834 - Plan B2, Del 34, Värme & Sanitäranlägg-.pdf",,DEVELOPMENT,UNPAIRED,DEVELOPMENT,NOT_A_PAIR
V-50-1-0841,,,,,,"Drawings/Other drawings (different format)/Axis/V50-1-0841 - Plan B2, Del 41, Värme & Sanitäranlägg-.pdf; Drawings/Other drawings (different format)/Ritningar/V50-1-0841 - Plan B2, Del 41, Värme & Sanitäranlägg-.pdf; Drawings/Style of drawings/7/V50-1-0841 - Plan B2, Del 41, Värme & Sanitäranlägg-.pdf",,DEVELOPMENT,UNPAIRED,DEVELOPMENT,NOT_A_PAIR
V-50-1-0842,,,,,,"Drawings/Other drawings (different format)/Axis/V50-1-0842 - Plan B2, Del 42, Värme & Sanitäranlägg-.pdf; Drawings/Other drawings (different format)/Ritningar/V50-1-0842 - Plan B2, Del 42, Värme & Sanitäranlägg-.pdf; Drawings/Pipe studio - style-source-pdfs/04 - VVS Konsulterna - Revit - Bluebeam Brewery 5.0/V50-1-0842 - Plan B2, Del 42, Värme & Sanitäranlägg-.pdf; Drawings/Style of drawings/7/V50-1-0842 - Plan B2, Del 42, Värme & Sanitäranlägg-.pdf",,DEVELOPMENT,UNPAIRED,DEVELOPMENT,NOT_A_PAIR
V-50-1-0843,,,,,,"Drawings/Other drawings (different format)/Axis/V50-1-0843 - Plan B2, Del 43, Värme & Sanitäranlägg-.pdf; Drawings/Other drawings (different format)/Ritningar/V50-1-0843 - Plan B2, Del 43, Värme & Sanitäranlägg-.pdf; Drawings/Style of drawings/7/V50-1-0843 - Plan B2, Del 43, Värme & Sanitäranlägg-.pdf",,DEVELOPMENT,UNPAIRED,DEVELOPMENT,NOT_A_PAIR
V-50-1-0844,,,,,,"Drawings/Other drawings (different format)/Axis/V50-1-0844 - Plan B2, Del 44, Värme & Sanitäranlägg-.pdf; Drawings/Other drawings (different format)/Ritningar/V50-1-0844 - Plan B2, Del 44, Värme & Sanitäranlägg-.pdf; Drawings/Style of drawings/7/V50-1-0844 - Plan B2, Del 44, Värme & Sanitäranlägg-.pdf",,DEVELOPMENT,UNPAIRED,DEVELOPMENT,NOT_A_PAIR
V-50-1-0911,,,,,,"Drawings/Other drawings (different format)/Axis/V50-1-0911 - Plan B1, Del 11, Värme & Sanitäranlägg-.pdf; Drawings/Style of drawings/7/V50-1-0911 - Plan B1, Del 11, Värme & Sanitäranlägg-.pdf",,,UNPAIRED,UNEXPOSED_SO_FAR,NOT_A_PAIR
V-50-1-0912,,,,,,"Drawings/Other drawings (different format)/Axis/V50-1-0912 - Plan B1, Del 12, Värme & Sanitäranlägg-.pdf; Drawings/Style of drawings/7/V50-1-0912 - Plan B1, Del 12, Värme & Sanitäranlägg-.pdf",,,UNPAIRED,UNEXPOSED_SO_FAR,NOT_A_PAIR
V-50-1-0913,,,,,,"Drawings/Other drawings (different format)/Axis/V50-1-0913 - Plan B1, Del 13, Värme & Sanitäranlägg-.pdf; Drawings/Style of drawings/7/V50-1-0913 - Plan B1, Del 13, Värme & Sanitäranlägg-.pdf",,,UNPAIRED,UNEXPOSED_SO_FAR,NOT_A_PAIR
V-50-1-0914,,,,,,"Drawings/Other drawings (different format)/Axis/V50-1-0914 - Plan B1, Del 14, Värme & Sanitäranlägg-.pdf; Drawings/Style of drawings/7/V50-1-0914 - Plan B1, Del 14, Värme & Sanitäranlägg-.pdf",,,UNPAIRED,UNEXPOSED_SO_FAR,NOT_A_PAIR
V-50-1-0921,,,,,,"Drawings/Other drawings (different format)/Axis/V50-1-0921 - Plan B1, Del 21, Värme & Sanitäranlägg-.pdf; Drawings/Style of drawings/7/V50-1-0921 - Plan B1, Del 21, Värme & Sanitäranlägg-.pdf",,,UNPAIRED,UNEXPOSED_SO_FAR,NOT_A_PAIR
V-50-1-0922,,,,,,"Drawings/Other drawings (different format)/Axis/V50-1-0922 - Plan B1, Del 22, Värme & Sanitäranlägg-.pdf; Drawings/Style of drawings/7/V50-1-0922 - Plan B1, Del 22, Värme & Sanitäranlägg-.pdf",,,UNPAIRED,UNEXPOSED_SO_FAR,NOT_A_PAIR
V-50-1-0923,,,,,,"Drawings/Other drawings (different format)/Axis/V50-1-0923 - Plan B1, Del 23, Värme & Sanitäranlägg-.pdf; Drawings/Style of drawings/7/V50-1-0923 - Plan B1, Del 23, Värme & Sanitäranlägg-.pdf",,,UNPAIRED,UNEXPOSED_SO_FAR,NOT_A_PAIR
V-50-1-0924,,,,,,"Drawings/Other drawings (different format)/Axis/V50-1-0924 - Plan B1, Del 24, Värme & Sanitäranlägg-.pdf; Drawings/Style of drawings/7/V50-1-0924 - Plan B1, Del 24, Värme & Sanitäranlägg-.pdf",,,UNPAIRED,UNEXPOSED_SO_FAR,NOT_A_PAIR
V-50-1-0932,,,,,,"Drawings/Other drawings (different format)/Axis/V50-1-0932 - Plan B1, Del 32, Värme & Sanitäranlägg-.pdf; Drawings/Style of drawings/7/V50-1-0932 - Plan B1, Del 32, Värme & Sanitäranlägg-.pdf",,,UNPAIRED,UNEXPOSED_SO_FAR,NOT_A_PAIR
V-50-1-0934,,,,,,"Drawings/Other drawings (different format)/Axis/V50-1-0934 - Plan B1, Del 34, Värme & Sanitäranlägg-.pdf; Drawings/Style of drawings/7/V50-1-0934 - Plan B1, Del 34, Värme & Sanitäranlägg-.pdf",,,UNPAIRED,UNEXPOSED_SO_FAR,NOT_A_PAIR
V-50-1-0941,,,,,,"Drawings/Other drawings (different format)/Axis/V50-1-0941 - Plan B1, Del 41, Värme & Sanitäranlägg-.pdf; Drawings/Style of drawings/7/V50-1-0941 - Plan B1, Del 41, Värme & Sanitäranlägg-.pdf",,,UNPAIRED,UNEXPOSED_SO_FAR,NOT_A_PAIR
V-50-1-0942,,,,,,"Drawings/Other drawings (different format)/Axis/V50-1-0942 - Plan B1, Del 42, Värme & Sanitäranlägg-.pdf; Drawings/Style of drawings/7/V50-1-0942 - Plan B1, Del 42, Värme & Sanitäranlägg-.pdf",,,UNPAIRED,UNEXPOSED_SO_FAR,NOT_A_PAIR
V-50-1-0943,,,,,,"Drawings/Other drawings (different format)/Axis/V50-1-0943 - Plan B1, Del 43, Värme & Sanitäranlägg-.pdf; Drawings/Style of drawings/7/V50-1-0943 - Plan B1, Del 43, Värme & Sanitäranlägg-.pdf",,,UNPAIRED,UNEXPOSED_SO_FAR,NOT_A_PAIR
V-50-1-0944,,,,,,"Drawings/Other drawings (different format)/Axis/V50-1-0944 - Plan B1, Del 44, Värme & Sanitäranlägg-.pdf; Drawings/Style of drawings/7/V50-1-0944 - Plan B1, Del 44, Värme & Sanitäranlägg-.pdf",,,UNPAIRED,UNEXPOSED_SO_FAR,NOT_A_PAIR
V-50-1-1011,,,,,,"Drawings/Other drawings (different format)/Axis/V50-1-1011 - Plan 01, Del 11, Värme & Sanitäranlägg-.pdf; Drawings/Style of drawings/7/V50-1-1011 - Plan 01, Del 11, Värme & Sanitäranlägg-.pdf",,,UNPAIRED,UNEXPOSED_SO_FAR,NOT_A_PAIR
V-50-1-1012,,,,,,"Drawings/Other drawings (different format)/Axis/V50-1-1012 - Plan 01, Del 12, Värme & Sanitäranlägg-.pdf; Drawings/Style of drawings/7/V50-1-1012 - Plan 01, Del 12, Värme & Sanitäranlägg-.pdf",,,UNPAIRED,UNEXPOSED_SO_FAR,NOT_A_PAIR
V-50-1-1013,,,,,,"Drawings/Other drawings (different format)/Axis/V50-1-1013 - Plan 01, Del 13, Värme & Sanitäranlägg-.pdf; Drawings/Style of drawings/7/V50-1-1013 - Plan 01, Del 13, Värme & Sanitäranlägg-.pdf",,,UNPAIRED,UNEXPOSED_SO_FAR,NOT_A_PAIR
V-50-1-1014,,,,,,"Drawings/Other drawings (different format)/Axis/V50-1-1014 - Plan 01, Del 14, Värme & Sanitäranlägg-.pdf; Drawings/Style of drawings/7/V50-1-1014 - Plan 01, Del 14, Värme & Sanitäranlägg-.pdf",,,UNPAIRED,UNEXPOSED_SO_FAR,NOT_A_PAIR
V-50-1-1021,,,,,,"Drawings/Other drawings (different format)/Axis/V50-1-1021 - Plan 01, Del 21, Värme & Sanitäranlägg-.pdf; Drawings/Style of drawings/7/V50-1-1021 - Plan 01, Del 21, Värme & Sanitäranlägg-.pdf",,,UNPAIRED,UNEXPOSED_SO_FAR,NOT_A_PAIR
V-50-1-1022,,,,,,"Drawings/Other drawings (different format)/Axis/V50-1-1022 - Plan 01, Del 22, Värme & Sanitäranlägg-.pdf; Drawings/Style of drawings/7/V50-1-1022 - Plan 01, Del 22, Värme & Sanitäranlägg-.pdf",,,UNPAIRED,UNEXPOSED_SO_FAR,NOT_A_PAIR
V-50-1-1023,,,,,,"Drawings/Other drawings (different format)/Axis/V50-1-1023 - Plan 01, Del 23, Värme & Sanitäranlägg-.pdf; Drawings/Style of drawings/7/V50-1-1023 - Plan 01, Del 23, Värme & Sanitäranlägg-.pdf",,,UNPAIRED,UNEXPOSED_SO_FAR,NOT_A_PAIR
V-50-1-1024,,,,,,"Drawings/Other drawings (different format)/Axis/V50-1-1024 - Plan 01, Del 24, Värme & Sanitäranlägg-.pdf; Drawings/Style of drawings/7/V50-1-1024 - Plan 01, Del 24, Värme & Sanitäranlägg-.pdf",,,UNPAIRED,UNEXPOSED_SO_FAR,NOT_A_PAIR
V-50-1-1032,,,,,,"Drawings/Other drawings (different format)/Axis/V50-1-1032 - Plan 01, Del 32, Värme & Sanitäranlägg-.pdf; Drawings/Style of drawings/7/V50-1-1032 - Plan 01, Del 32, Värme & Sanitäranlägg-.pdf",,,UNPAIRED,UNEXPOSED_SO_FAR,NOT_A_PAIR
V-50-1-1034,,,,,,"Drawings/Other drawings (different format)/Axis/V50-1-1034 - Plan 01, Del 34, Värme & Sanitäranlägg-.pdf; Drawings/Style of drawings/7/V50-1-1034 - Plan 01, Del 34, Värme & Sanitäranlägg-.pdf",,,UNPAIRED,UNEXPOSED_SO_FAR,NOT_A_PAIR
V-50-1-1041,,,,,,"Drawings/Other drawings (different format)/Axis/V50-1-1041 - Plan 01, Del 41, Värme & Sanitäranlägg-.pdf; Drawings/Style of drawings/7/V50-1-1041 - Plan 01, Del 41, Värme & Sanitäranlägg-.pdf",,,UNPAIRED,UNEXPOSED_SO_FAR,NOT_A_PAIR
V-50-1-1042,,,,,,"Drawings/Other drawings (different format)/Axis/V50-1-1042 - Plan 01, Del 42, Värme & Sanitäranlägg-.pdf; Drawings/Style of drawings/7/V50-1-1042 - Plan 01, Del 42, Värme & Sanitäranlägg-.pdf",,,UNPAIRED,UNEXPOSED_SO_FAR,NOT_A_PAIR
V-50-1-1043,,,,,,"Drawings/Other drawings (different format)/Axis/V50-1-1043 - Plan 01, Del 43, Värme & Sanitäranlägg-.pdf; Drawings/Style of drawings/7/V50-1-1043 - Plan 01, Del 43, Värme & Sanitäranlägg-.pdf",,,UNPAIRED,UNEXPOSED_SO_FAR,NOT_A_PAIR
V-50-1-1044,,,,,,"Drawings/Other drawings (different format)/Axis/V50-1-1044 - Plan 01, Del 44, Värme & Sanitäranlägg-.pdf; Drawings/Style of drawings/7/V50-1-1044 - Plan 01, Del 44, Värme & Sanitäranlägg-.pdf",,,UNPAIRED,UNEXPOSED_SO_FAR,NOT_A_PAIR
V-50-1-1111,,,,,,"Drawings/Other drawings (different format)/Axis/V50-1-1111 - Plan 02, Del 11, Värme & Sanitäranlägg-.pdf; Drawings/Style of drawings/7/V50-1-1111 - Plan 02, Del 11, Värme & Sanitäranlägg-.pdf",,,UNPAIRED,UNEXPOSED_SO_FAR,NOT_A_PAIR
V-50-1-1112,,,,,,"Drawings/Other drawings (different format)/Axis/V50-1-1112 - Plan 02, Del 12, Värme & Sanitäranlägg-.pdf; Drawings/Style of drawings/7/V50-1-1112 - Plan 02, Del 12, Värme & Sanitäranlägg-.pdf",,,UNPAIRED,UNEXPOSED_SO_FAR,NOT_A_PAIR
V-50-1-1113,,,,,,"Drawings/Other drawings (different format)/Axis/V50-1-1113 - Plan 02, Del 13, Värme & Sanitäranlägg-.pdf; Drawings/Style of drawings/7/V50-1-1113 - Plan 02, Del 13, Värme & Sanitäranlägg-.pdf",,,UNPAIRED,UNEXPOSED_SO_FAR,NOT_A_PAIR
V-50-1-1114,,,,,,"Drawings/Other drawings (different format)/Axis/V50-1-1114 - Plan 02, Del 14, Värme & Sanitäranlägg-.pdf; Drawings/Style of drawings/7/V50-1-1114 - Plan 02, Del 14, Värme & Sanitäranlägg-.pdf",,,UNPAIRED,UNEXPOSED_SO_FAR,NOT_A_PAIR
V-50-1-1121,,,,,,"Drawings/Other drawings (different format)/Axis/V50-1-1121 - Plan 02, Del 21, Värme & Sanitäranlägg-.pdf; Drawings/Style of drawings/7/V50-1-1121 - Plan 02, Del 21, Värme & Sanitäranlägg-.pdf",,,UNPAIRED,UNEXPOSED_SO_FAR,NOT_A_PAIR
V-50-1-1122,,,,,,"Drawings/Other drawings (different format)/Axis/V50-1-1122 - Plan 02, Del 22, Värme & Sanitäranlägg-.pdf; Drawings/Style of drawings/7/V50-1-1122 - Plan 02, Del 22, Värme & Sanitäranlägg-.pdf",,,UNPAIRED,UNEXPOSED_SO_FAR,NOT_A_PAIR
V-50-1-1123,,,,,,"Drawings/Other drawings (different format)/Axis/V50-1-1123 - Plan 02, Del 23, Värme & Sanitäranlägg-.pdf; Drawings/Style of drawings/7/V50-1-1123 - Plan 02, Del 23, Värme & Sanitäranlägg-.pdf",,,UNPAIRED,UNEXPOSED_SO_FAR,NOT_A_PAIR
V-50-1-1124,,,,,,"Drawings/Other drawings (different format)/Axis/V50-1-1124 - Plan 02, Del 24, Värme & Sanitäranlägg-.pdf; Drawings/Style of drawings/7/V50-1-1124 - Plan 02, Del 24, Värme & Sanitäranlägg-.pdf",,,UNPAIRED,UNEXPOSED_SO_FAR,NOT_A_PAIR
V-50-1-1132,,,,,,"Drawings/Other drawings (different format)/Axis/V50-1-1132 - Plan 02, Del 32, Värme & Sanitäranlägg-.pdf; Drawings/Style of drawings/7/V50-1-1132 - Plan 02, Del 32, Värme & Sanitäranlägg-.pdf",,,UNPAIRED,UNEXPOSED_SO_FAR,NOT_A_PAIR
V-50-1-1134,,,,,,"Drawings/Other drawings (different format)/Axis/V50-1-1134 - Plan 02, Del 34, Värme & Sanitäranlägg-.pdf; Drawings/Style of drawings/7/V50-1-1134 - Plan 02, Del 34, Värme & Sanitäranlägg-.pdf",,,UNPAIRED,UNEXPOSED_SO_FAR,NOT_A_PAIR
V-50-1-1141,,,,,,"Drawings/Other drawings (different format)/Axis/V50-1-1141 - Plan 02, Del 41, Värme & Sanitäranlägg-.pdf; Drawings/Style of drawings/7/V50-1-1141 - Plan 02, Del 41, Värme & Sanitäranlägg-.pdf",,,UNPAIRED,UNEXPOSED_SO_FAR,NOT_A_PAIR
V-50-1-1142,,,,,,"Drawings/Other drawings (different format)/Axis/V50-1-1142 - Plan 02, Del 42, Värme & Sanitäranlägg-.pdf; Drawings/Style of drawings/7/V50-1-1142 - Plan 02, Del 42, Värme & Sanitäranlägg-.pdf",,,UNPAIRED,UNEXPOSED_SO_FAR,NOT_A_PAIR
V-50-1-1143,,,,,,"Drawings/Other drawings (different format)/Axis/V50-1-1143 - Plan 02, Del 43, Värme & Sanitäranlägg-.pdf; Drawings/Style of drawings/7/V50-1-1143 - Plan 02, Del 43, Värme & Sanitäranlägg-.pdf",,,UNPAIRED,UNEXPOSED_SO_FAR,NOT_A_PAIR
V-50-1-1144,,,,,,"Drawings/Other drawings (different format)/Axis/V50-1-1144 - Plan 02, Del 44, Värme & Sanitäranlägg-.pdf; Drawings/Style of drawings/7/V50-1-1144 - Plan 02, Del 44, Värme & Sanitäranlägg-.pdf",,,UNPAIRED,UNEXPOSED_SO_FAR,NOT_A_PAIR
V-50-1-1211,,,,,,"Drawings/Other drawings (different format)/Axis/V50-1-1211 - Plan 03, Del 11, Värme & Sanitäranlägg-.pdf; Drawings/Style of drawings/7/V50-1-1211 - Plan 03, Del 11, Värme & Sanitäranlägg-.pdf",,,UNPAIRED,UNEXPOSED_SO_FAR,NOT_A_PAIR
V-50-1-1212,,,,,,"Drawings/Other drawings (different format)/Axis/V50-1-1212 - Plan 03, Del 12, Värme & Sanitäranlägg-.pdf; Drawings/Style of drawings/7/V50-1-1212 - Plan 03, Del 12, Värme & Sanitäranlägg-.pdf",,,UNPAIRED,UNEXPOSED_SO_FAR,NOT_A_PAIR
V-50-1-1213,,,,,,"Drawings/Other drawings (different format)/Axis/V50-1-1213 - Plan 03, Del 13, Värme & Sanitäranlägg-.pdf; Drawings/Style of drawings/7/V50-1-1213 - Plan 03, Del 13, Värme & Sanitäranlägg-.pdf",,,UNPAIRED,UNEXPOSED_SO_FAR,NOT_A_PAIR
V-50-1-1214,,,,,,"Drawings/Other drawings (different format)/Axis/V50-1-1214 - Plan 03, Del 14, Värme & Sanitäranlägg-.pdf; Drawings/Style of drawings/7/V50-1-1214 - Plan 03, Del 14, Värme & Sanitäranlägg-.pdf",,,UNPAIRED,UNEXPOSED_SO_FAR,NOT_A_PAIR
V-50-1-1221,,,,,,"Drawings/Other drawings (different format)/Axis/V50-1-1221 - Plan 03, Del 21, Värme & Sanitäranlägg-.pdf; Drawings/Style of drawings/7/V50-1-1221 - Plan 03, Del 21, Värme & Sanitäranlägg-.pdf",,,UNPAIRED,UNEXPOSED_SO_FAR,NOT_A_PAIR
V-50-1-1222,,,,,,"Drawings/Other drawings (different format)/Axis/V50-1-1222 - Plan 03, Del 22, Värme & Sanitäranlägg-.pdf; Drawings/Style of drawings/7/V50-1-1222 - Plan 03, Del 22, Värme & Sanitäranlägg-.pdf",,,UNPAIRED,UNEXPOSED_SO_FAR,NOT_A_PAIR
V-50-1-1223,,,,,,"Drawings/Other drawings (different format)/Axis/V50-1-1223 - Plan 03, Del 23, Värme & Sanitäranlägg-.pdf; Drawings/Style of drawings/7/V50-1-1223 - Plan 03, Del 23, Värme & Sanitäranlägg-.pdf",,,UNPAIRED,UNEXPOSED_SO_FAR,NOT_A_PAIR
V-50-1-1224,,,,,,"Drawings/Other drawings (different format)/Axis/V50-1-1224 - Plan 03, Del 24, Värme & Sanitäranlägg-.pdf; Drawings/Style of drawings/7/V50-1-1224 - Plan 03, Del 24, Värme & Sanitäranlägg-.pdf",,,UNPAIRED,UNEXPOSED_SO_FAR,NOT_A_PAIR
V-50-1-1232,,,,,,"Drawings/Other drawings (different format)/Axis/V50-1-1232 - Plan 03, Del 32, Värme & Sanitäranlägg-.pdf; Drawings/Style of drawings/7/V50-1-1232 - Plan 03, Del 32, Värme & Sanitäranlägg-.pdf",,,UNPAIRED,UNEXPOSED_SO_FAR,NOT_A_PAIR
V-50-1-1234,,,,,,"Drawings/Other drawings (different format)/Axis/V50-1-1234 - Plan 03, Del 34, Värme & Sanitäranlägg-.pdf; Drawings/Style of drawings/7/V50-1-1234 - Plan 03, Del 34, Värme & Sanitäranlägg-.pdf",,,UNPAIRED,UNEXPOSED_SO_FAR,NOT_A_PAIR
V-50-1-1241,,,,,,"Drawings/Other drawings (different format)/Axis/V50-1-1241 - Plan 03, Del 41, Värme & Sanitäranlägg-.pdf; Drawings/Style of drawings/7/V50-1-1241 - Plan 03, Del 41, Värme & Sanitäranlägg-.pdf",,,UNPAIRED,UNEXPOSED_SO_FAR,NOT_A_PAIR
V-50-1-1242,,,,,,"Drawings/Other drawings (different format)/Axis/V50-1-1242 - Plan 03, Del 42, Värme & Sanitäranlägg-.pdf; Drawings/Style of drawings/7/V50-1-1242 - Plan 03, Del 42, Värme & Sanitäranlägg-.pdf",,,UNPAIRED,UNEXPOSED_SO_FAR,NOT_A_PAIR
V-50-1-1243,,,,,,"Drawings/Other drawings (different format)/Axis/V50-1-1243 - Plan 03, Del 43, Värme & Sanitäranlägg-.pdf; Drawings/Style of drawings/7/V50-1-1243 - Plan 03, Del 43, Värme & Sanitäranlägg-.pdf",,,UNPAIRED,UNEXPOSED_SO_FAR,NOT_A_PAIR
V-50-1-1244,,,,,,"Drawings/Other drawings (different format)/Axis/V50-1-1244 - Plan 03, Del 44, Värme & Sanitäranlägg-.pdf; Drawings/Style of drawings/7/V50-1-1244 - Plan 03, Del 44, Värme & Sanitäranlägg-.pdf",,,UNPAIRED,UNEXPOSED_SO_FAR,NOT_A_PAIR
V-50-1-1311,,,,,,"Drawings/Other drawings (different format)/Axis/V50-1-1311 - Plan 04, Del 11, Värme & Sanitäranlägg-.pdf; Drawings/Style of drawings/7/V50-1-1311 - Plan 04, Del 11, Värme & Sanitäranlägg-.pdf",,,UNPAIRED,UNEXPOSED_SO_FAR,NOT_A_PAIR
V-50-1-1312,,,,,,"Drawings/Other drawings (different format)/Axis/V50-1-1312 - Plan 04, Del 12, Värme & Sanitäranlägg-.pdf; Drawings/Style of drawings/7/V50-1-1312 - Plan 04, Del 12, Värme & Sanitäranlägg-.pdf",,,UNPAIRED,UNEXPOSED_SO_FAR,NOT_A_PAIR
V-50-1-1313,,,,,,"Drawings/Other drawings (different format)/Axis/V50-1-1313 - Plan 04, Del 13, Värme & Sanitäranlägg-.pdf; Drawings/Style of drawings/7/V50-1-1313 - Plan 04, Del 13, Värme & Sanitäranlägg-.pdf",,,UNPAIRED,UNEXPOSED_SO_FAR,NOT_A_PAIR
V-50-1-1314,,,,,,"Drawings/Other drawings (different format)/Axis/V50-1-1314 - Plan 04, Del 14, Värme & Sanitäranlägg-.pdf; Drawings/Style of drawings/7/V50-1-1314 - Plan 04, Del 14, Värme & Sanitäranlägg-.pdf",,,UNPAIRED,UNEXPOSED_SO_FAR,NOT_A_PAIR
V-50-1-1321,,,,,,"Drawings/Other drawings (different format)/Axis/V50-1-1321 - Plan 04, Del 21, Värme & Sanitäranlägg-.pdf; Drawings/Style of drawings/7/V50-1-1321 - Plan 04, Del 21, Värme & Sanitäranlägg-.pdf",,,UNPAIRED,UNEXPOSED_SO_FAR,NOT_A_PAIR
V-50-1-1322,,,,,,"Drawings/Other drawings (different format)/Axis/V50-1-1322 - Plan 04, Del 22, Värme & Sanitäranlägg-.pdf; Drawings/Style of drawings/7/V50-1-1322 - Plan 04, Del 22, Värme & Sanitäranlägg-.pdf",,,UNPAIRED,UNEXPOSED_SO_FAR,NOT_A_PAIR
V-50-1-1323,,,,,,"Drawings/Other drawings (different format)/Axis/V50-1-1323 - Plan 04, Del 23, Värme & Sanitäranlägg-.pdf; Drawings/Style of drawings/7/V50-1-1323 - Plan 04, Del 23, Värme & Sanitäranlägg-.pdf",,,UNPAIRED,UNEXPOSED_SO_FAR,NOT_A_PAIR
V-50-1-1324,,,,,,"Drawings/Other drawings (different format)/Axis/V50-1-1324 - Plan 04, Del 24, Värme & Sanitäranlägg-.pdf; Drawings/Style of drawings/7/V50-1-1324 - Plan 04, Del 24, Värme & Sanitäranlägg-.pdf",,,UNPAIRED,UNEXPOSED_SO_FAR,NOT_A_PAIR
V-50-1-1332,,,,,,"Drawings/Other drawings (different format)/Axis/V50-1-1332 - Plan 04, Del 32, Värme & Sanitäranlägg-.pdf; Drawings/Style of drawings/7/V50-1-1332 - Plan 04, Del 32, Värme & Sanitäranlägg-.pdf",,,UNPAIRED,UNEXPOSED_SO_FAR,NOT_A_PAIR
V-50-1-1334,,,,,,"Drawings/Other drawings (different format)/Axis/V50-1-1334 - Plan 04, Del 34, Värme & Sanitäranlägg-.pdf; Drawings/Style of drawings/7/V50-1-1334 - Plan 04, Del 34, Värme & Sanitäranlägg-.pdf",,,UNPAIRED,UNEXPOSED_SO_FAR,NOT_A_PAIR
V-50-1-1341,,,,,,"Drawings/Other drawings (different format)/Axis/V50-1-1341 - Plan 04, Del 41, Värme & Sanitäranlägg-.pdf; Drawings/Style of drawings/7/V50-1-1341 - Plan 04, Del 41, Värme & Sanitäranlägg-.pdf",,,UNPAIRED,UNEXPOSED_SO_FAR,NOT_A_PAIR
V-50-1-1342,,,,,,"Drawings/Other drawings (different format)/Axis/V50-1-1342 - Plan 04, Del 42, Värme & Sanitäranlägg-.pdf; Drawings/Style of drawings/7/V50-1-1342 - Plan 04, Del 42, Värme & Sanitäranlägg-.pdf",,,UNPAIRED,UNEXPOSED_SO_FAR,NOT_A_PAIR
V-50-1-1343,,,,,,"Drawings/Other drawings (different format)/Axis/V50-1-1343 - Plan 04, Del 43, Värme & Sanitäranlägg-.pdf; Drawings/Style of drawings/7/V50-1-1343 - Plan 04, Del 43, Värme & Sanitäranlägg-.pdf",,,UNPAIRED,UNEXPOSED_SO_FAR,NOT_A_PAIR
V-50-1-1344,,,,,,"Drawings/Other drawings (different format)/Axis/V50-1-1344 - Plan 04, Del 44, Värme & Sanitäranlägg-.pdf; Drawings/Style of drawings/7/V50-1-1344 - Plan 04, Del 44, Värme & Sanitäranlägg-.pdf",,,UNPAIRED,UNEXPOSED_SO_FAR,NOT_A_PAIR
V-50-1-1411,,,,,,"Drawings/Other drawings (different format)/Axis/V50-1-1411 - Plan 05, Del 11, Värme & Sanitäranlägg-.pdf; Drawings/Style of drawings/7/V50-1-1411 - Plan 05, Del 11, Värme & Sanitäranlägg-.pdf",,,UNPAIRED,UNEXPOSED_SO_FAR,NOT_A_PAIR
V-50-1-1412,,,,,,"Drawings/Other drawings (different format)/Axis/V50-1-1412 - Plan 05, Del 12, Värme & Sanitäranlägg-.pdf; Drawings/Style of drawings/7/V50-1-1412 - Plan 05, Del 12, Värme & Sanitäranlägg-.pdf",,,UNPAIRED,UNEXPOSED_SO_FAR,NOT_A_PAIR
V-50-1-1413,,,,,,"Drawings/Other drawings (different format)/Axis/V50-1-1413 - Plan 05, Del 13, Värme & Sanitäranlägg-.pdf; Drawings/Style of drawings/7/V50-1-1413 - Plan 05, Del 13, Värme & Sanitäranlägg-.pdf",,,UNPAIRED,UNEXPOSED_SO_FAR,NOT_A_PAIR
V-50-1-1421,,,,,,"Drawings/Other drawings (different format)/Axis/V50-1-1421 - Plan 05, Del 21, Värme & Sanitäranlägg-.pdf; Drawings/Style of drawings/7/V50-1-1421 - Plan 05, Del 21, Värme & Sanitäranlägg-.pdf",,,UNPAIRED,UNEXPOSED_SO_FAR,NOT_A_PAIR
V-50-1-1422,,,,,,"Drawings/Other drawings (different format)/Axis/V50-1-1422 - Plan 05, Del 22, Värme & Sanitäranlägg-.pdf; Drawings/Style of drawings/7/V50-1-1422 - Plan 05, Del 22, Värme & Sanitäranlägg-.pdf",,,UNPAIRED,UNEXPOSED_SO_FAR,NOT_A_PAIR
V-50-1-1423,,,,,,"Drawings/Other drawings (different format)/Axis/V50-1-1423 - Plan 05, Del 23, Värme & Sanitäranlägg-.pdf; Drawings/Style of drawings/7/V50-1-1423 - Plan 05, Del 23, Värme & Sanitäranlägg-.pdf",,,UNPAIRED,UNEXPOSED_SO_FAR,NOT_A_PAIR
V-50-1-1424,,,,,,"Drawings/Other drawings (different format)/Axis/V50-1-1424 - Plan 05, Del 24, Värme & Sanitäranlägg-.pdf; Drawings/Style of drawings/7/V50-1-1424 - Plan 05, Del 24, Värme & Sanitäranlägg-.pdf",,,UNPAIRED,UNEXPOSED_SO_FAR,NOT_A_PAIR
V-50-1-1432,,,,,,"Drawings/Other drawings (different format)/Axis/V50-1-1432 - Plan 05, Del 32, Värme & Sanitäranlägg-.pdf; Drawings/Style of drawings/7/V50-1-1432 - Plan 05, Del 32, Värme & Sanitäranlägg-.pdf",,,UNPAIRED,UNEXPOSED_SO_FAR,NOT_A_PAIR
V-50-1-1434,,,,,,"Drawings/Other drawings (different format)/Axis/V50-1-1434 - Plan 05, Del 34, Värme & Sanitäranlägg-.pdf; Drawings/Style of drawings/7/V50-1-1434 - Plan 05, Del 34, Värme & Sanitäranlägg-.pdf",,,UNPAIRED,UNEXPOSED_SO_FAR,NOT_A_PAIR
V-50-1-1441,,,,,,"Drawings/Other drawings (different format)/Axis/V50-1-1441 - Plan 05, Del 41, Värme & Sanitäranlägg-.pdf; Drawings/Style of drawings/7/V50-1-1441 - Plan 05, Del 41, Värme & Sanitäranlägg-.pdf",,,UNPAIRED,UNEXPOSED_SO_FAR,NOT_A_PAIR
V-50-1-1442,,,,,,"Drawings/Other drawings (different format)/Axis/V50-1-1442 - Plan 05, Del 42, Värme & Sanitäranlägg-.pdf; Drawings/Style of drawings/7/V50-1-1442 - Plan 05, Del 42, Värme & Sanitäranlägg-.pdf",,,UNPAIRED,UNEXPOSED_SO_FAR,NOT_A_PAIR
V-50-1-1443,,,,,,"Drawings/Other drawings (different format)/Axis/V50-1-1443 - Plan 05, Del 43, Värme & Sanitäranlägg-.pdf; Drawings/Style of drawings/7/V50-1-1443 - Plan 05, Del 43, Värme & Sanitäranlägg-.pdf",,,UNPAIRED,UNEXPOSED_SO_FAR,NOT_A_PAIR
V-50-1-1444,,,,,,"Drawings/Other drawings (different format)/Axis/V50-1-1444 - Plan 05, Del 44, Värme & Sanitäranlägg-.pdf; Drawings/Style of drawings/7/V50-1-1444 - Plan 05, Del 44, Värme & Sanitäranlägg-.pdf",,,UNPAIRED,UNEXPOSED_SO_FAR,NOT_A_PAIR
V-50-1-1511,,,,,,"Drawings/Other drawings (different format)/Axis/V50-1-1511 - Plan 06, Del 11, Värme & Sanitäranlägg-.pdf; Drawings/Style of drawings/7/V50-1-1511 - Plan 06, Del 11, Värme & Sanitäranlägg-.pdf",,,UNPAIRED,UNEXPOSED_SO_FAR,NOT_A_PAIR
V-50-1-1512,,,,,,"Drawings/Other drawings (different format)/Axis/V50-1-1512 - Plan 06, Del 12, Värme & Sanitäranlägg-.pdf; Drawings/Style of drawings/7/V50-1-1512 - Plan 06, Del 12, Värme & Sanitäranlägg-.pdf",,,UNPAIRED,UNEXPOSED_SO_FAR,NOT_A_PAIR
V-50-1-1513,,,,,,"Drawings/Other drawings (different format)/Axis/V50-1-1513 - Plan 06, Del 13, Värme & Sanitäranlägg-.pdf; Drawings/Style of drawings/7/V50-1-1513 - Plan 06, Del 13, Värme & Sanitäranlägg-.pdf",,,UNPAIRED,UNEXPOSED_SO_FAR,NOT_A_PAIR
V-50-1-1514,,,,,,"Drawings/Other drawings (different format)/Axis/V50-1-1514 - Plan 06, Del 14, Värme & Sanitäranlägg-.pdf; Drawings/Style of drawings/7/V50-1-1514 - Plan 06, Del 14, Värme & Sanitäranlägg-.pdf",,,UNPAIRED,UNEXPOSED_SO_FAR,NOT_A_PAIR
V-50-1-1521,,,,,,"Drawings/Other drawings (different format)/Axis/V50-1-1521 - Plan 06, Del 21, Värme & Sanitäranlägg-.pdf; Drawings/Style of drawings/7/V50-1-1521 - Plan 06, Del 21, Värme & Sanitäranlägg-.pdf",,,UNPAIRED,UNEXPOSED_SO_FAR,NOT_A_PAIR
V-50-1-1522,,,,,,"Drawings/Other drawings (different format)/Axis/V50-1-1522 - Plan 06, Del 22, Värme & Sanitäranlägg-.pdf; Drawings/Style of drawings/7/V50-1-1522 - Plan 06, Del 22, Värme & Sanitäranlägg-.pdf",,,UNPAIRED,UNEXPOSED_SO_FAR,NOT_A_PAIR
V-50-1-1523,,,,,,"Drawings/Other drawings (different format)/Axis/V50-1-1523 - Plan 06, Del 23, Värme & Sanitäranlägg-.pdf; Drawings/Style of drawings/7/V50-1-1523 - Plan 06, Del 23, Värme & Sanitäranlägg-.pdf",,,UNPAIRED,UNEXPOSED_SO_FAR,NOT_A_PAIR
V-50-1-1524,,,,,,"Drawings/Other drawings (different format)/Axis/V50-1-1524 - Plan 06, Del 24, Värme & Sanitäranlägg-.pdf; Drawings/Style of drawings/7/V50-1-1524 - Plan 06, Del 24, Värme & Sanitäranlägg-.pdf",,,UNPAIRED,UNEXPOSED_SO_FAR,NOT_A_PAIR
V-50-1-1532,,,,,,"Drawings/Other drawings (different format)/Axis/V50-1-1532 - Plan 06, Del 11, Värme & Sanitäranlägg-.pdf; Drawings/Other drawings (different format)/Axis/V50-1-1532 - Plan 06, Del 32, Värme & Sanitäranlägg-.pdf; Drawings/Style of drawings/7/V50-1-1532 - Plan 06, Del 11, Värme & Sanitäranlägg-.pdf; Drawings/Style of drawings/7/V50-1-1532 - Plan 06, Del 32, Värme & Sanitäranlägg-.pdf",,,UNPAIRED,UNEXPOSED_SO_FAR,NOT_A_PAIR
V-50-1-1534,,,,,,"Drawings/Other drawings (different format)/Axis/V50-1-1534 - Plan 06, Del 34, Värme & Sanitäranlägg-.pdf; Drawings/Style of drawings/7/V50-1-1534 - Plan 06, Del 34, Värme & Sanitäranlägg-.pdf",,,UNPAIRED,UNEXPOSED_SO_FAR,NOT_A_PAIR
V-50-1-1541,,,,,,"Drawings/Other drawings (different format)/Axis/V50-1-1541 - Plan 06, Del 41, Värme & Sanitäranlägg-.pdf; Drawings/Style of drawings/7/V50-1-1541 - Plan 06, Del 41, Värme & Sanitäranlägg-.pdf",,,UNPAIRED,UNEXPOSED_SO_FAR,NOT_A_PAIR
V-50-1-1542,,,,,,"Drawings/Other drawings (different format)/Axis/V50-1-1542 - Plan 06, Del 42, Värme & Sanitäranlägg-.pdf; Drawings/Style of drawings/7/V50-1-1542 - Plan 06, Del 42, Värme & Sanitäranlägg-.pdf",,,UNPAIRED,UNEXPOSED_SO_FAR,NOT_A_PAIR
V-50-1-1543,,,,,,"Drawings/Other drawings (different format)/Axis/V50-1-1543 - Plan 06, Del 43, Värme & Sanitäranlägg-.pdf; Drawings/Style of drawings/7/V50-1-1543 - Plan 06, Del 43, Värme & Sanitäranlägg-.pdf",,,UNPAIRED,UNEXPOSED_SO_FAR,NOT_A_PAIR
V-50-1-1544,,,,,,"Drawings/Other drawings (different format)/Axis/V50-1-1544 - Plan 06, Del 44, Värme & Sanitäranlägg-.pdf; Drawings/Style of drawings/7/V50-1-1544 - Plan 06, Del 44, Värme & Sanitäranlägg-.pdf",,,UNPAIRED,UNEXPOSED_SO_FAR,NOT_A_PAIR
V-50-1-1612,,,,,,"Drawings/Other drawings (different format)/Axis/V50-1-1612 - Plan 07, Del 12, Värme & Sanitäranlägg-.pdf; Drawings/Style of drawings/7/V50-1-1612 - Plan 07, Del 12, Värme & Sanitäranlägg-.pdf",,,UNPAIRED,UNEXPOSED_SO_FAR,NOT_A_PAIR
V-50-1-1614,,,,,,"Drawings/Other drawings (different format)/Axis/V50-1-1614 - Plan 07, Del 14, Värme & Sanitäranlägg-.pdf; Drawings/Style of drawings/7/V50-1-1614 - Plan 07, Del 14, Värme & Sanitäranlägg-.pdf",,,UNPAIRED,UNEXPOSED_SO_FAR,NOT_A_PAIR
V-50-1-1621,,,,,,"Drawings/Other drawings (different format)/Axis/V50-1-1621 - Plan 07, Del 21, Värme & Sanitäranlägg-.pdf; Drawings/Style of drawings/7/V50-1-1621 - Plan 07, Del 21, Värme & Sanitäranlägg-.pdf",,,UNPAIRED,UNEXPOSED_SO_FAR,NOT_A_PAIR
V-50-1-1622,,,,,,"Drawings/Other drawings (different format)/Axis/V50-1-1622 - Plan 07, Del 22, Värme & Sanitäranlägg-.pdf; Drawings/Style of drawings/7/V50-1-1622 - Plan 07, Del 22, Värme & Sanitäranlägg-.pdf",,,UNPAIRED,UNEXPOSED_SO_FAR,NOT_A_PAIR
V-50-1-1623,,,,,,"Drawings/Other drawings (different format)/Axis/V50-1-1623 - Plan 07, Del 23, Värme & Sanitäranlägg-.pdf; Drawings/Style of drawings/7/V50-1-1623 - Plan 07, Del 23, Värme & Sanitäranlägg-.pdf",,,UNPAIRED,UNEXPOSED_SO_FAR,NOT_A_PAIR
V-50-1-1624,,,,,,"Drawings/Other drawings (different format)/Axis/V50-1-1624 - Plan 07, Del 24, Värme & Sanitäranlägg-.pdf; Drawings/Style of drawings/7/V50-1-1624 - Plan 07, Del 24, Värme & Sanitäranlägg-.pdf",,,UNPAIRED,UNEXPOSED_SO_FAR,NOT_A_PAIR
V-50-1-1642,,,,,,"Drawings/Other drawings (different format)/Axis/V50-1-1642 - Plan 07, Del 42, Värme & Sanitäranlägg-.pdf; Drawings/Style of drawings/7/V50-1-1642 - Plan 07, Del 42, Värme & Sanitäranlägg-.pdf",,,UNPAIRED,UNEXPOSED_SO_FAR,NOT_A_PAIR
V-50-1-1644,,,,,,"Drawings/Other drawings (different format)/Axis/V50-1-1644 - Plan 07, Del 44, Värme & Sanitäranlägg-.pdf; Drawings/Style of drawings/7/V50-1-1644 - Plan 07, Del 44, Värme & Sanitäranlägg-.pdf",,,UNPAIRED,UNEXPOSED_SO_FAR,NOT_A_PAIR
V-50-1-1712,,,,,,"Drawings/Other drawings (different format)/Axis/V50-1-1712 - Plan 08, Del 12, Värme & Sanitäranlägg-.pdf; Drawings/Style of drawings/7/V50-1-1712 - Plan 08, Del 12, Värme & Sanitäranlägg-.pdf",,,UNPAIRED,UNEXPOSED_SO_FAR,NOT_A_PAIR
V-50-1-1714,,,,,,"Drawings/Other drawings (different format)/Axis/V50-1-1714 - Plan 08, Del 14, Värme & Sanitäranlägg-.pdf; Drawings/Style of drawings/7/V50-1-1714 - Plan 08, Del 14, Värme & Sanitäranlägg-.pdf",,,UNPAIRED,UNEXPOSED_SO_FAR,NOT_A_PAIR
V-50-1-1721,,,,,,"Drawings/Other drawings (different format)/Axis/V50-1-1721 - Plan 08, Del 21, Värme & Sanitäranlägg-.pdf; Drawings/Style of drawings/7/V50-1-1721 - Plan 08, Del 21, Värme & Sanitäranlägg-.pdf",,,UNPAIRED,UNEXPOSED_SO_FAR,NOT_A_PAIR
V-50-1-1722,,,,,,"Drawings/Other drawings (different format)/Axis/V50-1-1722 - Plan 08, Del 22, Värme & Sanitäranlägg-.pdf; Drawings/Style of drawings/7/V50-1-1722 - Plan 08, Del 22, Värme & Sanitäranlägg-.pdf",,,UNPAIRED,UNEXPOSED_SO_FAR,NOT_A_PAIR
V-50-1-1723,,,,,,"Drawings/Other drawings (different format)/Axis/V50-1-1723 - Plan 08, Del 23, Värme & Sanitäranlägg-.pdf; Drawings/Style of drawings/7/V50-1-1723 - Plan 08, Del 23, Värme & Sanitäranlägg-.pdf",,,UNPAIRED,UNEXPOSED_SO_FAR,NOT_A_PAIR
V-50-1-1724,,,,,,"Drawings/Other drawings (different format)/Axis/V50-1-1724 - Plan 08, Del 24, Värme & Sanitäranlägg-.pdf; Drawings/Style of drawings/7/V50-1-1724 - Plan 08, Del 24, Värme & Sanitäranlägg-.pdf",,,UNPAIRED,UNEXPOSED_SO_FAR,NOT_A_PAIR
V-50-1-1742,,,,,,"Drawings/Other drawings (different format)/Axis/V50-1-1742 - Plan 08, Del 42, Värme & Sanitäranlägg-.pdf; Drawings/Style of drawings/7/V50-1-1742 - Plan 08, Del 42, Värme & Sanitäranlägg-.pdf",,,UNPAIRED,UNEXPOSED_SO_FAR,NOT_A_PAIR
V-50-1-1744,,,,,,"Drawings/Other drawings (different format)/Axis/V50-1-1744 - Plan 08, Del 44, Värme & Sanitäranlägg-.pdf; Drawings/Style of drawings/7/V50-1-1744 - Plan 08, Del 44, Värme & Sanitäranlägg-.pdf",,,UNPAIRED,UNEXPOSED_SO_FAR,NOT_A_PAIR
V-50-1-1823,,,,,,"Drawings/Other drawings (different format)/Axis/V50-1-1823 - Plan 09, Del 23, Värme & Sanitäranlägg-.pdf; Drawings/Style of drawings/7/V50-1-1823 - Plan 09, Del 23, Värme & Sanitäranlägg-.pdf",,,UNPAIRED,UNEXPOSED_SO_FAR,NOT_A_PAIR
V-50-1-1824,,,,,,"Drawings/Other drawings (different format)/Axis/V50-1-1824 - Plan 09, Del 24, Värme & Sanitäranlägg-.pdf; Drawings/Style of drawings/7/V50-1-1824 - Plan 09, Del 24, Värme & Sanitäranlägg-.pdf",,,UNPAIRED,UNEXPOSED_SO_FAR,NOT_A_PAIR
V-50-1-1842,,,,,,"Drawings/Other drawings (different format)/Axis/V50-1-1842 - Plan 09, Del 42, Värme & Sanitäranlägg-.pdf; Drawings/Style of drawings/7/V50-1-1842 - Plan 09, Del 42, Värme & Sanitäranlägg-.pdf",,,UNPAIRED,UNEXPOSED_SO_FAR,NOT_A_PAIR
V-50-1-1844,,,,,,"Drawings/Other drawings (different format)/Axis/V50-1-1844 - Plan 09, Del 44, Värme & Sanitäranlägg-.pdf; Drawings/Style of drawings/7/V50-1-1844 - Plan 09, Del 44, Värme & Sanitäranlägg-.pdf",,,UNPAIRED,UNEXPOSED_SO_FAR,NOT_A_PAIR
V-50-1-1923,,,,,,"Drawings/Other drawings (different format)/Axis/V50-1-1923 - Plan 10, Del 23, Värme & Sanitäranlägg-.pdf; Drawings/Style of drawings/7/V50-1-1923 - Plan 10, Del 23, Värme & Sanitäranlägg-.pdf",,,UNPAIRED,UNEXPOSED_SO_FAR,NOT_A_PAIR
V-50-1-1924,,,,,,"Drawings/Other drawings (different format)/Axis/V50-1-1924 - Plan 10, Del 24, Värme & Sanitäranlägg-.pdf; Drawings/Style of drawings/7/V50-1-1924 - Plan 10, Del 24, Värme & Sanitäranlägg-.pdf",,,UNPAIRED,UNEXPOSED_SO_FAR,NOT_A_PAIR
V-50-1-1942,,,,,,"Drawings/Other drawings (different format)/Axis/V50-1-1942 - Plan 10, Del 42, Värme & Sanitäranlägg-.pdf; Drawings/Style of drawings/7/V50-1-1942 - Plan 10, Del 42, Värme & Sanitäranlägg-.pdf",,,UNPAIRED,UNEXPOSED_SO_FAR,NOT_A_PAIR
V-50-1-A0001,,,,,,Drawings/Other drawings (different format)/Priorn/V-50-1-A0001.pdf; Drawings/Scales/V-50-1-A0001.pdf; Drawings/Style of drawings/12/V-50-1-A0001.pdf,,DEVELOPMENT,UNPAIRED,DEVELOPMENT,NOT_A_PAIR
V-50-1-A0002,,,,,,Drawings/Other drawings (different format)/Priorn/V-50-1-A0002.pdf; Drawings/Style of drawings/12/V-50-1-A0002.pdf,,DEVELOPMENT,UNPAIRED,DEVELOPMENT,NOT_A_PAIR
V-50-1-A0101,,,,,,Drawings/Other drawings (different format)/Priorn/V-50-1-A0101.pdf; Drawings/Pipe studio - style-source-pdfs/01 - AutoCAD - pdfplot14-16 - Ghostscript 9.21/V-50-1-A0101.pdf; Drawings/Style of drawings/12/V-50-1-A0101.pdf,,DEVELOPMENT,UNPAIRED,DEVELOPMENT,NOT_A_PAIR
V-50-1-A0102,,,,,,Drawings/Other drawings (different format)/Priorn/V-50-1-A0102.pdf; Drawings/Style of drawings/12/V-50-1-A0102.pdf,,DEVELOPMENT,UNPAIRED,DEVELOPMENT,NOT_A_PAIR
V-50-1-A0111,Drawings/Bluebeam - set 3 /Without measurement/V-50-1-A0111.pdf; Drawings/CVAT/V-50-1-A0111.pdf,Drawings/Bluebeam - set 3 /V-50-1-A0111.pdf,Drawings/Bluebeam - set 3 /V-50-1-A0111.xlsx,Drawings/Bluebeam - set 3 /V-50-1-A0111.xml,Drawings/CVAT/V-50-1-A0111_cvat_job3293971/annotations.xml,Drawings/Other drawings (different format)/Rundstickan/V-50-1-A0111.pdf,,DEVELOPMENT,READY_FOR_BLIND_VALIDATION,DEVELOPMENT,PAIR_VERIFIED_BY_CONTENT: ren kandidat bär annoteringar som motorn bevisligen tar bort
V-50-1-A0112,Drawings/Bluebeam - set 3 /Without measurement/V-50-1-A0112.pdf; Drawings/CVAT/V-50-1-A0112.pdf,Drawings/Bluebeam - set 3 /V-50-1-A0112.pdf,Drawings/Bluebeam - set 3 /V-50-1-A0112.xlsx,Drawings/Bluebeam - set 3 /V-50-1-A0112.xml,Drawings/CVAT/V-50-1-A0112_cvat_job3293972/annotations.xml,Drawings/Other drawings (different format)/Rundstickan/V-50-1-A0112.pdf,,DEVELOPMENT,READY_FOR_BLIND_VALIDATION,DEVELOPMENT,PAIR_VERIFIED_BY_CONTENT: ren kandidat bär annoteringar som motorn bevisligen tar bort
V-50-1-A0121,Drawings/Bluebeam - set 3 /Without measurement/V-50-1-A0121.pdf; Drawings/CVAT/V-50-1-A0121.pdf,Drawings/Bluebeam - set 3 /V-50-1-A0121.pdf,Drawings/Bluebeam - set 3 /V-50-1-A0121.xlsx,Drawings/Bluebeam - set 3 /V-50-1-A0121.xml,Drawings/CVAT/V-50-1-A0121_cvat_job3293973/annotations.xml,Drawings/Other drawings (different format)/Rundstickan/V-50-1-A0121.pdf,,DEVELOPMENT,READY_FOR_BLIND_VALIDATION,DEVELOPMENT,PAIR_VERIFIED_BY_CONTENT: ren kandidat bär annoteringar som motorn bevisligen tar bort
V-50-1-A0122,Drawings/Bluebeam - set 3 /Without measurement/V-50-1-A0122.pdf; Drawings/CVAT/V-50-1-A0122.pdf,Drawings/Bluebeam - set 3 /V-50-1-A0122.pdf,Drawings/Bluebeam - set 3 /V-50-1-A0122.xlsx,Drawings/Bluebeam - set 3 /V-50-1-A0122.xml,,Drawings/Other drawings (different format)/Rundstickan/V-50-1-A0122.pdf; Drawings/Pipe studio - style-source-pdfs/02 - Sweco - AutoCAD MEP 2020 - pdfplot15/V-50-1-A0122.pdf; Drawings/Scales/V-50-1-A0122.pdf; Drawings/Style of drawings/2/V-50-1-A0122.pdf,,DEVELOPMENT,READY_FOR_BLIND_VALIDATION,DEVELOPMENT,PAIR_VERIFIED_BY_CONTENT: ren kandidat bär annoteringar som motorn bevisligen tar bort
V-50-1-A0123,Drawings/Bluebeam - set 3 /Without measurement/V-50-1-A0123.pdf; Drawings/CVAT/V-50-1-A0123.pdf,Drawings/Bluebeam - set 3 /V-50-1-A0123.pdf,Drawings/Bluebeam - set 3 /V-50-1-A0123.xlsx,Drawings/Bluebeam - set 3 /V-50-1-A0123.xml,Drawings/CVAT/V-50-1-A0123_cvat_job3293975/annotations.xml,Drawings/Other drawings (different format)/Rundstickan/V-50-1-A0123.pdf; Drawings/Style of drawings/2/V-50-1-A0123.pdf,,DEVELOPMENT,READY_FOR_BLIND_VALIDATION,DEVELOPMENT,PAIR_VERIFIED_BY_CONTENT: ren kandidat bär annoteringar som motorn bevisligen tar bort
V-50-1-A0124,Drawings/Bluebeam - set 3 /Without measurement/V-50-1-A0124.pdf; Drawings/CVAT/V-50-1-A0124.pdf,Drawings/Bluebeam - set 3 /V-50-1-A0124.pdf,Drawings/Bluebeam - set 3 /V-50-1-A0124.xlsx,Drawings/Bluebeam - set 3 /V-50-1-A0124.xml,Drawings/CVAT/V-50-1-A0124_cvat_job3293976/annotations.xml,Drawings/Other drawings (different format)/Rundstickan/V-50-1-A0124.pdf,,DEVELOPMENT,READY_FOR_BLIND_VALIDATION,DEVELOPMENT,PAIR_VERIFIED_BY_CONTENT: ren kandidat bär annoteringar som motorn bevisligen tar bort
V-50-1-A0201,,,,,,Drawings/Other drawings (different format)/Priorn/V-50-1-A0201.pdf; Drawings/Style of drawings/12/V-50-1-A0201.pdf,,DEVELOPMENT,UNPAIRED,DEVELOPMENT,NOT_A_PAIR
V-50-1-A0202,,,,,,Drawings/Other drawings (different format)/Priorn/V-50-1-A0202.pdf; Drawings/Style of drawings/12/V-50-1-A0202.pdf,,DEVELOPMENT,UNPAIRED,DEVELOPMENT,NOT_A_PAIR
V-50-1-A0211,Drawings/Bluebeam - set 3 /Without measurement/V-50-1-A0211.pdf; Drawings/CVAT/V-50-1-A0211.pdf,Drawings/Bluebeam - set 3 /V-50-1-A0211.pdf,Drawings/Bluebeam - set 3 /V-50-1-A0211.xlsx,Drawings/Bluebeam - set 3 /V-50-1-A0211.xml,Drawings/CVAT/V-50-1-A0211_cvat_job3293977/annotations.xml,Drawings/Other drawings (different format)/Rundstickan/V-50-1-A0211.pdf,,DEVELOPMENT,READY_FOR_BLIND_VALIDATION,DEVELOPMENT,PAIR_VERIFIED_BY_CONTENT: ren kandidat bär annoteringar som motorn bevisligen tar bort
V-50-1-A0212,Drawings/Bluebeam - set 3 /Without measurement/V-50-1-A0212.pdf; Drawings/CVAT/V-50-1-A0212.pdf,Drawings/Bluebeam - set 3 /V-50-1-A0212.pdf,Drawings/Bluebeam - set 3 /V-50-1-A0212.xlsx,Drawings/Bluebeam - set 3 /V-50-1-A0212.xml,Drawings/CVAT/V-50-1-A0212_cvat_job3293978/annotations.xml,Drawings/Other drawings (different format)/Rundstickan/V-50-1-A0212.pdf,,DEVELOPMENT,READY_FOR_BLIND_VALIDATION,DEVELOPMENT,PAIR_VERIFIED_BY_CONTENT: ren kandidat bär annoteringar som motorn bevisligen tar bort
V-50-1-A0221,Drawings/Bluebeam - set 3 /Without measurement/V-50-1-A0221.pdf; Drawings/CVAT/V-50-1-A0221.pdf,Drawings/Bluebeam - set 3 /V-50-1-A0221.pdf,Drawings/Bluebeam - set 3 /V-50-1-A0221.xlsx,Drawings/Bluebeam - set 3 /V-50-1-A0221.xml,Drawings/CVAT/V-50-1-A0221_cvat_job3293979/annotations.xml,Drawings/Other drawings (different format)/Rundstickan/V-50-1-A0221.pdf,,DEVELOPMENT,READY_FOR_BLIND_VALIDATION,DEVELOPMENT,PAIR_VERIFIED_BY_CONTENT: ren kandidat bär annoteringar som motorn bevisligen tar bort
V-50-1-A0222,Drawings/Bluebeam - set 3 /Without measurement/V-50-1-A0222.pdf; Drawings/CVAT/V-50-1-A0222.pdf,Drawings/Bluebeam - set 3 /V-50-1-A0222.pdf,Drawings/Bluebeam - set 3 /V-50-1-A0222.xlsx,Drawings/Bluebeam - set 3 /V-50-1-A0222.xml,Drawings/CVAT/V-50-1-A0222_cvat_job3293980/annotations.xml,Drawings/Other drawings (different format)/Rundstickan/V-50-1-A0222.pdf,,DEVELOPMENT,READY_FOR_BLIND_VALIDATION,DEVELOPMENT,PAIR_VERIFIED_BY_CONTENT: ren kandidat bär annoteringar som motorn bevisligen tar bort
V-50-1-A0223,Drawings/Bluebeam - set 3 /Without measurement/V-50-1-A0223.pdf; Drawings/CVAT/V-50-1-A0223.pdf,Drawings/Bluebeam - set 3 /V-50-1-A0223.pdf,Drawings/Bluebeam - set 3 /V-50-1-A0223.xlsx,Drawings/Bluebeam - set 3 /V-50-1-A0223.xml,Drawings/CVAT/V-50-1-A0223_cvat_job3293981/annotations.xml,Drawings/Other drawings (different format)/Rundstickan/V-50-1-A0223.pdf,,DEVELOPMENT,READY_FOR_BLIND_VALIDATION,DEVELOPMENT,PAIR_VERIFIED_BY_CONTENT: ren kandidat bär annoteringar som motorn bevisligen tar bort
V-50-1-A0301,,,,,,Drawings/Other drawings (different format)/Priorn/V-50-1-A0301.pdf; Drawings/Style of drawings/12/V-50-1-A0301.pdf,,DEVELOPMENT,UNPAIRED,DEVELOPMENT,NOT_A_PAIR
V-50-1-A0302,,,,,,Drawings/Other drawings (different format)/Priorn/V-50-1-A0302.pdf; Drawings/Style of drawings/12/V-50-1-A0302.pdf,,DEVELOPMENT,UNPAIRED,DEVELOPMENT,NOT_A_PAIR
V-50-1-A0311,Drawings/Bluebeam - set 3 /Without measurement/V-50-1-A0311.pdf; Drawings/CVAT/V-50-1-A0311.pdf,Drawings/Bluebeam - set 3 /V-50-1-A0311.pdf,Drawings/Bluebeam - set 3 /V-50-1-A0311.xlsx,Drawings/Bluebeam - set 3 /V-50-1-A0311.xml,Drawings/CVAT/V-50-1-A0311_cvat_job3293982/annotations.xml,Drawings/Other drawings (different format)/Rundstickan/V-50-1-A0311.pdf,,DEVELOPMENT,READY_FOR_BLIND_VALIDATION,DEVELOPMENT,PAIR_VERIFIED_BY_CONTENT: ren kandidat bär annoteringar som motorn bevisligen tar bort
V-50-1-A0312,Drawings/Bluebeam - set 3 /Without measurement/V-50-1-A0312.pdf; Drawings/CVAT/V-50-1-A0312.pdf,Drawings/Bluebeam - set 3 /V-50-1-A0312.pdf,Drawings/Bluebeam - set 3 /V-50-1-A0312.xlsx,Drawings/Bluebeam - set 3 /V-50-1-A0312.xml,Drawings/CVAT/V-50-1-A0312_cvat_job3293983/annotations.xml,Drawings/Other drawings (different format)/Rundstickan/V-50-1-A0312.pdf,,DEVELOPMENT,READY_FOR_BLIND_VALIDATION,DEVELOPMENT,PAIR_VERIFIED_BY_CONTENT: ren kandidat bär annoteringar som motorn bevisligen tar bort
V-50-1-A0321,Drawings/Bluebeam - set 3 /Without measurement/V-50-1-A0321.pdf; Drawings/CVAT/V-50-1-A0321.pdf,Drawings/Bluebeam - set 3 /V-50-1-A0321.pdf,Drawings/Bluebeam - set 3 /V-50-1-A0321.xlsx,Drawings/Bluebeam - set 3 /V-50-1-A0321.xml,Drawings/CVAT/V-50-1-A0321_cvat_job3293984/annotations.xml,Drawings/Other drawings (different format)/Rundstickan/V-50-1-A0321.pdf,,DEVELOPMENT,READY_FOR_BLIND_VALIDATION,DEVELOPMENT,PAIR_VERIFIED_BY_CONTENT: ren kandidat bär annoteringar som motorn bevisligen tar bort
V-50-1-A0322,Drawings/Bluebeam - set 3 /Without measurement/V-50-1-A0322.pdf; Drawings/CVAT/V-50-1-A0322.pdf,Drawings/Bluebeam - set 3 /V-50-1-A0322.pdf,Drawings/Bluebeam - set 3 /V-50-1-A0322.xlsx,Drawings/Bluebeam - set 3 /V-50-1-A0322.xml,Drawings/CVAT/V-50-1-A0322_cvat_job3293985/annotations.xml,Drawings/Other drawings (different format)/Rundstickan/V-50-1-A0322.pdf,,DEVELOPMENT,READY_FOR_BLIND_VALIDATION,DEVELOPMENT,PAIR_VERIFIED_BY_CONTENT: ren kandidat bär annoteringar som motorn bevisligen tar bort
V-50-1-A0323,Drawings/Bluebeam - set 3 /Without measurement/V-50-1-A0323.pdf,Drawings/Bluebeam - set 3 /V-50-1-A0323.pdf,Drawings/Bluebeam - set 3 /V-50-1-A0323.xlsx,Drawings/Bluebeam - set 3 /V-50-1-A0323.xml,,Drawings/Other drawings (different format)/Rundstickan/V-50-1-A0323.pdf,,DEVELOPMENT,READY_FOR_BLIND_VALIDATION,DEVELOPMENT,PAIR_VERIFIED_BY_CONTENT: ren kandidat bär annoteringar som motorn bevisligen tar bort
V-50-1-A0401,,,,,,Drawings/Other drawings (different format)/Priorn/V-50-1-A0401.pdf; Drawings/Style of drawings/12/V-50-1-A0401.pdf,,DEVELOPMENT,UNPAIRED,DEVELOPMENT,NOT_A_PAIR
V-50-1-A0402,,,,,,Drawings/Other drawings (different format)/Priorn/V-50-1-A0402.pdf; Drawings/Style of drawings/12/V-50-1-A0402.pdf,,DEVELOPMENT,UNPAIRED,DEVELOPMENT,NOT_A_PAIR
V-50-1-A0411,Drawings/Bluebeam - set 3 /Without measurement/V-50-1-A0411.pdf,Drawings/Bluebeam - set 3 /V-50-1-A0411.pdf,Drawings/Bluebeam - set 3 /V-50-1-A0411.xlsx,Drawings/Bluebeam - set 3 /V-50-1-A0411.xml,,Drawings/Other drawings (different format)/Rundstickan/V-50-1-A0411.pdf,,DEVELOPMENT,READY_FOR_BLIND_VALIDATION,DEVELOPMENT,PAIR_VERIFIED_BY_CONTENT: ren kandidat bär annoteringar som motorn bevisligen tar bort
V-50-1-A0412,Drawings/Bluebeam - set 3 /Without measurement/V-50-1-A0412.pdf,Drawings/Bluebeam - set 3 /V-50-1-A0412.pdf,Drawings/Bluebeam - set 3 /V-50-1-A0412.xlsx,Drawings/Bluebeam - set 3 /V-50-1-A0412.xml,,Drawings/Other drawings (different format)/Rundstickan/V-50-1-A0412.pdf; Drawings/Style of drawings/2/V-50-1-A0412.pdf,,DEVELOPMENT,READY_FOR_BLIND_VALIDATION,DEVELOPMENT,PAIR_VERIFIED_BY_CONTENT: ren kandidat bär annoteringar som motorn bevisligen tar bort
V-50-1-A0421,Drawings/Bluebeam - set 3 /Without measurement/V-50-1-A0421.pdf,Drawings/Bluebeam - set 3 /V-50-1-A0421.pdf,Drawings/Bluebeam - set 3 /V-50-1-A0421.xlsx,Drawings/Bluebeam - set 3 /V-50-1-A0421.xml,,Drawings/Other drawings (different format)/Rundstickan/V-50-1-A0421.pdf,,DEVELOPMENT,READY_FOR_BLIND_VALIDATION,DEVELOPMENT,PAIR_VERIFIED_BY_CONTENT: ren kandidat bär annoteringar som motorn bevisligen tar bort
V-50-1-A0422,Drawings/Bluebeam - set 3 /Without measurement/V-50-1-A0422.pdf,Drawings/Bluebeam - set 3 /V-50-1-A0422.pdf,Drawings/Bluebeam - set 3 /V-50-1-A0422.xlsx,Drawings/Bluebeam - set 3 /V-50-1-A0422.xml,,Drawings/Other drawings (different format)/Rundstickan/V-50-1-A0422.pdf,,DEVELOPMENT,READY_FOR_BLIND_VALIDATION,DEVELOPMENT,PAIR_VERIFIED_BY_CONTENT: ren kandidat bär annoteringar som motorn bevisligen tar bort
V-50-1-A0423,Drawings/Bluebeam - set 3 /Without measurement/V-50-1-A0423.pdf,Drawings/Bluebeam - set 3 /V-50-1-A0423.pdf,Drawings/Bluebeam - set 3 /V-50-1-A0423.xlsx,Drawings/Bluebeam - set 3 /V-50-1-A0423.xml,,Drawings/Other drawings (different format)/Rundstickan/V-50-1-A0423.pdf,,DEVELOPMENT,READY_FOR_BLIND_VALIDATION,DEVELOPMENT,PAIR_VERIFIED_BY_CONTENT: ren kandidat bär annoteringar som motorn bevisligen tar bort
V-50-1-A0511,Drawings/Bluebeam - set 3 /Without measurement/V-50-1-A0511.pdf,Drawings/Bluebeam - set 3 /V-50-1-A0511.pdf,Drawings/Bluebeam - set 3 /V-50-1-A0511.xlsx,Drawings/Bluebeam - set 3 /V-50-1-A0511.xml,,Drawings/Other drawings (different format)/Rundstickan/V-50-1-A0511.pdf,,DEVELOPMENT,READY_FOR_BLIND_VALIDATION,DEVELOPMENT,PAIR_VERIFIED_BY_CONTENT: ren kandidat bär annoteringar som motorn bevisligen tar bort
V-50-1-A0512,Drawings/Bluebeam - set 3 /Without measurement/V-50-1-A0512.pdf,Drawings/Bluebeam - set 3 /V-50-1-A0512.pdf,Drawings/Bluebeam - set 3 /V-50-1-A0512.xlsx,Drawings/Bluebeam - set 3 /V-50-1-A0512.xml,,Drawings/Other drawings (different format)/Rundstickan/V-50-1-A0512.pdf,,DEVELOPMENT,READY_FOR_BLIND_VALIDATION,DEVELOPMENT,PAIR_VERIFIED_BY_CONTENT: ren kandidat bär annoteringar som motorn bevisligen tar bort
V-50-1-A0521,Drawings/Bluebeam - set 3 /Without measurement/V-50-1-A0521.pdf,Drawings/Bluebeam - set 3 /V-50-1-A0521.pdf,Drawings/Bluebeam - set 3 /V-50-1-A0521.xlsx,Drawings/Bluebeam - set 3 /V-50-1-A0521.xml,,Drawings/Other drawings (different format)/Rundstickan/V-50-1-A0521.pdf,,DEVELOPMENT,READY_FOR_BLIND_VALIDATION,DEVELOPMENT,PAIR_VERIFIED_BY_CONTENT: ren kandidat bär annoteringar som motorn bevisligen tar bort
V-50-1-A0522,Drawings/Bluebeam - set 3 /Without measurement/V-50-1-A0522.pdf,Drawings/Bluebeam - set 3 /V-50-1-A0522.pdf,Drawings/Bluebeam - set 3 /V-50-1-A0522.xlsx,Drawings/Bluebeam - set 3 /V-50-1-A0522.xml,,Drawings/Other drawings (different format)/Rundstickan/V-50-1-A0522.pdf,,DEVELOPMENT,READY_FOR_BLIND_VALIDATION,DEVELOPMENT,PAIR_VERIFIED_BY_CONTENT: ren kandidat bär annoteringar som motorn bevisligen tar bort
V-50-1-A0523,Drawings/Bluebeam - set 3 /Without measurement/V-50-1-A0523.pdf,Drawings/Bluebeam - set 3 /V-50-1-A0523.pdf,Drawings/Bluebeam - set 3 /V-50-1-A0523.xlsx,Drawings/Bluebeam - set 3 /V-50-1-A0523.xml,,Drawings/Other drawings (different format)/Rundstickan/V-50-1-A0523.pdf,,DEVELOPMENT,READY_FOR_BLIND_VALIDATION,DEVELOPMENT,PAIR_VERIFIED_BY_CONTENT: ren kandidat bär annoteringar som motorn bevisligen tar bort
V-50-1-A0611,,,,,,Drawings/Other drawings (different format)/Rundstickan/V-50-1-A0611.pdf,,DEVELOPMENT,UNPAIRED,DEVELOPMENT,NOT_A_PAIR
V-50-1-A0612,,,,,,Drawings/Other drawings (different format)/Rundstickan/V-50-1-A0612.pdf,,DEVELOPMENT,UNPAIRED,DEVELOPMENT,NOT_A_PAIR
V-50-1-A0622,,,,,,Drawings/Other drawings (different format)/Rundstickan/V-50-1-A0622.pdf,,DEVELOPMENT,UNPAIRED,DEVELOPMENT,NOT_A_PAIR
V-50-1-A0623,,,,,,Drawings/Other drawings (different format)/Rundstickan/V-50-1-A0623.pdf,,DEVELOPMENT,UNPAIRED,DEVELOPMENT,NOT_A_PAIR
V-50-1-A5512,,,,,,Drawings/Other drawings (different format)/Rundstickan/V-50-1-A5512.pdf,,DEVELOPMENT,UNPAIRED,DEVELOPMENT,NOT_A_PAIR
V-50-1-A5522,,,,,,Drawings/Other drawings (different format)/Rundstickan/V-50-1-A5522.pdf,,DEVELOPMENT,UNPAIRED,DEVELOPMENT,NOT_A_PAIR
V-50-1-B0111,,,,,,Drawings/Other drawings (different format)/Rundstickan/V-50-1-B0111.pdf,,DEVELOPMENT,UNPAIRED,DEVELOPMENT,NOT_A_PAIR
V-50-1-B0112,Drawings/Bluebeam - set 3 /Without measurement/V-50-1-B0112.pdf,Drawings/Bluebeam - set 3 /V-50-1-B0112.pdf,Drawings/Bluebeam - set 3 /V-50-1-B0112.xlsx,Drawings/Bluebeam - set 3 /V-50-1-B0112.xml,,Drawings/Other drawings (different format)/Rundstickan/V-50-1-B0112.pdf,,DEVELOPMENT,READY_FOR_BLIND_VALIDATION,DEVELOPMENT,PAIR_VERIFIED_BY_CONTENT: ren kandidat bär annoteringar som motorn bevisligen tar bort
V-50-1-B0113,,,,,,Drawings/Other drawings (different format)/Rundstickan/V-50-1-B0113.pdf,,DEVELOPMENT,UNPAIRED,DEVELOPMENT,NOT_A_PAIR
V-50-1-B0114,Drawings/Bluebeam - set 3 /Without measurement/V-50-1-B0114.pdf,Drawings/Bluebeam - set 3 /V-50-1-B0114.pdf,Drawings/Bluebeam - set 3 /V-50-1-B0114.xlsx,Drawings/Bluebeam - set 3 /V-50-1-B0114.xml,,Drawings/Other drawings (different format)/Rundstickan/V-50-1-B0114.pdf,,DEVELOPMENT,READY_FOR_BLIND_VALIDATION,DEVELOPMENT,PAIR_VERIFIED_BY_CONTENT: ren kandidat bär annoteringar som motorn bevisligen tar bort
V-50-1-B0121,,,,,,Drawings/Other drawings (different format)/Rundstickan/V-50-1-B0121.pdf,,DEVELOPMENT,UNPAIRED,DEVELOPMENT,NOT_A_PAIR
V-50-1-B0122,Drawings/Bluebeam - set 3 /Without measurement/V-50-1-B0122.pdf,Drawings/Bluebeam - set 3 /V-50-1-B0122.pdf,Drawings/Bluebeam - set 3 /V-50-1-B0122.xlsx,Drawings/Bluebeam - set 3 /V-50-1-B0122.xml,,Drawings/Other drawings (different format)/Rundstickan/V-50-1-B0122.pdf,,DEVELOPMENT,READY_FOR_BLIND_VALIDATION,DEVELOPMENT,PAIR_VERIFIED_BY_CONTENT: ren kandidat bär annoteringar som motorn bevisligen tar bort
V-50-1-B0123,,,,,,Drawings/Other drawings (different format)/Rundstickan/V-50-1-B0123.pdf,,DEVELOPMENT,UNPAIRED,DEVELOPMENT,NOT_A_PAIR
V-50-1-B0212,,,,,,Drawings/Other drawings (different format)/Rundstickan/V-50-1-B0212.pdf,,DEVELOPMENT,UNPAIRED,DEVELOPMENT,NOT_A_PAIR
V-50-1-B0214,,,,,,Drawings/Other drawings (different format)/Rundstickan/V-50-1-B0214.pdf,,DEVELOPMENT,UNPAIRED,DEVELOPMENT,NOT_A_PAIR
V-50-1-B0222,,,,,,Drawings/Other drawings (different format)/Rundstickan/V-50-1-B0222.pdf,,DEVELOPMENT,UNPAIRED,DEVELOPMENT,NOT_A_PAIR
V-50-1-B0223,,,,,,Drawings/Other drawings (different format)/Rundstickan/V-50-1-B0223.pdf,,DEVELOPMENT,UNPAIRED,DEVELOPMENT,NOT_A_PAIR
V-50-1-B0312,,,,,,Drawings/Other drawings (different format)/Rundstickan/V-50-1-B0312.pdf,,DEVELOPMENT,UNPAIRED,DEVELOPMENT,NOT_A_PAIR
V-50-1-B0314,,,,,,Drawings/Other drawings (different format)/Rundstickan/V-50-1-B0314.pdf,,DEVELOPMENT,UNPAIRED,DEVELOPMENT,NOT_A_PAIR
V-50-1-B0322,,,,,,Drawings/Other drawings (different format)/Rundstickan/V-50-1-B0322.pdf,,DEVELOPMENT,UNPAIRED,DEVELOPMENT,NOT_A_PAIR
V-50-1-B0323,,,,,,Drawings/Other drawings (different format)/Rundstickan/V-50-1-B0323.pdf,,DEVELOPMENT,UNPAIRED,DEVELOPMENT,NOT_A_PAIR
V-50-1-B0412,,,,,,Drawings/Other drawings (different format)/Rundstickan/V-50-1-B0412.pdf,,DEVELOPMENT,UNPAIRED,DEVELOPMENT,NOT_A_PAIR
V-50-1-B0414,,,,,,Drawings/Other drawings (different format)/Rundstickan/V-50-1-B0414.pdf,,DEVELOPMENT,UNPAIRED,DEVELOPMENT,NOT_A_PAIR
V-50-1-B0422,,,,,,Drawings/Other drawings (different format)/Rundstickan/V-50-1-B0422.pdf,,DEVELOPMENT,UNPAIRED,DEVELOPMENT,NOT_A_PAIR
V-50-1-B0423,,,,,,Drawings/Other drawings (different format)/Rundstickan/V-50-1-B0423.pdf,,DEVELOPMENT,UNPAIRED,DEVELOPMENT,NOT_A_PAIR
V-50-1-B0512,,,,,,Drawings/Other drawings (different format)/Rundstickan/V-50-1-B0512.pdf,,DEVELOPMENT,UNPAIRED,DEVELOPMENT,NOT_A_PAIR
V-50-1-B0514,,,,,,Drawings/Other drawings (different format)/Rundstickan/V-50-1-B0514.pdf,,DEVELOPMENT,UNPAIRED,DEVELOPMENT,NOT_A_PAIR
V-50-1-B0522,,,,,,Drawings/Other drawings (different format)/Rundstickan/V-50-1-B0522.pdf,,DEVELOPMENT,UNPAIRED,DEVELOPMENT,NOT_A_PAIR
V-50-2-A0001,,,,,,Drawings/Style of drawings/12/V-50-2-A0001.pdf,,,UNPAIRED,UNEXPOSED_SO_FAR,NOT_A_PAIR
V-50-2-A0002,,,,,,Drawings/Style of drawings/12/V-50-2-A0002.pdf,,,UNPAIRED,UNEXPOSED_SO_FAR,NOT_A_PAIR
V-50-2-A0003,,,,,,Drawings/Style of drawings/12/V-50-2-A0003.pdf,,,UNPAIRED,UNEXPOSED_SO_FAR,NOT_A_PAIR
V-50-6-A0001,,,,,,Drawings/Style of drawings/12/V-50-6-A0001.pdf,,,UNPAIRED,UNEXPOSED_SO_FAR,NOT_A_PAIR
V-50-6-A0002,,,,,,Drawings/Style of drawings/12/V-50-6-A0002.pdf,,,UNPAIRED,UNEXPOSED_SO_FAR,NOT_A_PAIR
V-50-6-A0101,,,,,,Drawings/Style of drawings/12/V-50-6-A0101.pdf,,,UNPAIRED,UNEXPOSED_SO_FAR,NOT_A_PAIR
V-50-6-A0102,,,,,,Drawings/Style of drawings/12/V-50-6-A0102.pdf,,,UNPAIRED,UNEXPOSED_SO_FAR,NOT_A_PAIR
V-50-6-A0201,,,,,,Drawings/Style of drawings/12/V-50-6-A0201.pdf,,,UNPAIRED,UNEXPOSED_SO_FAR,NOT_A_PAIR
V-50-6-A0202,,,,,,Drawings/Style of drawings/12/V-50-6-A0202.pdf,,,UNPAIRED,UNEXPOSED_SO_FAR,NOT_A_PAIR
V-50-6-A0301,,,,,,Drawings/Style of drawings/12/V-50-6-A0301.pdf,,,UNPAIRED,UNEXPOSED_SO_FAR,NOT_A_PAIR
V-50-6-A0302,,,,,,Drawings/Style of drawings/12/V-50-6-A0302.pdf,,,UNPAIRED,UNEXPOSED_SO_FAR,NOT_A_PAIR
V-50-6-A0401,,,,,,Drawings/Style of drawings/12/V-50-6-A0401.pdf,,,UNPAIRED,UNEXPOSED_SO_FAR,NOT_A_PAIR
V-50-6-A0402,,,,,,Drawings/Style of drawings/12/V-50-6-A0402.pdf,,,UNPAIRED,UNEXPOSED_SO_FAR,NOT_A_PAIR
V-50-6-B0112,,,,,,Drawings/Other drawings (different format)/Rundstickan/V-50-6-B0112.pdf,,DEVELOPMENT,UNPAIRED,DEVELOPMENT,NOT_A_PAIR
V-50-6-B0114,,,,,,Drawings/Other drawings (different format)/Rundstickan/V-50-6-B0114.pdf,,DEVELOPMENT,UNPAIRED,DEVELOPMENT,NOT_A_PAIR
V-50-6-B0122,,,,,,Drawings/Other drawings (different format)/Rundstickan/V-50-6-B0122.pdf,,DEVELOPMENT,UNPAIRED,DEVELOPMENT,NOT_A_PAIR
V-50-6-B0123,,,,,,Drawings/Other drawings (different format)/Rundstickan/V-50-6-B0123.pdf,,DEVELOPMENT,UNPAIRED,DEVELOPMENT,NOT_A_PAIR
V-50-6-B0212,,,,,,Drawings/Other drawings (different format)/Rundstickan/V-50-6-B0212.pdf,,DEVELOPMENT,UNPAIRED,DEVELOPMENT,NOT_A_PAIR
V-50-6-B0214,,,,,,Drawings/Other drawings (different format)/Rundstickan/V-50-6-B0214.pdf,,DEVELOPMENT,UNPAIRED,DEVELOPMENT,NOT_A_PAIR
V-50-6-B0222,,,,,,Drawings/Other drawings (different format)/Rundstickan/V-50-6-B0222.pdf,,DEVELOPMENT,UNPAIRED,DEVELOPMENT,NOT_A_PAIR
V-50-6-B0223,,,,,,Drawings/Other drawings (different format)/Rundstickan/V-50-6-B0223.pdf,,DEVELOPMENT,UNPAIRED,DEVELOPMENT,NOT_A_PAIR
V-50-6-B0312,,,,,,Drawings/Other drawings (different format)/Rundstickan/V-50-6-B0312.pdf,,DEVELOPMENT,UNPAIRED,DEVELOPMENT,NOT_A_PAIR
V-50-6-B0314,,,,,,Drawings/Other drawings (different format)/Rundstickan/V-50-6-B0314.pdf,,DEVELOPMENT,UNPAIRED,DEVELOPMENT,NOT_A_PAIR
V-50-6-B0322,,,,,,Drawings/Other drawings (different format)/Rundstickan/V-50-6-B0322.pdf,,DEVELOPMENT,UNPAIRED,DEVELOPMENT,NOT_A_PAIR
V-50-6-B0412,,,,,,Drawings/Other drawings (different format)/Rundstickan/V-50-6-B0412.pdf,,DEVELOPMENT,UNPAIRED,DEVELOPMENT,NOT_A_PAIR
V-50-6-B0414,,,,,,Drawings/Other drawings (different format)/Rundstickan/V-50-6-B0414.pdf,,DEVELOPMENT,UNPAIRED,DEVELOPMENT,NOT_A_PAIR
V-50-6-B0422,,,,,,Drawings/Other drawings (different format)/Rundstickan/V-50-6-B0422.pdf,,DEVELOPMENT,UNPAIRED,DEVELOPMENT,NOT_A_PAIR
V-50-8-0001,,,,,,Drawings/Other drawings (different format)/TOFTASKOLAN HUS B/V-50-8-001.pdf; Drawings/Style of drawings/12/V-50-8-001.pdf,,DEVELOPMENT,UNPAIRED,DEVELOPMENT,NOT_A_PAIR
V-50-8-A0001,,,,,,Drawings/Other drawings (different format)/Rundstickan/V-50-8-A0001.pdf,,DEVELOPMENT,UNPAIRED,DEVELOPMENT,NOT_A_PAIR
V-50-8-B0001,,,,,,Drawings/Other drawings (different format)/Rundstickan/V-50-8-B0001.pdf,,DEVELOPMENT,UNPAIRED,DEVELOPMENT,NOT_A_PAIR
V-500-1-0010,,,,,,Drawings/Other drawings (different format)/SJÄLVSTYRELSEGÅRDEN/V-500-1-010-100.pdf; Drawings/Other drawings (different format)/SJÄLVSTYRELSEGÅRDEN/V-500-1-010-110.pdf; Drawings/Other drawings (different format)/SJÄLVSTYRELSEGÅRDEN/V-500-1-010-130.pdf,,DEVELOPMENT,UNPAIRED,DEVELOPMENT,NOT_A_PAIR
V-52-1-A0122,,,,,,Drawings/Other drawings (different format)/Rundstickan/V-52-1-A0122.pdf,,DEVELOPMENT,UNPAIRED,DEVELOPMENT,NOT_A_PAIR
V-52-1-A0123,,,,,,Drawings/Other drawings (different format)/Rundstickan/V-52-1-A0123.pdf,,DEVELOPMENT,UNPAIRED,DEVELOPMENT,NOT_A_PAIR
V-520-1-0010,,,,,,Drawings/Other drawings (different format)/SJÄLVSTYRELSEGÅRDEN/V-520-1-010-100.pdf; Drawings/Other drawings (different format)/SJÄLVSTYRELSEGÅRDEN/V-520-1-010-110.pdf; Drawings/Other drawings (different format)/SJÄLVSTYRELSEGÅRDEN/V-520-1-010-130.pdf,,DEVELOPMENT,UNPAIRED,DEVELOPMENT,NOT_A_PAIR
V-53-1-0010,,,,,,Drawings/Other drawings (different format)/TOFTASKOLAN HUS B/V-53-1-010 HT.pdf; Drawings/Other drawings (different format)/TOFTASKOLAN HUS B/V-53-1-010.pdf,,DEVELOPMENT,UNPAIRED,DEVELOPMENT,NOT_A_PAIR
V-53-1-0020,,,,,,Drawings/Other drawings (different format)/TOFTASKOLAN HUS B/V-53-1-020.pdf,,DEVELOPMENT,UNPAIRED,DEVELOPMENT,NOT_A_PAIR
V-53-1-0811,,,,,,"Drawings/Other drawings (different format)/Axis/V53-1-0811 - Plan B2, Del 11, Spillvattenanläggning, ÖG.pdf; Drawings/Style of drawings/7/V53-1-0811 - Plan B2, Del 11, Spillvattenanläggning, ÖG.pdf",,,UNPAIRED,UNEXPOSED_SO_FAR,NOT_A_PAIR
V-53-1-0812,,,,,,"Drawings/Other drawings (different format)/Axis/V53-1-0812 - Plan B2, Del 12, Spillvattenanläggning, ÖG.pdf; Drawings/Style of drawings/7/V53-1-0812 - Plan B2, Del 12, Spillvattenanläggning, ÖG.pdf",,,UNPAIRED,UNEXPOSED_SO_FAR,NOT_A_PAIR
V-53-1-0814,,,,,,"Drawings/Other drawings (different format)/Axis/V53-1-0814 - Plan B2, Del 14, Spillvattenanläggning, ÖG.pdf; Drawings/Style of drawings/7/V53-1-0814 - Plan B2, Del 14, Spillvattenanläggning, ÖG.pdf",,,UNPAIRED,UNEXPOSED_SO_FAR,NOT_A_PAIR
V-53-1-0821,,,,,,"Drawings/Other drawings (different format)/Axis/V53-1-0821 - Plan B2, Del 21, Spillvattenanläggning, ÖG.pdf; Drawings/Style of drawings/7/V53-1-0821 - Plan B2, Del 21, Spillvattenanläggning, ÖG.pdf",,,UNPAIRED,UNEXPOSED_SO_FAR,NOT_A_PAIR
V-53-1-0823,,,,,,"Drawings/Other drawings (different format)/Axis/V53-1-0823 - Plan B2, Del 23, Spillvattenanläggning, ÖG.pdf; Drawings/Style of drawings/7/V53-1-0823 - Plan B2, Del 23, Spillvattenanläggning, ÖG.pdf",,,UNPAIRED,UNEXPOSED_SO_FAR,NOT_A_PAIR
V-53-1-0824,,,,,,"Drawings/Other drawings (different format)/Axis/V53-1-0824 - Plan B2, Del 24, Spillvattenanläggning, ÖG.pdf; Drawings/Style of drawings/7/V53-1-0824 - Plan B2, Del 24, Spillvattenanläggning, ÖG.pdf",,,UNPAIRED,UNEXPOSED_SO_FAR,NOT_A_PAIR
V-53-1-0832,,,,,,"Drawings/Other drawings (different format)/Axis/V53-1-0832 - Plan B2, Del 32, Spillvattenanläggning, ÖG.pdf; Drawings/Style of drawings/7/V53-1-0832 - Plan B2, Del 32, Spillvattenanläggning, ÖG.pdf",,,UNPAIRED,UNEXPOSED_SO_FAR,NOT_A_PAIR
V-53-1-0834,,,,,,"Drawings/Other drawings (different format)/Axis/V53-1-0834 - Plan B2, Del 34, Spillvattenanläggning, ÖG.pdf; Drawings/Style of drawings/7/V53-1-0834 - Plan B2, Del 34, Spillvattenanläggning, ÖG.pdf",,,UNPAIRED,UNEXPOSED_SO_FAR,NOT_A_PAIR
V-53-1-0841,,,,,,"Drawings/Other drawings (different format)/Axis/V53-1-0841 - Plan B2, Del 41, Spillvattenanläggning, ÖG.pdf; Drawings/Style of drawings/7/V53-1-0841 - Plan B2, Del 41, Spillvattenanläggning, ÖG.pdf",,,UNPAIRED,UNEXPOSED_SO_FAR,NOT_A_PAIR
V-53-1-0842,,,,,,"Drawings/Other drawings (different format)/Axis/V53-1-0842 - Plan B2, Del 42, Spillvattenanläggning, ÖG.pdf; Drawings/Style of drawings/7/V53-1-0842 - Plan B2, Del 42, Spillvattenanläggning, ÖG.pdf",,,UNPAIRED,UNEXPOSED_SO_FAR,NOT_A_PAIR
V-53-1-0843,,,,,,"Drawings/Other drawings (different format)/Axis/V53-1-0843 - Plan B2, Del 43, Spillvattenanläggning, ÖG.pdf; Drawings/Style of drawings/7/V53-1-0843 - Plan B2, Del 43, Spillvattenanläggning, ÖG.pdf",,,UNPAIRED,UNEXPOSED_SO_FAR,NOT_A_PAIR
V-53-1-0844,,,,,,"Drawings/Other drawings (different format)/Axis/V53-1-0844 - Plan B2, Del 44, Spillvattenanläggning, ÖG.pdf; Drawings/Style of drawings/7/V53-1-0844 - Plan B2, Del 44, Spillvattenanläggning, ÖG.pdf",,,UNPAIRED,UNEXPOSED_SO_FAR,NOT_A_PAIR
V-53-1-0911,,,,,,"Drawings/Other drawings (different format)/Axis/V53-1-0911 - Plan B1, Del 11, Spillvattenanläggning.pdf; Drawings/Style of drawings/7/V53-1-0911 - Plan B1, Del 11, Spillvattenanläggning.pdf",,,UNPAIRED,UNEXPOSED_SO_FAR,NOT_A_PAIR
V-53-1-0912,,,,,,"Drawings/Other drawings (different format)/Axis/V53-1-0912 - Plan B1, Del 12, Spillvattenanläggning.pdf; Drawings/Style of drawings/7/V53-1-0912 - Plan B1, Del 12, Spillvattenanläggning.pdf",,,UNPAIRED,UNEXPOSED_SO_FAR,NOT_A_PAIR
V-53-1-0913,,,,,,"Drawings/Other drawings (different format)/Axis/V53-1-0913 - Plan B1, Del 13, Spillvattenanläggning.pdf; Drawings/Style of drawings/7/V53-1-0913 - Plan B1, Del 13, Spillvattenanläggning.pdf",,,UNPAIRED,UNEXPOSED_SO_FAR,NOT_A_PAIR
V-53-1-0914,,,,,,"Drawings/Other drawings (different format)/Axis/V53-1-0914 - Plan B1, Del 14, Spillvattenanläggning.pdf; Drawings/Style of drawings/7/V53-1-0914 - Plan B1, Del 14, Spillvattenanläggning.pdf",,,UNPAIRED,UNEXPOSED_SO_FAR,NOT_A_PAIR
V-53-1-0921,,,,,,"Drawings/Other drawings (different format)/Axis/V53-1-0921 - Plan B1, Del 21, Spillvattenanläggning.pdf; Drawings/Style of drawings/7/V53-1-0921 - Plan B1, Del 21, Spillvattenanläggning.pdf",,,UNPAIRED,UNEXPOSED_SO_FAR,NOT_A_PAIR
V-53-1-0922,,,,,,"Drawings/Other drawings (different format)/Axis/V53-1-0922 - Plan B1, Del 22, Spillvattenanläggning.pdf; Drawings/Style of drawings/7/V53-1-0922 - Plan B1, Del 22, Spillvattenanläggning.pdf",,,UNPAIRED,UNEXPOSED_SO_FAR,NOT_A_PAIR
V-53-1-0923,,,,,,"Drawings/Other drawings (different format)/Axis/V53-1-0923 - Plan B1, Del 23, Spillvattenanläggning.pdf; Drawings/Style of drawings/7/V53-1-0923 - Plan B1, Del 23, Spillvattenanläggning.pdf",,,UNPAIRED,UNEXPOSED_SO_FAR,NOT_A_PAIR
V-53-1-0924,,,,,,"Drawings/Other drawings (different format)/Axis/V53-1-0924 - Plan B1, Del 24, Spillvattenanläggning.pdf; Drawings/Style of drawings/7/V53-1-0924 - Plan B1, Del 24, Spillvattenanläggning.pdf",,,UNPAIRED,UNEXPOSED_SO_FAR,NOT_A_PAIR
V-53-1-0932,,,,,,"Drawings/Other drawings (different format)/Axis/V53-1-0932 - Plan B1, Del 32, Spillvattenanläggning.pdf; Drawings/Style of drawings/7/V53-1-0932 - Plan B1, Del 32, Spillvattenanläggning.pdf",,,UNPAIRED,UNEXPOSED_SO_FAR,NOT_A_PAIR
V-53-1-0934,,,,,,"Drawings/Other drawings (different format)/Axis/V53-1-0934 - Plan B1, Del 34, Spillvattenanläggning.pdf; Drawings/Style of drawings/7/V53-1-0934 - Plan B1, Del 34, Spillvattenanläggning.pdf",,,UNPAIRED,UNEXPOSED_SO_FAR,NOT_A_PAIR
V-53-1-0941,,,,,,"Drawings/Other drawings (different format)/Axis/V53-1-0941 - Plan B1, Del 41, Spillvattenanläggning.pdf; Drawings/Style of drawings/7/V53-1-0941 - Plan B1, Del 41, Spillvattenanläggning.pdf",,,UNPAIRED,UNEXPOSED_SO_FAR,NOT_A_PAIR
V-53-1-0942,,,,,,"Drawings/Other drawings (different format)/Axis/V53-1-0942 - Plan B1, Del 42, Spillvattenanläggning.pdf; Drawings/Style of drawings/7/V53-1-0942 - Plan B1, Del 42, Spillvattenanläggning.pdf",,,UNPAIRED,UNEXPOSED_SO_FAR,NOT_A_PAIR
V-53-1-0943,,,,,,"Drawings/Other drawings (different format)/Axis/V53-1-0943 - Plan B1, Del 43, Spillvattenanläggning.pdf; Drawings/Style of drawings/7/V53-1-0943 - Plan B1, Del 43, Spillvattenanläggning.pdf",,,UNPAIRED,UNEXPOSED_SO_FAR,NOT_A_PAIR
V-53-1-0944,,,,,,"Drawings/Other drawings (different format)/Axis/V53-1-0944 - Plan B1, Del 44, Spillvattenanläggning.pdf; Drawings/Style of drawings/7/V53-1-0944 - Plan B1, Del 44, Spillvattenanläggning.pdf",,,UNPAIRED,UNEXPOSED_SO_FAR,NOT_A_PAIR
V-53-1-1012,,,,,,"Drawings/Other drawings (different format)/Axis/V53-1-1012 - Plan 01, Del 12, Spillvattenanläggning.pdf; Drawings/Style of drawings/7/V53-1-1012 - Plan 01, Del 12, Spillvattenanläggning.pdf",,,UNPAIRED,UNEXPOSED_SO_FAR,NOT_A_PAIR
V-53-1-1014,,,,,,"Drawings/Other drawings (different format)/Axis/V53-1-1014 - Plan 01, Del 14, Spillvattenanläggning.pdf; Drawings/Style of drawings/7/V53-1-1014 - Plan 01, Del 14, Spillvattenanläggning.pdf",,,UNPAIRED,UNEXPOSED_SO_FAR,NOT_A_PAIR
V-53-1-1021,,,,,,"Drawings/Other drawings (different format)/Axis/V53-1-1021 - Plan 01, Del 21, Spillvattenanläggning.pdf; Drawings/Style of drawings/7/V53-1-1021 - Plan 01, Del 21, Spillvattenanläggning.pdf",,,UNPAIRED,UNEXPOSED_SO_FAR,NOT_A_PAIR
V-53-1-1022,,,,,,"Drawings/Other drawings (different format)/Axis/V53-1-1022 - Plan 01, Del 22, Spillvattenanläggning.pdf; Drawings/Style of drawings/7/V53-1-1022 - Plan 01, Del 22, Spillvattenanläggning.pdf",,,UNPAIRED,UNEXPOSED_SO_FAR,NOT_A_PAIR
V-53-1-1023,,,,,,"Drawings/Other drawings (different format)/Axis/V53-1-1023 - Plan 01, Del 23, Spillvattenanläggning.pdf; Drawings/Style of drawings/7/V53-1-1023 - Plan 01, Del 23, Spillvattenanläggning.pdf",,,UNPAIRED,UNEXPOSED_SO_FAR,NOT_A_PAIR
V-53-1-1024,,,,,,"Drawings/Other drawings (different format)/Axis/V53-1-1024 - Plan 01, Del 24, Spillvattenanläggning.pdf; Drawings/Style of drawings/7/V53-1-1024 - Plan 01, Del 24, Spillvattenanläggning.pdf",,,UNPAIRED,UNEXPOSED_SO_FAR,NOT_A_PAIR
V-53-1-1032,,,,,,"Drawings/Other drawings (different format)/Axis/V53-1-1032 - Plan 01, Del 32, Spillvattenanläggning.pdf; Drawings/Style of drawings/7/V53-1-1032 - Plan 01, Del 32, Spillvattenanläggning.pdf",,,UNPAIRED,UNEXPOSED_SO_FAR,NOT_A_PAIR
V-53-1-1034,,,,,,"Drawings/Other drawings (different format)/Axis/V53-1-1034 - Plan 01, Del 34, Spillvattenanläggning.pdf; Drawings/Style of drawings/7/V53-1-1034 - Plan 01, Del 34, Spillvattenanläggning.pdf",,,UNPAIRED,UNEXPOSED_SO_FAR,NOT_A_PAIR
V-53-1-1041,,,,,,"Drawings/Other drawings (different format)/Axis/V53-1-1041 - Plan 01, Del 41, Spillvattenanläggning.pdf; Drawings/Style of drawings/7/V53-1-1041 - Plan 01, Del 41, Spillvattenanläggning.pdf",,,UNPAIRED,UNEXPOSED_SO_FAR,NOT_A_PAIR
V-53-1-1042,,,,,,"Drawings/Other drawings (different format)/Axis/V53-1-1042 - Plan 01, Del 42, Spillvattenanläggning.pdf; Drawings/Style of drawings/7/V53-1-1042 - Plan 01, Del 42, Spillvattenanläggning.pdf",,,UNPAIRED,UNEXPOSED_SO_FAR,NOT_A_PAIR
V-53-1-1043,,,,,,"Drawings/Other drawings (different format)/Axis/V53-1-1043 - Plan 01, Del 43, Spillvattenanläggning.pdf; Drawings/Style of drawings/7/V53-1-1043 - Plan 01, Del 43, Spillvattenanläggning.pdf",,,UNPAIRED,UNEXPOSED_SO_FAR,NOT_A_PAIR
V-53-1-1044,,,,,,"Drawings/Other drawings (different format)/Axis/V53-1-1044 - Plan 01, Del 44, Spillvattenanläggning.pdf; Drawings/Style of drawings/7/V53-1-1044 - Plan 01, Del 44, Spillvattenanläggning.pdf",,,UNPAIRED,UNEXPOSED_SO_FAR,NOT_A_PAIR
V-53-1-1112,,,,,,"Drawings/Other drawings (different format)/Axis/V53-1-1112 - Plan 02, Del 12, Spillvattenanläggning.pdf; Drawings/Style of drawings/7/V53-1-1112 - Plan 02, Del 12, Spillvattenanläggning.pdf",,,UNPAIRED,UNEXPOSED_SO_FAR,NOT_A_PAIR
V-53-1-1114,,,,,,"Drawings/Other drawings (different format)/Axis/V53-1-1114 - Plan 02, Del 14, Spillvattenanläggning.pdf; Drawings/Style of drawings/7/V53-1-1114 - Plan 02, Del 14, Spillvattenanläggning.pdf",,,UNPAIRED,UNEXPOSED_SO_FAR,NOT_A_PAIR
V-53-1-1121,,,,,,"Drawings/Other drawings (different format)/Axis/V53-1-1121 - Plan 02, Del 21, Spillvattenanläggning.pdf; Drawings/Style of drawings/7/V53-1-1121 - Plan 02, Del 21, Spillvattenanläggning.pdf",,,UNPAIRED,UNEXPOSED_SO_FAR,NOT_A_PAIR
V-53-1-1122,,,,,,"Drawings/Other drawings (different format)/Axis/V53-1-1122 - Plan 02, Del 22, Spillvattenanläggning.pdf; Drawings/Style of drawings/7/V53-1-1122 - Plan 02, Del 22, Spillvattenanläggning.pdf",,,UNPAIRED,UNEXPOSED_SO_FAR,NOT_A_PAIR
V-53-1-1123,,,,,,"Drawings/Other drawings (different format)/Axis/V53-1-1123 - Plan 02, Del 23, Spillvattenanläggning.pdf; Drawings/Style of drawings/7/V53-1-1123 - Plan 02, Del 23, Spillvattenanläggning.pdf",,,UNPAIRED,UNEXPOSED_SO_FAR,NOT_A_PAIR
V-53-1-1124,,,,,,"Drawings/Other drawings (different format)/Axis/V53-1-1124 - Plan 02, Del 24, Spillvattenanläggning.pdf; Drawings/Style of drawings/7/V53-1-1124 - Plan 02, Del 24, Spillvattenanläggning.pdf",,,UNPAIRED,UNEXPOSED_SO_FAR,NOT_A_PAIR
V-53-1-1132,,,,,,"Drawings/Other drawings (different format)/Axis/V53-1-1132 - Plan 02, Del 32, Spillvattenanläggning.pdf; Drawings/Style of drawings/7/V53-1-1132 - Plan 02, Del 32, Spillvattenanläggning.pdf",,,UNPAIRED,UNEXPOSED_SO_FAR,NOT_A_PAIR
V-53-1-1134,,,,,,"Drawings/Other drawings (different format)/Axis/V53-1-1134 - Plan 02, Del 34, Spillvattenanläggning.pdf; Drawings/Style of drawings/7/V53-1-1134 - Plan 02, Del 34, Spillvattenanläggning.pdf",,,UNPAIRED,UNEXPOSED_SO_FAR,NOT_A_PAIR
V-53-1-1141,,,,,,"Drawings/Other drawings (different format)/Axis/V53-1-1141 - Plan 02, Del 41, Spillvattenanläggning.pdf; Drawings/Style of drawings/7/V53-1-1141 - Plan 02, Del 41, Spillvattenanläggning.pdf",,,UNPAIRED,UNEXPOSED_SO_FAR,NOT_A_PAIR
V-53-1-1142,,,,,,"Drawings/Other drawings (different format)/Axis/V53-1-1142 - Plan 02, Del 42, Spillvattenanläggning.pdf; Drawings/Style of drawings/7/V53-1-1142 - Plan 02, Del 42, Spillvattenanläggning.pdf",,,UNPAIRED,UNEXPOSED_SO_FAR,NOT_A_PAIR
V-53-1-1143,,,,,,"Drawings/Other drawings (different format)/Axis/V53-1-1143 - Plan 02, Del 43, Spillvattenanläggning.pdf; Drawings/Style of drawings/7/V53-1-1143 - Plan 02, Del 43, Spillvattenanläggning.pdf",,,UNPAIRED,UNEXPOSED_SO_FAR,NOT_A_PAIR
V-53-1-1144,,,,,,"Drawings/Other drawings (different format)/Axis/V53-1-1144 - Plan 02, Del 44, Spillvattenanläggning.pdf; Drawings/Style of drawings/7/V53-1-1144 - Plan 02, Del 44, Spillvattenanläggning.pdf",,,UNPAIRED,UNEXPOSED_SO_FAR,NOT_A_PAIR
V-53-1-1212,,,,,,"Drawings/Other drawings (different format)/Axis/V53-1-1212 - Plan 03, Del 12, Spillvattenanläggning.pdf; Drawings/Style of drawings/7/V53-1-1212 - Plan 03, Del 12, Spillvattenanläggning.pdf",,,UNPAIRED,UNEXPOSED_SO_FAR,NOT_A_PAIR
V-53-1-1214,,,,,,"Drawings/Other drawings (different format)/Axis/V53-1-1214 - Plan 03, Del 12, Spillvattenanläggning.pdf; Drawings/Style of drawings/7/V53-1-1214 - Plan 03, Del 12, Spillvattenanläggning.pdf",,,UNPAIRED,UNEXPOSED_SO_FAR,NOT_A_PAIR
V-53-1-1221,,,,,,"Drawings/Other drawings (different format)/Axis/V53-1-1221 - Plan 03, Del 21, Spillvattenanläggning.pdf; Drawings/Style of drawings/7/V53-1-1221 - Plan 03, Del 21, Spillvattenanläggning.pdf",,,UNPAIRED,UNEXPOSED_SO_FAR,NOT_A_PAIR
V-53-1-1222,,,,,,"Drawings/Other drawings (different format)/Axis/V53-1-1222 - Plan 03, Del 22, Spillvattenanläggning.pdf; Drawings/Style of drawings/7/V53-1-1222 - Plan 03, Del 22, Spillvattenanläggning.pdf",,,UNPAIRED,UNEXPOSED_SO_FAR,NOT_A_PAIR
V-53-1-1223,,,,,,"Drawings/Other drawings (different format)/Axis/V53-1-1223 - Plan 03, Del 23, Spillvattenanläggning.pdf; Drawings/Style of drawings/7/V53-1-1223 - Plan 03, Del 23, Spillvattenanläggning.pdf",,,UNPAIRED,UNEXPOSED_SO_FAR,NOT_A_PAIR
V-53-1-1232,,,,,,"Drawings/Other drawings (different format)/Axis/V53-1-1232 - Plan 03, Del 32, Spillvattenanläggning.pdf; Drawings/Style of drawings/7/V53-1-1232 - Plan 03, Del 32, Spillvattenanläggning.pdf",,,UNPAIRED,UNEXPOSED_SO_FAR,NOT_A_PAIR
V-53-1-1241,,,,,,"Drawings/Other drawings (different format)/Axis/V53-1-1241 - Plan 03, Del 41, Spillvattenanläggning.pdf; Drawings/Style of drawings/7/V53-1-1241 - Plan 03, Del 41, Spillvattenanläggning.pdf",,,UNPAIRED,UNEXPOSED_SO_FAR,NOT_A_PAIR
V-53-1-1242,,,,,,"Drawings/Other drawings (different format)/Axis/V53-1-1242 - Plan 03, Del 42, Spillvattenanläggning.pdf; Drawings/Style of drawings/7/V53-1-1242 - Plan 03, Del 42, Spillvattenanläggning.pdf",,,UNPAIRED,UNEXPOSED_SO_FAR,NOT_A_PAIR
V-53-1-1243,,,,,,"Drawings/Other drawings (different format)/Axis/V53-1-1243 - Plan 03, Del 43, Spillvattenanläggning.pdf; Drawings/Style of drawings/7/V53-1-1243 - Plan 03, Del 43, Spillvattenanläggning.pdf",,,UNPAIRED,UNEXPOSED_SO_FAR,NOT_A_PAIR
V-53-1-1244,,,,,,"Drawings/Other drawings (different format)/Axis/V53-1-1244 - Plan 03, Del 44, Spillvattenanläggning.pdf; Drawings/Style of drawings/7/V53-1-1244 - Plan 03, Del 44, Spillvattenanläggning.pdf",,,UNPAIRED,UNEXPOSED_SO_FAR,NOT_A_PAIR
V-53-1-1312,,,,,,"Drawings/Other drawings (different format)/Axis/V53-1-1312 - Plan 04, Del 12, Spillvattenanläggning.pdf; Drawings/Style of drawings/7/V53-1-1312 - Plan 04, Del 12, Spillvattenanläggning.pdf",,,UNPAIRED,UNEXPOSED_SO_FAR,NOT_A_PAIR
V-53-1-1314,,,,,,"Drawings/Other drawings (different format)/Axis/V53-1-1314 - Plan 04, Del 14, Spillvattenanläggning.pdf; Drawings/Style of drawings/7/V53-1-1314 - Plan 04, Del 14, Spillvattenanläggning.pdf",,,UNPAIRED,UNEXPOSED_SO_FAR,NOT_A_PAIR
V-53-1-1321,,,,,,"Drawings/Other drawings (different format)/Axis/V53-1-1321 - Plan 04, Del 21, Spillvattenanläggning.pdf; Drawings/Style of drawings/7/V53-1-1321 - Plan 04, Del 21, Spillvattenanläggning.pdf",,,UNPAIRED,UNEXPOSED_SO_FAR,NOT_A_PAIR
V-53-1-1322,,,,,,"Drawings/Other drawings (different format)/Axis/V53-1-1322 - Plan 04, Del 22, Spillvattenanläggning.pdf; Drawings/Style of drawings/7/V53-1-1322 - Plan 04, Del 22, Spillvattenanläggning.pdf",,,UNPAIRED,UNEXPOSED_SO_FAR,NOT_A_PAIR
V-53-1-1324,,,,,,"Drawings/Other drawings (different format)/Axis/V53-1-1324 - Plan 04, Del 24, Spillvattenanläggning.pdf; Drawings/Style of drawings/7/V53-1-1324 - Plan 04, Del 24, Spillvattenanläggning.pdf",,,UNPAIRED,UNEXPOSED_SO_FAR,NOT_A_PAIR
V-53-1-1332,,,,,,"Drawings/Other drawings (different format)/Axis/V53-1-1332 - Plan 04, Del 32, Spillvattenanläggning.pdf; Drawings/Style of drawings/7/V53-1-1332 - Plan 04, Del 32, Spillvattenanläggning.pdf",,,UNPAIRED,UNEXPOSED_SO_FAR,NOT_A_PAIR
V-53-1-1342,,,,,,"Drawings/Other drawings (different format)/Axis/V53-1-1342 - Plan 04, Del 42, Spillvattenanläggning.pdf; Drawings/Style of drawings/7/V53-1-1342 - Plan 04, Del 42, Spillvattenanläggning.pdf",,,UNPAIRED,UNEXPOSED_SO_FAR,NOT_A_PAIR
V-53-1-1343,,,,,,"Drawings/Other drawings (different format)/Axis/V53-1-1343 - Plan 04, Del 43, Spillvattenanläggning.pdf; Drawings/Style of drawings/7/V53-1-1343 - Plan 04, Del 43, Spillvattenanläggning.pdf",,,UNPAIRED,UNEXPOSED_SO_FAR,NOT_A_PAIR
V-53-1-1344,,,,,,"Drawings/Other drawings (different format)/Axis/V53-1-1344 - Plan 04, Del 44, Spillvattenanläggning.pdf; Drawings/Style of drawings/7/V53-1-1344 - Plan 04, Del 44, Spillvattenanläggning.pdf",,,UNPAIRED,UNEXPOSED_SO_FAR,NOT_A_PAIR
V-53-1-1412,,,,,,"Drawings/Other drawings (different format)/Axis/V53-1-1412 - Plan 05, Del 12, Spillvattenanläggning.pdf; Drawings/Style of drawings/7/V53-1-1412 - Plan 05, Del 12, Spillvattenanläggning.pdf",,,UNPAIRED,UNEXPOSED_SO_FAR,NOT_A_PAIR
V-53-1-1414,,,,,,"Drawings/Other drawings (different format)/Axis/V53-1-1414 - Plan 05, Del 14, Spillvattenanläggning.pdf; Drawings/Style of drawings/7/V53-1-1414 - Plan 05, Del 14, Spillvattenanläggning.pdf",,,UNPAIRED,UNEXPOSED_SO_FAR,NOT_A_PAIR
V-53-1-1421,,,,,,"Drawings/Other drawings (different format)/Axis/V53-1-1421 - Plan 05, Del 21, Spillvattenanläggning.pdf; Drawings/Style of drawings/7/V53-1-1421 - Plan 05, Del 21, Spillvattenanläggning.pdf",,,UNPAIRED,UNEXPOSED_SO_FAR,NOT_A_PAIR
V-53-1-1422,,,,,,"Drawings/Other drawings (different format)/Axis/V53-1-1422 - Plan 05, Del 22, Spillvattenanläggning.pdf; Drawings/Style of drawings/7/V53-1-1422 - Plan 05, Del 22, Spillvattenanläggning.pdf",,,UNPAIRED,UNEXPOSED_SO_FAR,NOT_A_PAIR
V-53-1-1424,,,,,,"Drawings/Other drawings (different format)/Axis/V53-1-1424 - Plan 05, Del 24, Spillvattenanläggning.pdf; Drawings/Style of drawings/7/V53-1-1424 - Plan 05, Del 24, Spillvattenanläggning.pdf",,,UNPAIRED,UNEXPOSED_SO_FAR,NOT_A_PAIR
V-53-1-1432,,,,,,"Drawings/Other drawings (different format)/Axis/V53-1-1432 - Plan 05, Del 32, Spillvattenanläggning.pdf; Drawings/Style of drawings/7/V53-1-1432 - Plan 05, Del 32, Spillvattenanläggning.pdf",,,UNPAIRED,UNEXPOSED_SO_FAR,NOT_A_PAIR
V-53-1-1441,,,,,,"Drawings/Other drawings (different format)/Axis/V53-1-1441 - Plan 05, Del 41, Spillvattenanläggning.pdf; Drawings/Style of drawings/7/V53-1-1441 - Plan 05, Del 41, Spillvattenanläggning.pdf",,,UNPAIRED,UNEXPOSED_SO_FAR,NOT_A_PAIR
V-53-1-1442,,,,,,"Drawings/Other drawings (different format)/Axis/V53-1-1442 - Plan 05, Del 42, Spillvattenanläggning.pdf; Drawings/Style of drawings/7/V53-1-1442 - Plan 05, Del 42, Spillvattenanläggning.pdf",,,UNPAIRED,UNEXPOSED_SO_FAR,NOT_A_PAIR
V-53-1-1443,,,,,,"Drawings/Other drawings (different format)/Axis/V53-1-1443 - Plan 05, Del 43, Spillvattenanläggning.pdf; Drawings/Style of drawings/7/V53-1-1443 - Plan 05, Del 43, Spillvattenanläggning.pdf",,,UNPAIRED,UNEXPOSED_SO_FAR,NOT_A_PAIR
V-53-1-1444,,,,,,"Drawings/Other drawings (different format)/Axis/V53-1-1444 - Plan 05, Del 44, Spillvattenanläggning.pdf; Drawings/Style of drawings/7/V53-1-1444 - Plan 05, Del 44, Spillvattenanläggning.pdf",,,UNPAIRED,UNEXPOSED_SO_FAR,NOT_A_PAIR
V-53-1-1511,,,,,,"Drawings/Other drawings (different format)/Axis/V53-1-1511 - Plan 06, Del 11, Spillvattenanläggning.pdf; Drawings/Style of drawings/7/V53-1-1511 - Plan 06, Del 11, Spillvattenanläggning.pdf",,,UNPAIRED,UNEXPOSED_SO_FAR,NOT_A_PAIR
V-53-1-1512,,,,,,"Drawings/Other drawings (different format)/Axis/V53-1-1512 - Plan 06, Del 12, Spillvattenanläggning.pdf; Drawings/Style of drawings/7/V53-1-1512 - Plan 06, Del 12, Spillvattenanläggning.pdf",,,UNPAIRED,UNEXPOSED_SO_FAR,NOT_A_PAIR
V-53-1-1514,,,,,,"Drawings/Other drawings (different format)/Axis/V53-1-1514 - Plan 06, Del 14, Spillvattenanläggning.pdf; Drawings/Style of drawings/7/V53-1-1514 - Plan 06, Del 14, Spillvattenanläggning.pdf",,,UNPAIRED,UNEXPOSED_SO_FAR,NOT_A_PAIR
V-53-1-1521,,,,,,"Drawings/Other drawings (different format)/Axis/V53-1-1521 - Plan 06, Del 21, Spillvattenanläggning.pdf; Drawings/Style of drawings/7/V53-1-1521 - Plan 06, Del 21, Spillvattenanläggning.pdf",,,UNPAIRED,UNEXPOSED_SO_FAR,NOT_A_PAIR
V-53-1-1522,,,,,,"Drawings/Other drawings (different format)/Axis/V53-1-1522 - Plan 06, Del 22, Spillvattenanläggning.pdf; Drawings/Style of drawings/7/V53-1-1522 - Plan 06, Del 22, Spillvattenanläggning.pdf",,,UNPAIRED,UNEXPOSED_SO_FAR,NOT_A_PAIR
V-53-1-1523,,,,,,"Drawings/Other drawings (different format)/Axis/V53-1-1523 - Plan 06, Del 23, Spillvattenanläggning.pdf; Drawings/Style of drawings/7/V53-1-1523 - Plan 06, Del 23, Spillvattenanläggning.pdf",,,UNPAIRED,UNEXPOSED_SO_FAR,NOT_A_PAIR
V-53-1-1524,,,,,,"Drawings/Other drawings (different format)/Axis/V53-1-1524 - Plan 06, Del 24, Spillvattenanläggning.pdf; Drawings/Style of drawings/7/V53-1-1524 - Plan 06, Del 24, Spillvattenanläggning.pdf",,,UNPAIRED,UNEXPOSED_SO_FAR,NOT_A_PAIR
V-53-1-1532,,,,,,"Drawings/Other drawings (different format)/Axis/V53-1-1532 - Plan 06, Del 32, Spillvattenanläggning.pdf; Drawings/Style of drawings/7/V53-1-1532 - Plan 06, Del 32, Spillvattenanläggning.pdf",,,UNPAIRED,UNEXPOSED_SO_FAR,NOT_A_PAIR
V-53-1-1534,,,,,,"Drawings/Other drawings (different format)/Axis/V53-1-1534 - Plan 06, Del 34, Spillvattenanläggning.pdf; Drawings/Style of drawings/7/V53-1-1534 - Plan 06, Del 34, Spillvattenanläggning.pdf",,,UNPAIRED,UNEXPOSED_SO_FAR,NOT_A_PAIR
V-53-1-1541,,,,,,"Drawings/Other drawings (different format)/Axis/V53-1-1541 - Plan 06, Del 41, Spillvattenanläggning.pdf; Drawings/Style of drawings/7/V53-1-1541 - Plan 06, Del 41, Spillvattenanläggning.pdf",,,UNPAIRED,UNEXPOSED_SO_FAR,NOT_A_PAIR
V-53-1-1542,,,,,,"Drawings/Other drawings (different format)/Axis/V53-1-1542 - Plan 06, Del 42, Spillvattenanläggning.pdf; Drawings/Style of drawings/7/V53-1-1542 - Plan 06, Del 42, Spillvattenanläggning.pdf",,,UNPAIRED,UNEXPOSED_SO_FAR,NOT_A_PAIR
V-53-1-1543,,,,,,"Drawings/Other drawings (different format)/Axis/V53-1-1543 - Plan 06, Del 43, Spillvattenanläggning.pdf; Drawings/Style of drawings/7/V53-1-1543 - Plan 06, Del 43, Spillvattenanläggning.pdf",,,UNPAIRED,UNEXPOSED_SO_FAR,NOT_A_PAIR
V-53-1-1544,,,,,,"Drawings/Other drawings (different format)/Axis/V53-1-1544 - Plan 06, Del 44, Spillvattenanläggning.pdf; Drawings/Style of drawings/7/V53-1-1544 - Plan 06, Del 44, Spillvattenanläggning.pdf",,,UNPAIRED,UNEXPOSED_SO_FAR,NOT_A_PAIR
V-53-1-1611,,,,,,"Drawings/Other drawings (different format)/Axis/V53-1-1611 - Plan 07, Del 11, Spillvattenanläggning.pdf; Drawings/Style of drawings/7/V53-1-1611 - Plan 07, Del 11, Spillvattenanläggning.pdf",,,UNPAIRED,UNEXPOSED_SO_FAR,NOT_A_PAIR
V-53-1-1612,,,,,,"Drawings/Other drawings (different format)/Axis/V53-1-1612 - Plan 07, Del 12, Spillvattenanläggning.pdf; Drawings/Style of drawings/7/V53-1-1612 - Plan 07, Del 12, Spillvattenanläggning.pdf",,,UNPAIRED,UNEXPOSED_SO_FAR,NOT_A_PAIR
V-53-1-1614,,,,,,"Drawings/Other drawings (different format)/Axis/V53-1-1614 - Plan 07, Del 14, Spillvattenanläggning.pdf; Drawings/Style of drawings/7/V53-1-1614 - Plan 07, Del 14, Spillvattenanläggning.pdf",,,UNPAIRED,UNEXPOSED_SO_FAR,NOT_A_PAIR
V-53-1-1621,,,,,,"Drawings/Other drawings (different format)/Axis/V53-1-1621 - Plan 07, Del 21, Spillvattenanläggning.pdf; Drawings/Style of drawings/7/V53-1-1621 - Plan 07, Del 21, Spillvattenanläggning.pdf",,,UNPAIRED,UNEXPOSED_SO_FAR,NOT_A_PAIR
V-53-1-1622,,,,,,"Drawings/Other drawings (different format)/Axis/V53-1-1622 - Plan 07, Del 22, Spillvattenanläggning.pdf; Drawings/Style of drawings/7/V53-1-1622 - Plan 07, Del 22, Spillvattenanläggning.pdf",,,UNPAIRED,UNEXPOSED_SO_FAR,NOT_A_PAIR
V-53-1-1623,,,,,,"Drawings/Other drawings (different format)/Axis/V53-1-1623 - Plan 07, Del 23, Spillvattenanläggning.pdf; Drawings/Style of drawings/7/V53-1-1623 - Plan 07, Del 23, Spillvattenanläggning.pdf",,,UNPAIRED,UNEXPOSED_SO_FAR,NOT_A_PAIR
V-53-1-1624,,,,,,"Drawings/Other drawings (different format)/Axis/V53-1-1624 - Plan 07, Del 24, Spillvattenanläggning.pdf; Drawings/Style of drawings/7/V53-1-1624 - Plan 07, Del 24, Spillvattenanläggning.pdf",,,UNPAIRED,UNEXPOSED_SO_FAR,NOT_A_PAIR
V-53-1-1632,,,,,,"Drawings/Other drawings (different format)/Axis/V53-1-1632 - Plan 07, Del 32, Spillvattenanläggning.pdf; Drawings/Style of drawings/7/V53-1-1632 - Plan 07, Del 32, Spillvattenanläggning.pdf",,,UNPAIRED,UNEXPOSED_SO_FAR,NOT_A_PAIR
V-53-1-1634,,,,,,"Drawings/Other drawings (different format)/Axis/V53-1-1634 - Plan 07, Del 34, Spillvattenanläggning.pdf; Drawings/Style of drawings/7/V53-1-1634 - Plan 07, Del 34, Spillvattenanläggning.pdf",,,UNPAIRED,UNEXPOSED_SO_FAR,NOT_A_PAIR
V-53-1-1642,,,,,,"Drawings/Other drawings (different format)/Axis/V53-1-1642 - Plan 07, Del 42, Spillvattenanläggning.pdf; Drawings/Style of drawings/7/V53-1-1642 - Plan 07, Del 42, Spillvattenanläggning.pdf",,,UNPAIRED,UNEXPOSED_SO_FAR,NOT_A_PAIR
V-53-1-1643,,,,,,"Drawings/Other drawings (different format)/Axis/V53-1-1643 - Plan 07, Del 43, Spillvattenanläggning.pdf; Drawings/Style of drawings/7/V53-1-1643 - Plan 07, Del 43, Spillvattenanläggning.pdf",,,UNPAIRED,UNEXPOSED_SO_FAR,NOT_A_PAIR
V-53-1-1712,,,,,,"Drawings/Other drawings (different format)/Axis/V53-1-1712 - Plan 08, Del 12, Spillvattenanläggning.pdf; Drawings/Style of drawings/7/V53-1-1712 - Plan 08, Del 12, Spillvattenanläggning.pdf",,,UNPAIRED,UNEXPOSED_SO_FAR,NOT_A_PAIR
V-53-1-1714,,,,,,"Drawings/Other drawings (different format)/Axis/V53-1-1714 - Plan 08, Del 14, Spillvattenanläggning.pdf; Drawings/Style of drawings/7/V53-1-1714 - Plan 08, Del 14, Spillvattenanläggning.pdf",,,UNPAIRED,UNEXPOSED_SO_FAR,NOT_A_PAIR
V-53-1-1721,,,,,,"Drawings/Other drawings (different format)/Axis/V53-1-1721 - Plan 08, Del 21, Spillvattenanläggning.pdf; Drawings/Style of drawings/7/V53-1-1721 - Plan 08, Del 21, Spillvattenanläggning.pdf",,,UNPAIRED,UNEXPOSED_SO_FAR,NOT_A_PAIR
V-53-1-1722,,,,,,"Drawings/Other drawings (different format)/Axis/V53-1-1722 - Plan 08, Del 22, Spillvattenanläggning.pdf; Drawings/Style of drawings/7/V53-1-1722 - Plan 08, Del 22, Spillvattenanläggning.pdf",,,UNPAIRED,UNEXPOSED_SO_FAR,NOT_A_PAIR
V-53-1-1724,,,,,,"Drawings/Other drawings (different format)/Axis/V53-1-1724 - Plan 08, Del 24, Spillvattenanläggning.pdf; Drawings/Style of drawings/7/V53-1-1724 - Plan 08, Del 24, Spillvattenanläggning.pdf",,,UNPAIRED,UNEXPOSED_SO_FAR,NOT_A_PAIR
V-53-1-1742,,,,,,"Drawings/Other drawings (different format)/Axis/V53-1-1742 - Plan 08, Del 42, Spillvattenanläggning.pdf; Drawings/Style of drawings/7/V53-1-1742 - Plan 08, Del 42, Spillvattenanläggning.pdf",,,UNPAIRED,UNEXPOSED_SO_FAR,NOT_A_PAIR
V-53-1-1812,,,,,,"Drawings/Other drawings (different format)/Axis/V53-1-1812 - Plan 09, Del 12, Spillvattenanläggning.pdf; Drawings/Style of drawings/7/V53-1-1812 - Plan 09, Del 12, Spillvattenanläggning.pdf",,,UNPAIRED,UNEXPOSED_SO_FAR,NOT_A_PAIR
V-53-1-1814,,,,,,"Drawings/Other drawings (different format)/Axis/V53-1-1814 - Plan 09, Del 14, Spillvattenanläggning.pdf; Drawings/Style of drawings/7/V53-1-1814 - Plan 09, Del 14, Spillvattenanläggning.pdf",,,UNPAIRED,UNEXPOSED_SO_FAR,NOT_A_PAIR
V-53-1-1821,,,,,,"Drawings/Other drawings (different format)/Axis/V53-1-1821 - Plan 09, Del 21, Spillvattenanläggning.pdf; Drawings/Style of drawings/7/V53-1-1821 - Plan 09, Del 21, Spillvattenanläggning.pdf",,,UNPAIRED,UNEXPOSED_SO_FAR,NOT_A_PAIR
V-53-1-1822,,,,,,"Drawings/Other drawings (different format)/Axis/V53-1-1822 - Plan 09, Del 22, Spillvattenanläggning.pdf; Drawings/Style of drawings/7/V53-1-1822 - Plan 09, Del 22, Spillvattenanläggning.pdf",,,UNPAIRED,UNEXPOSED_SO_FAR,NOT_A_PAIR
V-53-1-1823,,,,,,"Drawings/Other drawings (different format)/Axis/V53-1-1823 - Plan 09, Del 23, Spillvattenanläggning.pdf; Drawings/Style of drawings/7/V53-1-1823 - Plan 09, Del 23, Spillvattenanläggning.pdf",,,UNPAIRED,UNEXPOSED_SO_FAR,NOT_A_PAIR
V-53-1-1824,,,,,,"Drawings/Other drawings (different format)/Axis/V53-1-1824 - Plan 09, Del 24, Spillvattenanläggning.pdf; Drawings/Style of drawings/7/V53-1-1824 - Plan 09, Del 24, Spillvattenanläggning.pdf",,,UNPAIRED,UNEXPOSED_SO_FAR,NOT_A_PAIR
V-53-1-1842,,,,,,"Drawings/Other drawings (different format)/Axis/V53-1-1842 - Plan 09, Del 42, Spillvattenanläggning.pdf; Drawings/Style of drawings/7/V53-1-1842 - Plan 09, Del 42, Spillvattenanläggning.pdf",,DEVELOPMENT,UNPAIRED,DEVELOPMENT,NOT_A_PAIR
V-53-1-1923,,,,,,"Drawings/Other drawings (different format)/Axis/V53-1-1923 - Plan 10, Del 23, Spillvattenanläggning.pdf; Drawings/Style of drawings/7/V53-1-1923 - Plan 10, Del 23, Spillvattenanläggning.pdf",,,UNPAIRED,UNEXPOSED_SO_FAR,NOT_A_PAIR
V-53-1-1924,,,,,,"Drawings/Other drawings (different format)/Axis/V53-1-1924 - Plan 10, Del 24, Spillvattenanläggning.pdf; Drawings/Style of drawings/7/V53-1-1924 - Plan 10, Del 24, Spillvattenanläggning.pdf",,,UNPAIRED,UNEXPOSED_SO_FAR,NOT_A_PAIR
V-53-1-1941,,,,,,"Drawings/Other drawings (different format)/Axis/V53-1-1941 - Plan 10, Del 41, Spillvattenanläggning.pdf; Drawings/Style of drawings/7/V53-1-1941 - Plan 10, Del 41, Spillvattenanläggning.pdf",,,UNPAIRED,UNEXPOSED_SO_FAR,NOT_A_PAIR
V-53-1-1942,,,,,,"Drawings/Other drawings (different format)/Axis/V53-1-1942 - Plan 10, Del 42, Spillvattenanläggning.pdf; Drawings/Style of drawings/7/V53-1-1942 - Plan 10, Del 42, Spillvattenanläggning.pdf",,,UNPAIRED,UNEXPOSED_SO_FAR,NOT_A_PAIR
V-53-1-1944,,,,,,"Drawings/Other drawings (different format)/Axis/V53-1-1944 - Plan 10, Del 44, Spillvattenanläggning.pdf; Drawings/Style of drawings/7/V53-1-1944 - Plan 10, Del 44, Spillvattenanläggning.pdf",,DEVELOPMENT,UNPAIRED,DEVELOPMENT,NOT_A_PAIR
V-53-1-2021,,,,,,"Drawings/Other drawings (different format)/Axis/V53-1-2021 - Plan 11, Del 21, Spillvattenanläggning.pdf; Drawings/Style of drawings/7/V53-1-2021 - Plan 11, Del 21, Spillvattenanläggning.pdf",,,UNPAIRED,UNEXPOSED_SO_FAR,NOT_A_PAIR
V-53-1-2023,,,,,,"Drawings/Other drawings (different format)/Axis/V53-1-2023 - Plan 11, Del 23, Spillvattenanläggning.pdf; Drawings/Style of drawings/7/V53-1-2023 - Plan 11, Del 23, Spillvattenanläggning.pdf",,,UNPAIRED,UNEXPOSED_SO_FAR,NOT_A_PAIR
V-53-1-2024,,,,,,"Drawings/Other drawings (different format)/Axis/V53-1-2024 - Plan 11, Del 24, Spillvattenanläggning.pdf; Drawings/Style of drawings/7/V53-1-2024 - Plan 11, Del 24, Spillvattenanläggning.pdf",,,UNPAIRED,UNEXPOSED_SO_FAR,NOT_A_PAIR
V-53-1-2042,,,,,,"Drawings/Other drawings (different format)/Axis/V53-1-2042 - Plan 11, Del 42, Spillvattenanläggning.pdf; Drawings/Style of drawings/7/V53-1-2042 - Plan 11, Del 42, Spillvattenanläggning.pdf",,,UNPAIRED,UNEXPOSED_SO_FAR,NOT_A_PAIR
V-53-1-A0001,,,,,,Drawings/Other drawings (different format)/Priorn/V-53-1-A0001.pdf; Drawings/Style of drawings/12/V-53-1-A0001.pdf,,DEVELOPMENT,UNPAIRED,DEVELOPMENT,NOT_A_PAIR
V-53-1-A0101,,,,,,Drawings/Other drawings (different format)/Priorn/V-53-1-A0101.pdf; Drawings/Style of drawings/12/V-53-1-A0101.pdf,,DEVELOPMENT,UNPAIRED,DEVELOPMENT,NOT_A_PAIR
V-53-1-A0102,,,,,,Drawings/Other drawings (different format)/Priorn/V-53-1-A0102.pdf; Drawings/Style of drawings/12/V-53-1-A0102.pdf,,DEVELOPMENT,UNPAIRED,DEVELOPMENT,NOT_A_PAIR
V-53-1-A0111,,,,,,Drawings/Other drawings (different format)/Rundstickan/V-53-1-A0111.pdf,,DEVELOPMENT,UNPAIRED,DEVELOPMENT,NOT_A_PAIR
V-53-1-A0112,,,,,,Drawings/Other drawings (different format)/Rundstickan/V-53-1-A0112.pdf,,DEVELOPMENT,UNPAIRED,DEVELOPMENT,NOT_A_PAIR
V-53-1-A0122,,,,,,Drawings/Other drawings (different format)/Rundstickan/V-53-1-A0122.pdf,,DEVELOPMENT,UNPAIRED,DEVELOPMENT,NOT_A_PAIR
V-53-1-A0123,,,,,,Drawings/Other drawings (different format)/Rundstickan/V-53-1-A0123.pdf,,DEVELOPMENT,UNPAIRED,DEVELOPMENT,NOT_A_PAIR
V-53-1-A0124,,,,,,Drawings/Other drawings (different format)/Rundstickan/V-53-1-A0124.pdf,,DEVELOPMENT,UNPAIRED,DEVELOPMENT,NOT_A_PAIR
V-53-1-B0114,,,,,,Drawings/Other drawings (different format)/Rundstickan/V-53-1-B0114.pdf,,DEVELOPMENT,UNPAIRED,DEVELOPMENT,NOT_A_PAIR
V-53-1-B0122,,,,,,Drawings/Other drawings (different format)/Rundstickan/V-53-1-B0122.pdf,,DEVELOPMENT,UNPAIRED,DEVELOPMENT,NOT_A_PAIR
V-53-1-B0123,,,,,,Drawings/Other drawings (different format)/Rundstickan/V-53-1-B0123.pdf,,DEVELOPMENT,UNPAIRED,DEVELOPMENT,NOT_A_PAIR
V-530-1-0010,,,,,,Drawings/Other drawings (different format)/SJÄLVSTYRELSEGÅRDEN/V-530-1-010-100.pdf; Drawings/Other drawings (different format)/SJÄLVSTYRELSEGÅRDEN/V-530-1-010-110.pdf; Drawings/Other drawings (different format)/SJÄLVSTYRELSEGÅRDEN/V-530-1-010-130.pdf,,DEVELOPMENT,UNPAIRED,DEVELOPMENT,NOT_A_PAIR
V-56-1-A0101,,,,,,Drawings/Other drawings (different format)/Priorn/V-56-1-A0101.pdf; Drawings/Style of drawings/12/V-56-1-A0101.pdf,,DEVELOPMENT,UNPAIRED,DEVELOPMENT,NOT_A_PAIR
V-56-1-A0102,,,,,,Drawings/Other drawings (different format)/Priorn/V-56-1-A0102.pdf; Drawings/Style of drawings/12/V-56-1-A0102.pdf,,DEVELOPMENT,UNPAIRED,DEVELOPMENT,NOT_A_PAIR
V-570-1-0010,,,,,,Drawings/Other drawings (different format)/SJÄLVSTYRELSEGÅRDEN/V-570-1-010-100.pdf; Drawings/Other drawings (different format)/SJÄLVSTYRELSEGÅRDEN/V-570-1-010-110.pdf; Drawings/Other drawings (different format)/SJÄLVSTYRELSEGÅRDEN/V-570-1-010-130.pdf,,DEVELOPMENT,UNPAIRED,DEVELOPMENT,NOT_A_PAIR
W-50-1-0110,,,,,,Drawings/Other drawings (different format)/Fyrens förskola/W-50-1-110.pdf,,,UNPAIRED,UNEXPOSED_SO_FAR,NOT_A_PAIR
W-50-1-0111,,,,,,Drawings/Other drawings (different format)/Fyrens förskola/W-50-1-111.pdf,,,UNPAIRED,UNEXPOSED_SO_FAR,NOT_A_PAIR
W-50-1-0112,,,,,,Drawings/Other drawings (different format)/Fyrens förskola/W-50-1-112.pdf,,,UNPAIRED,UNEXPOSED_SO_FAR,NOT_A_PAIR
W-50-1-0113,,,,,,Drawings/Other drawings (different format)/Fyrens förskola/W-50-1-113.pdf,,,UNPAIRED,UNEXPOSED_SO_FAR,NOT_A_PAIR
W-50-1-0120,,,,,,Drawings/Other drawings (different format)/Fyrens förskola/W-50-1-120.pdf,,,UNPAIRED,UNEXPOSED_SO_FAR,NOT_A_PAIR
W-50-1-0121,,,,,,Drawings/Other drawings (different format)/Fyrens förskola/W-50-1-121.pdf,,,UNPAIRED,UNEXPOSED_SO_FAR,NOT_A_PAIR
W-50-1-0122,,,,,,Drawings/Other drawings (different format)/Fyrens förskola/W-50-1-122.pdf,,,UNPAIRED,UNEXPOSED_SO_FAR,NOT_A_PAIR
W-50-1-0123,,,,,,Drawings/Other drawings (different format)/Fyrens förskola/W-50-1-123.pdf,,,UNPAIRED,UNEXPOSED_SO_FAR,NOT_A_PAIR
W-50-1-0211,,,,,,Drawings/Other drawings (different format)/Fyrens förskola/W-50-1-211.pdf,,,UNPAIRED,UNEXPOSED_SO_FAR,NOT_A_PAIR
W-50-1-A0011,Drawings/Bluebeam - set 1/W-50-1-A-0011 - clean.pdf; Drawings/Bluebeam - set 1/clear/W-50-1-A-0011.pdf; Drawings/CVAT/W-50-1-A-0011.pdf,Drawings/Bluebeam - set 1/W-50-1-A-0011.pdf,Drawings/Bluebeam - set 1/W-50-1-A-0011.xlsx,Drawings/Bluebeam - set 1/W-50-1-A-0011.xml,Drawings/CVAT/W-50-1-A-0011_cvat_job2947372/annotations.xml,Drawings/Bluebeam - set 1/W-50-1-A-0011_processed.xlsx; Drawings/Style of drawings/1/W-50-1-A-0011.pdf,,DEVELOPMENT,READY_FOR_BLIND_VALIDATION,DEVELOPMENT,PAIR_VERIFIED_BY_CONTENT: inget textlager att läsa ritningshuvudet ur (konturglyfer)
W-50-1-A0012,Drawings/Bluebeam - set 1/clear/W-50-1-A-0012.pdf; Drawings/CVAT/W-50-1-A-0012.pdf,Drawings/Bluebeam - set 1/W-50-1-A-0012.pdf,Drawings/Bluebeam - set 1/W-50-1-A-0012.xlsx,Drawings/Bluebeam - set 1/W-50-1-A-0012 .xml,,Drawings/Bluebeam - set 1/W-50-1-A-0012_processed.xlsx; Drawings/Style of drawings/1/W-50-1-A-0012.pdf,,DEVELOPMENT,READY_FOR_BLIND_VALIDATION,DEVELOPMENT,PAIR_VERIFIED_BY_CONTENT: inget textlager att läsa ritningshuvudet ur (konturglyfer)
W-50-1-A0013,Drawings/Bluebeam - set 1/clear/W-50-1-A-0013.pdf; Drawings/CVAT/W-50-1-A-0013.pdf,Drawings/Bluebeam - set 1/W-50-1-A-0013.pdf,Drawings/Bluebeam - set 1/W-50-1-A-0013.xlsx,Drawings/Bluebeam - set 1/W-50-1-A-0013.xml,Drawings/CVAT/W-50-1-A-0013_cvat_job2945685/annotations.xml,Drawings/Bluebeam - set 1/W-50-1-A-0013_processed.xlsx; Drawings/Style of drawings/1/W-50-1-A-0013.pdf,,DEVELOPMENT,READY_FOR_BLIND_VALIDATION,DEVELOPMENT,PAIR_VERIFIED_BY_CONTENT: inget textlager att läsa ritningshuvudet ur (konturglyfer)
W-50-1-A0014,Drawings/Bluebeam - set 1/clear/W-50-1-A-0014.pdf; Drawings/CVAT/W-50-1-A-0014.pdf,Drawings/Bluebeam - set 1/W-50-1-A-0014.pdf,Drawings/Bluebeam - set 1/W-50-1-A-0014.xlsx,Drawings/Bluebeam - set 1/W-50-1-A-0014.xml,Drawings/CVAT/W-50-1-A-0014_cvat_job3045476/annotations.xml,Drawings/Bluebeam - set 1/W-50-1-A-0014_processed.xlsx; Drawings/Style of drawings/1/W-50-1-A-0014.pdf,,DEVELOPMENT,READY_FOR_BLIND_VALIDATION,DEVELOPMENT,PAIR_VERIFIED_BY_CONTENT: inget textlager att läsa ritningshuvudet ur (konturglyfer)
W-50-1-A0021,Drawings/Bluebeam - set 1/clear/W-50-1-A-0021.pdf; Drawings/CVAT/W-50-1-A-0021.pdf,Drawings/Bluebeam - set 1/W-50-1-A-0021.pdf,Drawings/Bluebeam - set 1/W-50-1-A-0021.xlsx,Drawings/Bluebeam - set 1/W-50-1-A-0021.xml,Drawings/CVAT/W-50-1-A-0021_cvat_job3045478/annotations.xml,Drawings/Bluebeam - set 1/W-50-1-A-0021_processed.xlsx; Drawings/Style of drawings/1/W-50-1-A-0021.pdf,,DEVELOPMENT,READY_FOR_BLIND_VALIDATION,DEVELOPMENT,PAIR_PARTLY_VERIFIED: inget textlager att läsa ritningshuvudet ur (konturglyfer); facit ej lokalt
W-50-1-A0022,Drawings/Bluebeam - set 1/clear/W-50-1-A-0022.pdf; Drawings/CVAT/W-50-1-A-0022.pdf,Drawings/Bluebeam - set 1/W-50-1-A-0022.pdf,Drawings/Bluebeam - set 1/W-50-1-A-0022.xlsx,Drawings/Bluebeam - set 1/W-50-1-A-0022.xml,Drawings/CVAT/W-50-1-A-0022_cvat_job3045479/annotations.xml,Drawings/Bluebeam - set 1/W-50-1-A-0022_processed.xlsx; Drawings/Style of drawings/1/W-50-1-A-0022.pdf,,DEVELOPMENT,READY_FOR_BLIND_VALIDATION,DEVELOPMENT,PAIR_PARTLY_VERIFIED: inget textlager att läsa ritningshuvudet ur (konturglyfer); facit ej lokalt
W-50-1-A0023,Drawings/Bluebeam - set 1/clear/W-50-1-A-0023.pdf; Drawings/CVAT/W-50-1-A-0023.pdf,Drawings/Bluebeam - set 1/W-50-1-A-0023.pdf,Drawings/Bluebeam - set 1/W-50-1-A-0023.xlsx,Drawings/Bluebeam - set 1/W-50-1-A-0023.xml,Drawings/CVAT/W-50-1-A-0023_cvat_job3045480/annotations.xml,Drawings/Bluebeam - set 1/W-50-1-A-0023_processed.xlsx; Drawings/Style of drawings/1/W-50-1-A-0023.pdf,,DEVELOPMENT,READY_FOR_BLIND_VALIDATION,DEVELOPMENT,PAIR_PARTLY_VERIFIED: inget textlager att läsa ritningshuvudet ur (konturglyfer); facit ej lokalt
W-50-1-A0024,Drawings/Bluebeam - set 1/clear/W-50-1-A-0024.pdf; Drawings/CVAT/W-50-1-A-0024.pdf,Drawings/Bluebeam - set 1/W-50-1-A-0024.pdf,Drawings/Bluebeam - set 1/W-50-1-A-0024.xlsx,Drawings/Bluebeam - set 1/W-50-1-A-0024.xml,Drawings/CVAT/W-50-1-A-0024_cvat_job3045481/annotations.xml,Drawings/Bluebeam - set 1/W-50-1-A-0024_processed.xlsx; Drawings/Style of drawings/1/W-50-1-A-0024.pdf,,DEVELOPMENT,READY_FOR_BLIND_VALIDATION,DEVELOPMENT,PAIR_PARTLY_VERIFIED: inget textlager att läsa ritningshuvudet ur (konturglyfer); facit ej lokalt
W-50-1-A0031,Drawings/Bluebeam - set 1/clear/W-50-1-A-0031.pdf; Drawings/CVAT/W-50-1-A-0031.pdf,Drawings/Bluebeam - set 1/W-50-1-A-0031.pdf,Drawings/Bluebeam - set 1/W-50-1-A-0031.xlsx,Drawings/Bluebeam - set 1/W-50-1-A-0031.xml,Drawings/CVAT/W-50-1-A-0031_cvat_job3045483/annotations.xml,Drawings/Bluebeam - set 1/W-50-1-A-0031_processed.xlsx; Drawings/Style of drawings/1/W-50-1-A-0031.pdf,,DEVELOPMENT,READY_FOR_BLIND_VALIDATION,DEVELOPMENT,PAIR_PARTLY_VERIFIED: inget textlager att läsa ritningshuvudet ur (konturglyfer); facit ej lokalt
W-50-1-A0032,Drawings/Bluebeam - set 1/clear/W-50-1-A-0032.pdf; Drawings/CVAT/W-50-1-A-0032.pdf,Drawings/Bluebeam - set 1/W-50-1-A-0032.pdf,Drawings/Bluebeam - set 1/W-50-1-A-0032.xlsx,Drawings/Bluebeam - set 1/W-50-1-A-0032.xml,Drawings/CVAT/W-50-1-A-0032_cvat_job3045484/annotations.xml,Drawings/Bluebeam - set 1/W-50-1-A-0032_processed.xlsx; Drawings/Style of drawings/1/W-50-1-A-0032.pdf,,DEVELOPMENT,READY_FOR_BLIND_VALIDATION,DEVELOPMENT,PAIR_PARTLY_VERIFIED: inget textlager att läsa ritningshuvudet ur (konturglyfer); facit ej lokalt
W-50-1-A0033,Drawings/Bluebeam - set 1/clear/W-50-1-A-0033.pdf; Drawings/CVAT/W-50-1-A-0033.pdf,Drawings/Bluebeam - set 1/W-50-1-A-0033.pdf,Drawings/Bluebeam - set 1/W-50-1-A-0033.xlsx,Drawings/Bluebeam - set 1/W-50-1-A-0033.xml,Drawings/CVAT/W-50-1-A-0033_cvat_job1641396/annotations.xml; Drawings/CVAT/W-50-1-A-0033_cvat_job3005645/annotations.xml,Drawings/Bluebeam - set 1/W-50-1-A-0033_processed.xlsx; Drawings/Style of drawings/1/W-50-1-A-0033.pdf,,DEVELOPMENT,READY_FOR_BLIND_VALIDATION,DEVELOPMENT,PAIR_PARTLY_VERIFIED: inget textlager att läsa ritningshuvudet ur (konturglyfer); facit ej lokalt
W-50-1-A0034,Drawings/Bluebeam - set 1/clear/W-50-1-A-0034.pdf; Drawings/CVAT/W-50-1-A-0034.pdf,Drawings/Bluebeam - set 1/W-50-1-A-0034.pdf,Drawings/Bluebeam - set 1/W-50-1-A-0034.xlsx,Drawings/Bluebeam - set 1/W-50-1-A-0034.xml,Drawings/CVAT/W-50-1-A-0034_cvat_job3045485/annotations.xml,Drawings/Bluebeam - set 1/W-50-1-A-0034_processed.xlsx; Drawings/Style of drawings/1/W-50-1-A-0034.pdf,,DEVELOPMENT,READY_FOR_BLIND_VALIDATION,DEVELOPMENT,PAIR_PARTLY_VERIFIED: inget textlager att läsa ritningshuvudet ur (konturglyfer); facit ej lokalt
W-50-1-A0111,Drawings/Bluebeam - set 1/clear/W-50-1-A-0111.pdf; Drawings/CVAT/W-50-1-A-0111.pdf,Drawings/Bluebeam - set 1/W-50-1-A-0111.pdf,Drawings/Bluebeam - set 1/W-50-1-A-0111.xlsx,Drawings/Bluebeam - set 1/W-50-1-A-0111.xml,Drawings/CVAT/W-50-1-A-0111_cvat_job3045486/annotations.xml,Drawings/Bluebeam - set 1/W-50-1-A-0111_processed.xlsx; Drawings/Style of drawings/1/W-50-1-A-0111.pdf,,DEVELOPMENT,READY_FOR_BLIND_VALIDATION,DEVELOPMENT,PAIR_PARTLY_VERIFIED: inget textlager att läsa ritningshuvudet ur (konturglyfer); facit ej lokalt
W-50-1-A0112,Drawings/Bluebeam - set 1/clear/W-50-1-A-0112.pdf; Drawings/CVAT/W-50-1-A-0112.pdf,Drawings/Bluebeam - set 1/W-50-1-A-0112.pdf,Drawings/Bluebeam - set 1/W-50-1-A-0112.xlsx,Drawings/Bluebeam - set 1/W-50-1-A-0112.xml,Drawings/CVAT/W-50-1-A-0112_cvat_job3045487/annotations.xml,Drawings/Bluebeam - set 1/W-50-1-A-0112_processed.xlsx; Drawings/Style of drawings/1/W-50-1-A-0112.pdf,,DEVELOPMENT,READY_FOR_BLIND_VALIDATION,DEVELOPMENT,PAIR_PARTLY_VERIFIED: inget textlager att läsa ritningshuvudet ur (konturglyfer); facit ej lokalt
W-50-1-A0113,Drawings/Bluebeam - set 1/clear/W-50-1-A-0113.pdf; Drawings/CVAT/W-50-1-A-0113.pdf,Drawings/Bluebeam - set 1/W-50-1-A-0113.pdf,Drawings/Bluebeam - set 1/W-50-1-A-0113.xlsx,Drawings/Bluebeam - set 1/W-50-1-A-0113.xml,Drawings/CVAT/W-50-1-A-0113_cvat_job3045489/annotations.xml,Drawings/Bluebeam - set 1/W-50-1-A-0113_processed.xlsx; Drawings/Style of drawings/1/W-50-1-A-0113.pdf,,DEVELOPMENT,READY_FOR_BLIND_VALIDATION,DEVELOPMENT,PAIR_PARTLY_VERIFIED: inget textlager att läsa ritningshuvudet ur (konturglyfer); facit ej lokalt
W-50-1-A0114,Drawings/Bluebeam - set 1/clear/W-50-1-A-0114.pdf; Drawings/CVAT/W-50-1-A-0114.pdf,Drawings/Bluebeam - set 1/W-50-1-A-0114.pdf,Drawings/Bluebeam - set 1/W-50-1-A-0114.xlsx,Drawings/Bluebeam - set 1/W-50-1-A-0114.xml,Drawings/CVAT/W-50-1-A-0114_cvat_job3045490/annotations.xml,Drawings/Bluebeam - set 1/W-50-1-A-0114_processed.xlsx; Drawings/Style of drawings/1/W-50-1-A-0114.pdf,,DEVELOPMENT,READY_FOR_BLIND_VALIDATION,DEVELOPMENT,PAIR_PARTLY_VERIFIED: inget textlager att läsa ritningshuvudet ur (konturglyfer); facit ej lokalt
W-50-1-A0121,Drawings/Bluebeam - set 1/clear/W-50-1-A-0121.pdf; Drawings/CVAT/W-50-1-A-0121.pdf,Drawings/Bluebeam - set 1/W-50-1-A-0121.pdf,Drawings/Bluebeam - set 1/W-50-1-A-0121.xlsx,Drawings/Bluebeam - set 1/W-50-1-A-0121.xml,,Drawings/Bluebeam - set 1/W-50-1-A-0121_processed.xlsx; Drawings/Style of drawings/1/W-50-1-A-0121.pdf,,DEVELOPMENT,READY_FOR_BLIND_VALIDATION,DEVELOPMENT,PAIR_PARTLY_VERIFIED: inget textlager att läsa ritningshuvudet ur (konturglyfer); facit ej lokalt
W-50-1-A0122,Drawings/Bluebeam - set 1/clear/W-50-1-A-0122.pdf; Drawings/CVAT/W-50-1-A-0122.pdf,Drawings/Bluebeam - set 1/W-50-1-A-0122.pdf,Drawings/Bluebeam - set 1/W-50-1-A-0122.xlsx,Drawings/Bluebeam - set 1/W-50-1-A-0122.xml,,Drawings/Bluebeam - set 1/W-50-1-A-0122_processed.xlsx; Drawings/Style of drawings/1/W-50-1-A-0122.pdf,,DEVELOPMENT,READY_FOR_BLIND_VALIDATION,DEVELOPMENT,PAIR_PARTLY_VERIFIED: inget textlager att läsa ritningshuvudet ur (konturglyfer); facit ej lokalt
W-50-1-A0123,Drawings/Bluebeam - set 1/clear/W-50-1-A-0123.pdf; Drawings/CVAT/W-50-1-A-0123.pdf,Drawings/Bluebeam - set 1/W-50-1-A-0123.pdf,Drawings/Bluebeam - set 1/W-50-1-A-0123.xlsx,Drawings/Bluebeam - set 1/W-50-1-A-0123.xml,Drawings/CVAT/W-50-1-A-0123_cvat_job3045493/annotations.xml,Drawings/Bluebeam - set 1/W-50-1-A-0123_processed.xlsx; Drawings/Style of drawings/1/W-50-1-A-0123.pdf,,DEVELOPMENT,READY_FOR_BLIND_VALIDATION,DEVELOPMENT,PAIR_PARTLY_VERIFIED: inget textlager att läsa ritningshuvudet ur (konturglyfer); facit ej lokalt
W-50-1-A0124,Drawings/Bluebeam - set 1/clear/W-50-1-A-0124.pdf; Drawings/CVAT/W-50-1-A-0124.pdf,Drawings/Bluebeam - set 1/W-50-1-A-0124.pdf,Drawings/Bluebeam - set 1/W-50-1-A-0124.xlsx,Drawings/Bluebeam - set 1/W-50-1-A-0124.xml,,Drawings/Bluebeam - set 1/W-50-1-A-0124_processed.xlsx; Drawings/Style of drawings/1/W-50-1-A-0124.pdf,,DEVELOPMENT,READY_FOR_BLIND_VALIDATION,DEVELOPMENT,PAIR_PARTLY_VERIFIED: inget textlager att läsa ritningshuvudet ur (konturglyfer); facit ej lokalt
W-50-1-A0131,Drawings/Bluebeam - set 1/clear/W-50-1-A-0131.pdf; Drawings/CVAT/W-50-1-A-0131.pdf,Drawings/Bluebeam - set 1/W-50-1-A-0131.pdf,Drawings/Bluebeam - set 1/W-50-1-A-0131.xlsx,Drawings/Bluebeam - set 1/W-50-1-A-0131.xml,,Drawings/Bluebeam - set 1/W-50-1-A-0131_processed.xlsx; Drawings/Pipe studio - style-source-pdfs/01 - AutoCAD - pdfplot14-16 - Ghostscript 9.21/W-50-1-A-0131.pdf; Drawings/Scales/W-50-1-A-0131.pdf; Drawings/Style of drawings/1/W-50-1-A-0131.pdf,,DEVELOPMENT,READY_FOR_BLIND_VALIDATION,DEVELOPMENT,PAIR_PARTLY_VERIFIED: inget textlager att läsa ritningshuvudet ur (konturglyfer); facit ej lokalt
W-50-1-A0132,Drawings/Bluebeam - set 1/clear/W-50-1-A-0132.pdf; Drawings/CVAT/W-50-1-A-0132.pdf,Drawings/Bluebeam - set 1/W-50-1-A-0132.pdf,Drawings/Bluebeam - set 1/W-50-1-A-0132.xlsx,Drawings/Bluebeam - set 1/W-50-1-A-0132.xml,,Drawings/Bluebeam - set 1/W-50-1-A-0132_processed.xlsx; Drawings/Style of drawings/1/W-50-1-A-0132.pdf,,DEVELOPMENT,READY_FOR_BLIND_VALIDATION,DEVELOPMENT,PAIR_PARTLY_VERIFIED: inget textlager att läsa ritningshuvudet ur (konturglyfer); facit ej lokalt
W-50-1-A0133,Drawings/Bluebeam - set 1/clear/W-50-1-A-0133.pdf; Drawings/CVAT/W-50-1-A-0133.pdf,Drawings/Bluebeam - set 1/W-50-1-A-0133.pdf,Drawings/Bluebeam - set 1/W-50-1-A-0133.xlsx,Drawings/Bluebeam - set 1/W-50-1-A-0133.xml,Drawings/CVAT/W-50-1-A-0133_cvat_job3045502/annotations.xml,Drawings/Bluebeam - set 1/W-50-1-A-0133_processed.xlsx; Drawings/Style of drawings/1/W-50-1-A-0133.pdf,,DEVELOPMENT,READY_FOR_BLIND_VALIDATION,DEVELOPMENT,PAIR_PARTLY_VERIFIED: inget textlager att läsa ritningshuvudet ur (konturglyfer); facit ej lokalt
W-50-1-A0134,Drawings/Bluebeam - set 2/Without measurement/W-50-1-A-0134.pdf; Drawings/CVAT/W-50-1-A-0134.pdf,Drawings/Bluebeam - set 2/W-50-1-A-0134.pdf,Drawings/Bluebeam - set 2/W-50-1-A-0134.xlsx,Drawings/Bluebeam - set 2/W-50-1-A-0134.xml,Drawings/CVAT/W-50-1-A-0134_cvat_job3144607/annotations.xml,Drawings/Style of drawings/1/W-50-1-A-0134.pdf,,DEVELOPMENT,READY_FOR_BLIND_VALIDATION,DEVELOPMENT,PAIR_PARTLY_VERIFIED: inget textlager att läsa ritningshuvudet ur (konturglyfer); facit ej lokalt
W-50-1-A0211,Drawings/Bluebeam - set 2/Without measurement/W-50-1-A-0211.pdf; Drawings/CVAT/W-50-1-A-0211.pdf,Drawings/Bluebeam - set 2/W-50-1-A-0211.pdf,Drawings/Bluebeam - set 2/W-50-1-A-0211.xlsx,Drawings/Bluebeam - set 2/W-50-1-A-0211.xml,,Drawings/Style of drawings/1/W-50-1-A-0211.pdf,,DEVELOPMENT,READY_FOR_BLIND_VALIDATION,DEVELOPMENT,PAIR_PARTLY_VERIFIED: inget textlager att läsa ritningshuvudet ur (konturglyfer); facit ej lokalt
W-50-1-A0213,Drawings/Bluebeam - set 2/Without measurement/W-50-1-A-0213.pdf; Drawings/CVAT/W-50-1-A-0213.pdf,Drawings/Bluebeam - set 2/W-50-1-A-0213.pdf,Drawings/Bluebeam - set 2/W-50-1-A-0213.xlsx,Drawings/Bluebeam - set 2/W-50-1-A-0213.xml,,Drawings/Style of drawings/1/W-50-1-A-0213.pdf,,DEVELOPMENT,READY_FOR_BLIND_VALIDATION,DEVELOPMENT,PAIR_PARTLY_VERIFIED: inget textlager att läsa ritningshuvudet ur (konturglyfer); facit ej lokalt
W-50-1-A0214,Drawings/Bluebeam - set 2/Without measurement/W-50-1-A-0214.pdf; Drawings/CVAT/W-50-1-A-0214.pdf,Drawings/Bluebeam - set 2/W-50-1-A-0214.pdf,Drawings/Bluebeam - set 2/W-50-1-A-0214.xlsx,Drawings/Bluebeam - set 2/W-50-1-A-0214.xml,,Drawings/Style of drawings/1/W-50-1-A-0214.pdf,,DEVELOPMENT,READY_FOR_BLIND_VALIDATION,DEVELOPMENT,PAIR_PARTLY_VERIFIED: inget textlager att läsa ritningshuvudet ur (konturglyfer); facit ej lokalt
W-50-1-A0221,Drawings/Bluebeam - set 2/Without measurement/W-50-1-A-0221.pdf; Drawings/CVAT/W-50-1-A-0221.pdf,Drawings/Bluebeam - set 2/W-50-1-A-0221.pdf,Drawings/Bluebeam - set 2/W-50-1-A-0221.xlsx,Drawings/Bluebeam - set 2/W-50-1-A-0221.xml,,Drawings/Style of drawings/1/W-50-1-A-0221.pdf,,DEVELOPMENT,READY_FOR_BLIND_VALIDATION,DEVELOPMENT,PAIR_PARTLY_VERIFIED: inget textlager att läsa ritningshuvudet ur (konturglyfer); facit ej lokalt
W-50-1-A0222,Drawings/Bluebeam - set 2/Without measurement/W-50-1-A-0222.pdf; Drawings/CVAT/W-50-1-A-0222.pdf,Drawings/Bluebeam - set 2/W-50-1-A-0222.pdf,Drawings/Bluebeam - set 2/W-50-1-A-0222.xlsx,Drawings/Bluebeam - set 2/W-50-1-A-0222.xml,,Drawings/Style of drawings/1/W-50-1-A-0222.pdf,,DEVELOPMENT,READY_FOR_BLIND_VALIDATION,DEVELOPMENT,PAIR_PARTLY_VERIFIED: inget textlager att läsa ritningshuvudet ur (konturglyfer); facit ej lokalt
W-50-1-A0223,Drawings/Bluebeam - set 2/Without measurement/W-50-1-A-0223.pdf; Drawings/CVAT/W-50-1-A-0223.pdf,Drawings/Bluebeam - set 2/W-50-1-A-0223.pdf,Drawings/Bluebeam - set 2/W-50-1-A-0223.xlsx,Drawings/Bluebeam - set 2/W-50-1-A-0223.xml,,Drawings/Style of drawings/1/W-50-1-A-0223.pdf,,DEVELOPMENT,READY_FOR_BLIND_VALIDATION,DEVELOPMENT,PAIR_PARTLY_VERIFIED: inget textlager att läsa ritningshuvudet ur (konturglyfer); facit ej lokalt
W-50-1-A0224,Drawings/Bluebeam - set 2/Without measurement/W-50-1-A-0224.pdf; Drawings/CVAT/W-50-1-A-0224.pdf,Drawings/Bluebeam - set 2/W-50-1-A-0224.pdf,Drawings/Bluebeam - set 2/W-50-1-A-0224.xlsx,Drawings/Bluebeam - set 2/W-50-1-A-0224.xml,,Drawings/Style of drawings/1/W-50-1-A-0224.pdf,,DEVELOPMENT,READY_FOR_BLIND_VALIDATION,DEVELOPMENT,PAIR_PARTLY_VERIFIED: inget textlager att läsa ritningshuvudet ur (konturglyfer); facit ej lokalt
W-50-1-A0231,Drawings/Bluebeam - set 2/Without measurement/W-50-1-A-0231.pdf; Drawings/CVAT/W-50-1-A-0231.pdf,Drawings/Bluebeam - set 2/W-50-1-A-0231.pdf,Drawings/Bluebeam - set 2/W-50-1-A-0231.xlsx,Drawings/Bluebeam - set 2/W-50-1-A-0231.xml,,Drawings/Style of drawings/1/W-50-1-A-0231.pdf,,DEVELOPMENT,READY_FOR_BLIND_VALIDATION,DEVELOPMENT,PAIR_PARTLY_VERIFIED: inget textlager att läsa ritningshuvudet ur (konturglyfer); facit ej lokalt
W-50-1-A0232,Drawings/Bluebeam - set 2/Without measurement/W-50-1-A-0232.pdf; Drawings/CVAT/W-50-1-A-0232.pdf,Drawings/Bluebeam - set 2/W-50-1-A-0232.pdf,Drawings/Bluebeam - set 2/W-50-1-A-0232.xlsx,Drawings/Bluebeam - set 2/W-50-1-A-0232.xml,,Drawings/Style of drawings/1/W-50-1-A-0232.pdf,,DEVELOPMENT,READY_FOR_BLIND_VALIDATION,DEVELOPMENT,PAIR_PARTLY_VERIFIED: inget textlager att läsa ritningshuvudet ur (konturglyfer); facit ej lokalt
W-50-1-A0233,Drawings/Bluebeam - set 2/Without measurement/W-50-1-A-0233.pdf; Drawings/CVAT/W-50-1-A-0233.pdf,Drawings/Bluebeam - set 2/W-50-1-A-0233.pdf,Drawings/Bluebeam - set 2/W-50-1-A-0233.xlsx,Drawings/Bluebeam - set 2/W-50-1-A-0233.xml,,Drawings/Style of drawings/1/W-50-1-A-0233.pdf,,DEVELOPMENT,READY_FOR_BLIND_VALIDATION,DEVELOPMENT,PAIR_PARTLY_VERIFIED: inget textlager att läsa ritningshuvudet ur (konturglyfer); facit ej lokalt
W-50-1-A0234,Drawings/Bluebeam - set 2/Without measurement/W-50-1-A-0234.pdf; Drawings/CVAT/W-50-1-A-0234.pdf,Drawings/Bluebeam - set 2/W-50-1-A-0234.pdf,Drawings/Bluebeam - set 2/W-50-1-A-0234.xlsx,Drawings/Bluebeam - set 2/W-50-1-A-0234.xml,,Drawings/Style of drawings/1/W-50-1-A-0234.pdf,,DEVELOPMENT,READY_FOR_BLIND_VALIDATION,DEVELOPMENT,PAIR_PARTLY_VERIFIED: inget textlager att läsa ritningshuvudet ur (konturglyfer); facit ej lokalt
W-50-1-A0311,Drawings/Bluebeam - set 2/Without measurement/W-50-1-A-0311.pdf; Drawings/CVAT/W-50-1-A-0311.pdf,Drawings/Bluebeam - set 2/W-50-1-A-0311.pdf,Drawings/Bluebeam - set 2/W-50-1-A-0311.xlsx,Drawings/Bluebeam - set 2/W-50-1-A-0311.xml,,Drawings/Style of drawings/1/W-50-1-A-0311.pdf,,DEVELOPMENT,READY_FOR_BLIND_VALIDATION,DEVELOPMENT,PAIR_PARTLY_VERIFIED: inget textlager att läsa ritningshuvudet ur (konturglyfer); facit ej lokalt
W-50-1-A0313,Drawings/Bluebeam - set 2/Without measurement/W-50-1-A-0313.pdf; Drawings/CVAT/W-50-1-A-0313.pdf,Drawings/Bluebeam - set 2/W-50-1-A-0313.pdf,Drawings/Bluebeam - set 2/W-50-1-A-0313.xlsx,Drawings/Bluebeam - set 2/W-50-1-A-0313.xml,,Drawings/Style of drawings/1/W-50-1-A-0313.pdf,,DEVELOPMENT,READY_FOR_BLIND_VALIDATION,DEVELOPMENT,PAIR_PARTLY_VERIFIED: inget textlager att läsa ritningshuvudet ur (konturglyfer); facit ej lokalt
W-50-1-A0314,Drawings/Bluebeam - set 2/Without measurement/W-50-1-A-0314.pdf; Drawings/CVAT/W-50-1-A-0314.pdf,Drawings/Bluebeam - set 2/W-50-1-A-0314.pdf,Drawings/Bluebeam - set 2/W-50-1-A-0314.xlsx,Drawings/Bluebeam - set 2/W-50-1-A-0314.xml,,Drawings/Style of drawings/1/W-50-1-A-0314.pdf,,DEVELOPMENT,READY_FOR_BLIND_VALIDATION,DEVELOPMENT,PAIR_PARTLY_VERIFIED: inget textlager att läsa ritningshuvudet ur (konturglyfer); facit ej lokalt
W-50-1-A0331,Drawings/Bluebeam - set 2/Without measurement/W-50-1-A-0331.pdf; Drawings/CVAT/W-50-1-A-0331.pdf,Drawings/Bluebeam - set 2/W-50-1-A-0331.pdf,Drawings/Bluebeam - set 2/W-50-1-A-0331.xlsx,Drawings/Bluebeam - set 2/W-50-1-A-0331.xml,,Drawings/Style of drawings/1/W-50-1-A-0331.pdf,,DEVELOPMENT,READY_FOR_BLIND_VALIDATION,DEVELOPMENT,PAIR_PARTLY_VERIFIED: inget textlager att läsa ritningshuvudet ur (konturglyfer); facit ej lokalt
W-50-1-A0332,Drawings/Bluebeam - set 2/Without measurement/W-50-1-A-0332.pdf; Drawings/CVAT/W-50-1-A-0332.pdf,Drawings/Bluebeam - set 2/W-50-1-A-0332.pdf,Drawings/Bluebeam - set 2/W-50-1-A-0332.xlsx,Drawings/Bluebeam - set 2/W-50-1-A-0332.xml,,Drawings/Style of drawings/1/W-50-1-A-0332.pdf,,DEVELOPMENT,READY_FOR_BLIND_VALIDATION,DEVELOPMENT,PAIR_VERIFIED_BY_CONTENT: inget textlager att läsa ritningshuvudet ur (konturglyfer)
W-50-1-A0333,Drawings/Bluebeam - set 2/Without measurement/W-50-1-A-0333.pdf; Drawings/CVAT/W-50-1-A-0333.pdf,Drawings/Bluebeam - set 2/W-50-1-A-0333.pdf,Drawings/Bluebeam - set 2/W-50-1-A-0333.xlsx,Drawings/Bluebeam - set 2/W-50-1-A-0333.xml,,Drawings/Style of drawings/1/W-50-1-A-0333.pdf,,DEVELOPMENT,READY_FOR_BLIND_VALIDATION,DEVELOPMENT,PAIR_PARTLY_VERIFIED: inget textlager att läsa ritningshuvudet ur (konturglyfer); facit ej lokalt
W-50-1-A0334,Drawings/Bluebeam - set 2/Without measurement/W-50-1-A-0334.pdf; Drawings/CVAT/W-50-1-A-0334.pdf,Drawings/Bluebeam - set 2/W-50-1-A-0334.pdf,Drawings/Bluebeam - set 2/W-50-1-A-0334.xlsx,Drawings/Bluebeam - set 2/W-50-1-A-0334.xml,,Drawings/Style of drawings/1/W-50-1-A-0334.pdf,,DEVELOPMENT,READY_FOR_BLIND_VALIDATION,DEVELOPMENT,PAIR_PARTLY_VERIFIED: inget textlager att läsa ritningshuvudet ur (konturglyfer); facit ej lokalt
W-50-1-AAA0011,,,,,,,,,UNPAIRED,UNEXPOSED_SO_FAR,NOT_A_PAIR
W-50-1-AAA0013,,,,,,,,,UNPAIRED,UNEXPOSED_SO_FAR,NOT_A_PAIR
W-50-1-ADD0024,,,,,,,,,UNPAIRED,UNEXPOSED_SO_FAR,NOT_A_PAIR
W-50-1-AEE0021,,,,,,,,,UNPAIRED,UNEXPOSED_SO_FAR,NOT_A_PAIR
W-50-1-ASD0033,,,,,,,,,UNPAIRED,UNEXPOSED_SO_FAR,NOT_A_PAIR
W-50-2-0110,,,,,,Drawings/Other drawings (different format)/Fyrens förskola/W-50-2-110.pdf,,,UNPAIRED,UNEXPOSED_SO_FAR,NOT_A_PAIR
W-50-8-0001,,,,,,Drawings/Other drawings (different format)/Fyrens förskola/W-50-8-001.pdf,,,UNPAIRED,UNEXPOSED_SO_FAR,NOT_A_PAIR
W-53-1-0110,,,,,,Drawings/Other drawings (different format)/Fyrens förskola/W-53-1-110.pdf,,,UNPAIRED,UNEXPOSED_SO_FAR,NOT_A_PAIR
W-53-1-0111,,,,,,Drawings/Other drawings (different format)/Fyrens förskola/W-53-1-111.pdf,,,UNPAIRED,UNEXPOSED_SO_FAR,NOT_A_PAIR
W-53-1-0112,,,,,,Drawings/Other drawings (different format)/Fyrens förskola/W-53-1-112.pdf,,,UNPAIRED,UNEXPOSED_SO_FAR,NOT_A_PAIR
W-53-1-0113,,,,,,Drawings/Other drawings (different format)/Fyrens förskola/W-53-1-113.pdf,,,UNPAIRED,UNEXPOSED_SO_FAR,NOT_A_PAIR
W-53-1-0211,,,,,,Drawings/Other drawings (different format)/Fyrens förskola/W-53-1-211.pdf,,,UNPAIRED,UNEXPOSED_SO_FAR,NOT_A_PAIR
W-56-1-0110,,,,,,Drawings/Other drawings (different format)/Fyrens förskola/W-56-1-110.pdf,,,UNPAIRED,UNEXPOSED_SO_FAR,NOT_A_PAIR
W-56-1-0111,,,,,,Drawings/Other drawings (different format)/Fyrens förskola/W-56-1-111.pdf,,,UNPAIRED,UNEXPOSED_SO_FAR,NOT_A_PAIR
W-56-1-0112,,,,,,Drawings/Other drawings (different format)/Fyrens förskola/W-56-1-112.pdf,,,UNPAIRED,UNEXPOSED_SO_FAR,NOT_A_PAIR
W-56-1-0113,,,,,,Drawings/Other drawings (different format)/Fyrens förskola/W-56-1-113.pdf,,,UNPAIRED,UNEXPOSED_SO_FAR,NOT_A_PAIR
W-56-5-0001,,,,,,Drawings/Other drawings (different format)/Fyrens förskola/W-56-5-001.pdf,,,UNPAIRED,UNEXPOSED_SO_FAR,NOT_A_PAIR
W-56-7-0533,,,,,,,,,UNPAIRED,UNEXPOSED_SO_FAR,NOT_A_PAIR
